{"type":"FeatureCollection","attribution":"© OpenStreetMap contributors","license":"https://opendatacommons.org/licenses/odbl/1-0/","source":"https://api.openstreetmap.org/api/0.6/map.json","retrievedAt":"2026-10-08T22:00:40.282815+00:00","bbox":[121.384,31.15,121.426,31.18],"features":[{"type":"Feature","properties":{"kind":"road","osmId":"way/8882129","name":"Hongmei Road","roadClass":"tertiary"},"geometry":{"type":"LineString","coordinates":[[121.392964,31.172529],[121.392666,31.172687],[121.39115,31.175317],[121.390555,31.177163]]}},{"type":"Feature","properties":{"kind":"road","osmId":"way/10305187","name":"Humin Elevated Road","roadClass":"trunk"},"geometry":{"type":"LineString","coordinates":[[121.415913,31.15106],[121.409717,31.145197]]}},{"type":"Feature","properties":{"kind":"road","osmId":"way/10360914","name":"Humin Elevated Road","roadClass":"trunk"},"geometry":{"type":"LineString","coordinates":[[121.424328,31.15908],[121.419562,31.154514]]}},{"type":"Feature","properties":{"kind":"road","osmId":"way/10587384","name":"Humin Elevated Road","roadClass":"trunk"},"geometry":{"type":"LineString","coordinates":[[121.424464,31.15904],[121.427311,31.161739],[121.428105,31.162666],[121.428709,31.163638],[121.429171,31.164804],[121.429446,31.165946],[121.431107,31.178943]]}},{"type":"Feature","properties":{"kind":"road","osmId":"way/24626396","name":"Tianchuan Road","roadClass":"residential"},"geometry":{"type":"LineString","coordinates":[[121.426497,31.176314],[121.425894,31.177594],[121.424781,31.179055]]}},{"type":"Feature","properties":{"kind":"road","osmId":"way/24626397","name":"Huashi Road","roadClass":"residential"},"geometry":{"type":"LineString","coordinates":[[121.423507,31.178582],[121.42439,31.17891]]}},{"type":"Feature","properties":{"kind":"road","osmId":"way/29402362","name":"Wanyuan Road","roadClass":"residential"},"geometry":{"type":"LineString","coordinates":[[121.388452,31.152689],[121.390185,31.146713]]}},{"type":"Feature","properties":{"kind":"road","osmId":"way/29473029","name":"Gulong Road","roadClass":"residential"},"geometry":{"type":"LineString","coordinates":[[121.393423,31.151223],[121.384751,31.148585]]}},{"type":"Feature","properties":{"kind":"road","osmId":"way/38853645","name":"Guijiang Road","roadClass":"residential"},"geometry":{"type":"LineString","coordinates":[[121.403718,31.1545],[121.402551,31.157127]]}},{"type":"Feature","properties":{"kind":"road","osmId":"way/38853647","name":"South Qinzhou Road","roadClass":"tertiary"},"geometry":{"type":"LineString","coordinates":[[121.401382,31.156737],[121.401743,31.156832]]}},{"type":"Feature","properties":{"kind":"road","osmId":"way/38853648","name":"South Qinzhou Road","roadClass":"residential"},"geometry":{"type":"LineString","coordinates":[[121.426342,31.163199],[121.424016,31.1629],[121.422936,31.162586]]}},{"type":"Feature","properties":{"kind":"road","osmId":"way/38853649","name":"Jiang'an Road","roadClass":"secondary"},"geometry":{"type":"LineString","coordinates":[[121.412011,31.151231],[121.410358,31.15047],[121.408014,31.149691]]}},{"type":"Feature","properties":{"kind":"road","osmId":"way/38853662","name":"Guiping Road","roadClass":"tertiary"},"geometry":{"type":"LineString","coordinates":[[121.408014,31.149691],[121.407734,31.150381]]}},{"type":"Feature","properties":{"kind":"road","osmId":"way/38866846","name":"Tianlin Road","roadClass":"tertiary"},"geometry":{"type":"LineString","coordinates":[[121.399108,31.169683],[121.401752,31.170157]]}},{"type":"Feature","properties":{"kind":"road","osmId":"way/38867851","name":"Liuzhou Road","roadClass":"tertiary"},"geometry":{"type":"LineString","coordinates":[[121.416016,31.182233],[121.415913,31.180448],[121.416132,31.17923]]}},{"type":"Feature","properties":{"kind":"road","osmId":"way/38868881","name":"Old Humin Road","roadClass":"secondary"},"geometry":{"type":"LineString","coordinates":[[121.420499,31.152852],[121.419479,31.154145]]}},{"type":"Feature","properties":{"kind":"road","osmId":"way/38868886","name":"Guanshengyuan Road","roadClass":"tertiary"},"geometry":{"type":"LineString","coordinates":[[121.41463,31.164647],[121.414747,31.164651]]}},{"type":"Feature","properties":{"kind":"road","osmId":"way/38870000","name":"Guilin Road","roadClass":"secondary"},"geometry":{"type":"LineString","coordinates":[[121.419239,31.154427],[121.417192,31.156935]]}},{"type":"Feature","properties":{"kind":"road","osmId":"way/38871167","roadClass":"residential"},"geometry":{"type":"LineString","coordinates":[[121.421585,31.174444],[121.420626,31.176369],[121.420193,31.178028],[121.420006,31.178396],[121.418936,31.17913]]}},{"type":"Feature","properties":{"kind":"park","osmId":"way/38872537"},"geometry":{"type":"Polygon","coordinates":[[[121.420249,31.177599],[121.419856,31.177596],[121.419858,31.177315],[121.419528,31.177294],[121.419541,31.176839],[121.419869,31.176845],[121.419968,31.176475],[121.420445,31.176654],[121.420249,31.177599]]]}},{"type":"Feature","properties":{"kind":"park","osmId":"way/38873040","name":"田林中心绿地"},"geometry":{"type":"Polygon","coordinates":[[[121.420438,31.177206],[121.420761,31.176209],[121.422596,31.17671],[121.422431,31.177036],[121.421782,31.176866],[121.421515,31.17748],[121.420886,31.177341],[121.42071,31.177146],[121.420438,31.177206]]]}},{"type":"Feature","properties":{"kind":"road","osmId":"way/39961040","name":"Pubei Road","roadClass":"residential"},"geometry":{"type":"LineString","coordinates":[[121.404602,31.152504],[121.406581,31.153113]]}},{"type":"Feature","properties":{"kind":"road","osmId":"way/39961084","name":"West Guilin Street","roadClass":"residential"},"geometry":{"type":"LineString","coordinates":[[121.415871,31.158632],[121.412695,31.157598],[121.412227,31.157174],[121.412083,31.156706],[121.412696,31.154651],[121.413021,31.153994],[121.413399,31.153595],[121.414002,31.153377],[121.414533,31.153399],[121.416028,31.154272]]}},{"type":"Feature","properties":{"kind":"road","osmId":"way/39961090","name":"East Guilin Street","roadClass":"residential"},"geometry":{"type":"LineString","coordinates":[[121.418135,31.155642],[121.420738,31.157526],[121.420971,31.157879],[121.421068,31.158262],[121.421052,31.158634],[121.420906,31.159001],[121.42061,31.159333],[121.420116,31.159606],[121.419302,31.159706],[121.416385,31.158798]]}},{"type":"Feature","properties":{"kind":"road","osmId":"way/39961169","name":"Baihua Street","roadClass":"residential"},"geometry":{"type":"LineString","coordinates":[[121.409798,31.156141],[121.408008,31.155552],[121.407693,31.155198],[121.407559,31.154609],[121.407982,31.153481],[121.408432,31.152702],[121.409777,31.151507],[121.410217,31.150815],[121.410441,31.150125],[121.4105,31.149516],[121.410423,31.148916],[121.41026,31.148577]]}},{"type":"Feature","properties":{"kind":"waterway","osmId":"way/44136475","name":"野奴泾"},"geometry":{"type":"LineString","coordinates":[[121.373801,31.195062],[121.373942,31.194546],[121.374304,31.194122],[121.374919,31.193734],[121.375802,31.192911],[121.375927,31.192027],[121.376866,31.190879],[121.377915,31.190074],[121.378088,31.189502],[121.379651,31.18749],[121.380303,31.186857],[121.382531,31.183919],[121.383229,31.183498],[121.385483,31.181623],[121.386741,31.18049],[121.387828,31.17918]]}},{"type":"Feature","properties":{"kind":"road","osmId":"way/49804276","name":"Hongcao Road","roadClass":"secondary"},"geometry":{"type":"LineString","coordinates":[[121.407519,31.166172],[121.407475,31.166288]]}},{"type":"Feature","properties":{"kind":"road","osmId":"way/68313224","name":"Cangwu Road","roadClass":"tertiary"},"geometry":{"type":"LineString","coordinates":[[121.405534,31.182066],[121.406705,31.178552]]}},{"type":"Feature","properties":{"kind":"road","osmId":"way/68313226","name":"Qinjiang Road","roadClass":"residential"},"geometry":{"type":"LineString","coordinates":[[121.404229,31.178126],[121.401076,31.177549]]}},{"type":"Feature","properties":{"kind":"road","osmId":"way/68867612","name":"Middle Ring Road","roadClass":"trunk"},"geometry":{"type":"LineString","coordinates":[[121.398304,31.163164],[121.4014,31.155781]]}},{"type":"Feature","properties":{"kind":"road","osmId":"way/69059186","name":"Tianlin Road","roadClass":"tertiary"},"geometry":{"type":"LineString","coordinates":[[121.388155,31.166746],[121.381391,31.16464]]}},{"type":"Feature","properties":{"kind":"road","osmId":"way/69555386","name":"Caobao Road","roadClass":"primary"},"geometry":{"type":"LineString","coordinates":[[121.413985,31.168763],[121.413493,31.16861],[121.409861,31.166772]]}},{"type":"Feature","properties":{"kind":"road","osmId":"way/69705610","name":"Caobao Road Tunnel","roadClass":"trunk"},"geometry":{"type":"LineString","coordinates":[[121.397471,31.164945],[121.397979,31.164007],[121.398304,31.163164]]}},{"type":"Feature","properties":{"kind":"road","osmId":"way/69705611","name":"Middle Ring Road","roadClass":"trunk"},"geometry":{"type":"LineString","coordinates":[[121.397643,31.164964],[121.39493,31.169343]]}},{"type":"Feature","properties":{"kind":"road","osmId":"way/69705612","name":"Caobao Road Tunnel","roadClass":"trunk"},"geometry":{"type":"LineString","coordinates":[[121.398459,31.163207],[121.397643,31.164964]]}},{"type":"Feature","properties":{"kind":"road","osmId":"way/69705614","name":"Yishan Road Tunnel","roadClass":"trunk"},"geometry":{"type":"LineString","coordinates":[[121.393984,31.170981],[121.393063,31.173399]]}},{"type":"Feature","properties":{"kind":"road","osmId":"way/69705615","name":"Yishan Road Tunnel","roadClass":"trunk"},"geometry":{"type":"LineString","coordinates":[[121.392897,31.173362],[121.393385,31.171883],[121.393845,31.170921]]}},{"type":"Feature","properties":{"kind":"road","osmId":"way/69705617","name":"Middle Ring Road","roadClass":"trunk"},"geometry":{"type":"LineString","coordinates":[[121.393063,31.173399],[121.391333,31.179519]]}},{"type":"Feature","properties":{"kind":"road","osmId":"way/69709343","name":"Humin Elevated Road","roadClass":"trunk"},"geometry":{"type":"LineString","coordinates":[[121.419641,31.154433],[121.424464,31.15904]]}},{"type":"Feature","properties":{"kind":"road","osmId":"way/69720355","name":"Gumei Road","roadClass":"residential"},"geometry":{"type":"LineString","coordinates":[[121.395641,31.158997],[121.396998,31.15538]]}},{"type":"Feature","properties":{"kind":"road","osmId":"way/70220815","name":"Middle Ring Road","roadClass":"trunk"},"geometry":{"type":"LineString","coordinates":[[121.390445,31.182036],[121.391057,31.17988]]}},{"type":"Feature","properties":{"kind":"road","osmId":"way/70438941","name":"Guiqing Road","roadClass":"tertiary"},"geometry":{"type":"LineString","coordinates":[[121.402655,31.165249],[121.402158,31.168158]]}},{"type":"Feature","properties":{"kind":"road","osmId":"way/70651470","name":"Middle Ring Road","roadClass":"trunk"},"geometry":{"type":"LineString","coordinates":[[121.39479,31.169265],[121.397471,31.164945]]}},{"type":"Feature","properties":{"kind":"road","osmId":"way/70651746","name":"Jialing Road","roadClass":"residential"},"geometry":{"type":"LineString","coordinates":[[121.425669,31.150389],[121.425637,31.150445]]}},{"type":"Feature","properties":{"kind":"road","osmId":"way/70651918","name":"Middle Ring Road","roadClass":"trunk"},"geometry":{"type":"LineString","coordinates":[[121.401567,31.155852],[121.398459,31.163207]]}},{"type":"Feature","properties":{"kind":"road","osmId":"way/70986070","name":"Humin Elevated Road","roadClass":"trunk"},"geometry":{"type":"LineString","coordinates":[[121.431247,31.180841],[121.429317,31.165961],[121.429042,31.164811],[121.428565,31.163685],[121.428075,31.162907],[121.427222,31.161842],[121.424328,31.15908]]}},{"type":"Feature","properties":{"kind":"waterway","osmId":"way/71392598","name":"蒲汇塘"},"geometry":{"type":"LineString","coordinates":[[121.374978,31.17531],[121.378918,31.176816],[121.388234,31.179236],[121.389047,31.179603],[121.391674,31.179708],[121.392615,31.179847],[121.397121,31.181118]]}},{"type":"Feature","properties":{"kind":"road","osmId":"way/72836021","name":"West Huanzhen Road","roadClass":"residential"},"geometry":{"type":"LineString","coordinates":[[121.385112,31.180091],[121.385923,31.179392],[121.386296,31.178925]]}},{"type":"Feature","properties":{"kind":"road","osmId":"way/72859416","name":"Tianzhou Road","roadClass":"residential"},"geometry":{"type":"LineString","coordinates":[[121.392631,31.165414],[121.388986,31.164289]]}},{"type":"Feature","properties":{"kind":"road","osmId":"way/75009862","name":"Old Humin Road","roadClass":"secondary"},"geometry":{"type":"LineString","coordinates":[[121.421795,31.151232],[121.420499,31.152852]]}},{"type":"Feature","properties":{"kind":"waterway","osmId":"way/85711507","name":"蒲汇塘"},"geometry":{"type":"LineString","coordinates":[[121.410239,31.184037],[121.419917,31.183402],[121.421516,31.18264],[121.42246,31.181832],[121.425454,31.177738],[121.426162,31.176481],[121.426312,31.17604],[121.426496,31.175309],[121.426588,31.172517],[121.4263,31.171839],[121.426297,31.171583],[121.426495,31.17103],[121.426494,31.168954],[121.427061,31.168548],[121.426914,31.167033],[121.427467,31.16571]]}},{"type":"Feature","properties":{"kind":"waterway","osmId":"way/91528666","name":"漕河泾港"},"geometry":{"type":"LineString","coordinates":[[121.41459,31.16632],[121.415255,31.166636],[121.416843,31.166819],[121.417798,31.16681],[121.418634,31.166948],[121.418935,31.166691],[121.419632,31.166782],[121.420179,31.166461],[121.42049,31.165993],[121.420939,31.165857],[121.421239,31.165891],[121.422014,31.16624],[121.422376,31.166283],[121.423801,31.165929],[121.424223,31.165575],[121.424388,31.165545],[121.42681,31.165526],[121.427467,31.16571]]}},{"type":"Feature","properties":{"kind":"road","osmId":"way/91568767","name":"Caobao Road","roadClass":"primary"},"geometry":{"type":"LineString","coordinates":[[121.38269,31.158945],[121.38322,31.158842],[121.384862,31.159292],[121.387078,31.160134],[121.389127,31.161051],[121.389993,31.161326]]}},{"type":"Feature","properties":{"kind":"waterway","osmId":"way/91978597","name":"张家塘港"},"geometry":{"type":"LineString","coordinates":[[121.386879,31.138995],[121.391411,31.13922],[121.394154,31.138739],[121.397468,31.139292],[121.398181,31.139873],[121.399119,31.140449],[121.403984,31.14249],[121.405062,31.143608],[121.40517,31.143976],[121.405148,31.144453],[121.404612,31.146161],[121.404675,31.146617],[121.407187,31.147718],[121.408496,31.148163],[121.409392,31.148388],[121.410341,31.148457],[121.41283,31.149707],[121.413758,31.149877],[121.414461,31.150128],[121.414751,31.150386]]}},{"type":"Feature","properties":{"kind":"road","osmId":"way/93864593","name":"Liuzhou Road","roadClass":"tertiary"},"geometry":{"type":"LineString","coordinates":[[121.421469,31.162063],[121.422037,31.161289],[121.422804,31.160588]]}},{"type":"Feature","properties":{"kind":"road","osmId":"way/93864597","name":"Liuzhou Road","roadClass":"tertiary"},"geometry":{"type":"LineString","coordinates":[[121.422872,31.160645],[121.422114,31.161321],[121.421531,31.162125]]}},{"type":"Feature","properties":{"kind":"road","osmId":"way/93866644","roadClass":"residential"},"geometry":{"type":"LineString","coordinates":[[121.424178,31.159416],[121.424311,31.159187]]}},{"type":"Feature","properties":{"kind":"road","osmId":"way/93866645","roadClass":"residential"},"geometry":{"type":"LineString","coordinates":[[121.42734,31.157167],[121.427345,31.15734],[121.426979,31.157452],[121.424773,31.15921]]}},{"type":"Feature","properties":{"kind":"road","osmId":"way/93872047","name":"Old Humin Road","roadClass":"secondary"},"geometry":{"type":"LineString","coordinates":[[121.421724,31.151189],[121.42379,31.148673]]}},{"type":"Feature","properties":{"kind":"road","osmId":"way/93872054","name":"Old Humin Road","roadClass":"secondary"},"geometry":{"type":"LineString","coordinates":[[121.420419,31.152815],[121.421724,31.151189]]}},{"type":"Feature","properties":{"kind":"road","osmId":"way/93872056","name":"Old Humin Road","roadClass":"secondary"},"geometry":{"type":"LineString","coordinates":[[121.419293,31.154195],[121.419387,31.154104]]}},{"type":"Feature","properties":{"kind":"road","osmId":"way/93872628","roadClass":"unclassified"},"geometry":{"type":"LineString","coordinates":[[121.423111,31.149596],[121.422749,31.150218],[121.421657,31.151608],[121.421399,31.151651],[121.42137,31.151441],[121.422495,31.150069],[121.423035,31.149552]]}},{"type":"Feature","properties":{"kind":"road","osmId":"way/93872631","roadClass":"unclassified"},"geometry":{"type":"LineString","coordinates":[[121.419293,31.154195],[121.419326,31.154047]]}},{"type":"Feature","properties":{"kind":"waterway","osmId":"way/95207480","name":"西上澳塘港"},"geometry":{"type":"LineString","coordinates":[[121.399696,31.181889],[121.400464,31.178431],[121.401116,31.177066],[121.401051,31.175807],[121.403019,31.165562],[121.403119,31.165229],[121.403756,31.164252]]}},{"type":"Feature","properties":{"kind":"road","osmId":"way/95775639","name":"Guiguo Road","roadClass":"tertiary"},"geometry":{"type":"LineString","coordinates":[[121.394074,31.176282],[121.396834,31.170129],[121.396919,31.169029],[121.39761,31.168334],[121.399233,31.164703]]}},{"type":"Feature","properties":{"kind":"road","osmId":"way/97660558","name":"West Huanzhen Road","roadClass":"residential"},"geometry":{"type":"LineString","coordinates":[[121.386296,31.178925],[121.386439,31.178684]]}},{"type":"Feature","properties":{"kind":"road","osmId":"way/97660559","name":"Hongmei Road","roadClass":"tertiary"},"geometry":{"type":"LineString","coordinates":[[121.389858,31.179571],[121.389777,31.179842]]}},{"type":"Feature","properties":{"kind":"road","osmId":"way/97660560","name":"Lianhua Road","roadClass":"secondary"},"geometry":{"type":"LineString","coordinates":[[121.384438,31.178418],[121.384077,31.179563]]}},{"type":"Feature","properties":{"kind":"road","osmId":"way/97660561","name":"West Huanzhen Road","roadClass":"residential"},"geometry":{"type":"LineString","coordinates":[[121.386439,31.178684],[121.387643,31.176561]]}},{"type":"Feature","properties":{"kind":"road","osmId":"way/97660563","name":"Lianhua Road","roadClass":"secondary"},"geometry":{"type":"LineString","coordinates":[[121.38453,31.178131],[121.384438,31.178418]]}},{"type":"Feature","properties":{"kind":"road","osmId":"way/100323281","name":"West Guilin Street","roadClass":"residential"},"geometry":{"type":"LineString","coordinates":[[121.416028,31.154272],[121.416408,31.154519]]}},{"type":"Feature","properties":{"kind":"road","osmId":"way/100323285","name":"Guilin Road","roadClass":"secondary"},"geometry":{"type":"LineString","coordinates":[[121.416178,31.158111],[121.416483,31.157718]]}},{"type":"Feature","properties":{"kind":"road","osmId":"way/100323290","name":"Guilin Road","roadClass":"secondary"},"geometry":{"type":"LineString","coordinates":[[121.417126,31.156897],[121.419182,31.154359]]}},{"type":"Feature","properties":{"kind":"road","osmId":"way/100323300","name":"Guilin Road","roadClass":"secondary"},"geometry":{"type":"LineString","coordinates":[[121.416484,31.157848],[121.4162,31.158211]]}},{"type":"Feature","properties":{"kind":"road","osmId":"way/100323307","name":"West Guilin Street","roadClass":"residential"},"geometry":{"type":"LineString","coordinates":[[121.416408,31.154519],[121.418135,31.155642]]}},{"type":"Feature","properties":{"kind":"road","osmId":"way/100323308","name":"Guilin Road","roadClass":"secondary"},"geometry":{"type":"LineString","coordinates":[[121.415148,31.162178],[121.414747,31.164651]]}},{"type":"Feature","properties":{"kind":"road","osmId":"way/100323309","name":"Pubei Road","roadClass":"tertiary"},"geometry":{"type":"LineString","coordinates":[[121.416117,31.15629],[121.41637,31.156453]]}},{"type":"Feature","properties":{"kind":"road","osmId":"way/104758662","name":"Middle Ring Road","roadClass":"trunk"},"geometry":{"type":"LineString","coordinates":[[121.391233,31.179889],[121.390609,31.182075]]}},{"type":"Feature","properties":{"kind":"road","osmId":"way/104758663","name":"Middle Ring Road","roadClass":"trunk"},"geometry":{"type":"LineString","coordinates":[[121.391333,31.179519],[121.391233,31.179889]]}},{"type":"Feature","properties":{"kind":"road","osmId":"way/104758664","name":"Hongxu Road","roadClass":"primary"},"geometry":{"type":"LineString","coordinates":[[121.390671,31.180738],[121.390884,31.179871]]}},{"type":"Feature","properties":{"kind":"road","osmId":"way/104758665","name":"Hongxu Road","roadClass":"primary"},"geometry":{"type":"LineString","coordinates":[[121.390884,31.179871],[121.390994,31.1795]]}},{"type":"Feature","properties":{"kind":"road","osmId":"way/104758667","name":"Hongxu Road","roadClass":"primary"},"geometry":{"type":"LineString","coordinates":[[121.390994,31.1795],[121.392964,31.172529]]}},{"type":"Feature","properties":{"kind":"road","osmId":"way/104758669","name":"Middle Ring Road","roadClass":"trunk"},"geometry":{"type":"LineString","coordinates":[[121.391162,31.17951],[121.392897,31.173362]]}},{"type":"Feature","properties":{"kind":"road","osmId":"way/104758670","name":"Hongxu Road","roadClass":"primary"},"geometry":{"type":"LineString","coordinates":[[121.391407,31.179898],[121.391187,31.180601]]}},{"type":"Feature","properties":{"kind":"road","osmId":"way/104758675","name":"Hongxu Road","roadClass":"primary"},"geometry":{"type":"LineString","coordinates":[[121.391509,31.179526],[121.391407,31.179898]]}},{"type":"Feature","properties":{"kind":"road","osmId":"way/104758677","name":"Middle Ring Road","roadClass":"trunk"},"geometry":{"type":"LineString","coordinates":[[121.391057,31.17988],[121.391162,31.17951]]}},{"type":"Feature","properties":{"kind":"road","osmId":"way/131465613","name":"Pubei Road","roadClass":"residential"},"geometry":{"type":"LineString","coordinates":[[121.422872,31.160645],[121.423661,31.161212],[121.426881,31.162228]]}},{"type":"Feature","properties":{"kind":"road","osmId":"way/135626749","name":"Hechuan Road","roadClass":"primary"},"geometry":{"type":"LineString","coordinates":[[121.38435,31.152499],[121.38348,31.155922]]}},{"type":"Feature","properties":{"kind":"road","osmId":"way/135626752","name":"South Qinzhou Road","roadClass":"tertiary"},"geometry":{"type":"LineString","coordinates":[[121.402215,31.156947],[121.404624,31.157534]]}},{"type":"Feature","properties":{"kind":"road","osmId":"way/135626753","name":"Hongmei Road","roadClass":"primary"},"geometry":{"type":"LineString","coordinates":[[121.401454,31.155363],[121.404348,31.148525]]}},{"type":"Feature","properties":{"kind":"road","osmId":"way/135626758","name":"Yishan Road","roadClass":"secondary"},"geometry":{"type":"LineString","coordinates":[[121.40147,31.174262],[121.401202,31.174203]]}},{"type":"Feature","properties":{"kind":"road","osmId":"way/135626762","name":"Caobao Road","roadClass":"primary"},"geometry":{"type":"LineString","coordinates":[[121.407519,31.166172],[121.409874,31.166678],[121.413948,31.168664]]}},{"type":"Feature","properties":{"kind":"road","osmId":"way/135626763","name":"Tianlin Road","roadClass":"tertiary"},"geometry":{"type":"LineString","coordinates":[[121.402266,31.170259],[121.406116,31.170996]]}},{"type":"Feature","properties":{"kind":"road","osmId":"way/135626764","name":"South Qinzhou Road","roadClass":"tertiary"},"geometry":{"type":"LineString","coordinates":[[121.40172,31.156916],[121.401348,31.156822]]}},{"type":"Feature","properties":{"kind":"road","osmId":"way/135626766","name":"Caobao Road","roadClass":"primary"},"geometry":{"type":"LineString","coordinates":[[121.402996,31.16531],[121.403237,31.165355]]}},{"type":"Feature","properties":{"kind":"road","osmId":"way/135626767","name":"LianHua Road","roadClass":"secondary"},"geometry":{"type":"LineString","coordinates":[[121.392432,31.154152],[121.392305,31.154535]]}},{"type":"Feature","properties":{"kind":"road","osmId":"way/135626768","name":"Wanyuan Road","roadClass":"residential"},"geometry":{"type":"LineString","coordinates":[[121.388324,31.153125],[121.388452,31.152689]]}},{"type":"Feature","properties":{"kind":"road","osmId":"way/135626769","name":"Qinjiang Road","roadClass":"residential"},"geometry":{"type":"LineString","coordinates":[[121.398605,31.177095],[121.397419,31.176876]]}},{"type":"Feature","properties":{"kind":"road","osmId":"way/135626770","name":"Wanyuan Road","roadClass":"residential"},"geometry":{"type":"LineString","coordinates":[[121.387321,31.156673],[121.388217,31.153504]]}},{"type":"Feature","properties":{"kind":"road","osmId":"way/135626772","name":"Hongmei Road","roadClass":"primary"},"geometry":{"type":"LineString","coordinates":[[121.401281,31.155767],[121.401454,31.155363]]}},{"type":"Feature","properties":{"kind":"road","osmId":"way/135626773","name":"South Qinzhou Road","roadClass":"tertiary"},"geometry":{"type":"LineString","coordinates":[[121.401987,31.156981],[121.40172,31.156916]]}},{"type":"Feature","properties":{"kind":"road","osmId":"way/135626776","name":"Hongmei Road","roadClass":"primary"},"geometry":{"type":"LineString","coordinates":[[121.401382,31.156737],[121.399767,31.160482],[121.399242,31.162477],[121.398289,31.164344],[121.397933,31.165463],[121.397558,31.165717],[121.396495,31.1672],[121.394422,31.170392],[121.393891,31.17142],[121.393497,31.172535]]}},{"type":"Feature","properties":{"kind":"road","osmId":"way/135626777","name":"South Qinzhou Road","roadClass":"tertiary"},"geometry":{"type":"LineString","coordinates":[[121.401743,31.156832],[121.402016,31.156898]]}},{"type":"Feature","properties":{"kind":"road","osmId":"way/135626778","name":"Guiping Road","roadClass":"tertiary"},"geometry":{"type":"LineString","coordinates":[[121.403919,31.158808],[121.401608,31.162858],[121.400616,31.164873]]}},{"type":"Feature","properties":{"kind":"road","osmId":"way/135626779","name":"Caobao Road","roadClass":"primary"},"geometry":{"type":"LineString","coordinates":[[121.40321,31.165428],[121.402961,31.16538]]}},{"type":"Feature","properties":{"kind":"road","osmId":"way/135626780","name":"Caobao Road","roadClass":"primary"},"geometry":{"type":"LineString","coordinates":[[121.402961,31.16538],[121.40055,31.165022]]}},{"type":"Feature","properties":{"kind":"road","osmId":"way/135626782","name":"Qinjiang Road","roadClass":"residential"},"geometry":{"type":"LineString","coordinates":[[121.401076,31.177549],[121.400751,31.177489]]}},{"type":"Feature","properties":{"kind":"road","osmId":"way/135626783","name":"Guiping Road","roadClass":"tertiary"},"geometry":{"type":"LineString","coordinates":[[121.404066,31.15853],[121.403919,31.158808]]}},{"type":"Feature","properties":{"kind":"road","osmId":"way/135626787","name":"Tianlin Road","roadClass":"tertiary"},"geometry":{"type":"LineString","coordinates":[[121.402004,31.170205],[121.402266,31.170259]]}},{"type":"Feature","properties":{"kind":"road","osmId":"way/135626788","name":"North Qinzhou Road","roadClass":"tertiary"},"geometry":{"type":"LineString","coordinates":[[121.396307,31.179399],[121.399571,31.18035]]}},{"type":"Feature","properties":{"kind":"road","osmId":"way/135626790","name":"Lianhua Road","roadClass":"secondary"},"geometry":{"type":"LineString","coordinates":[[121.392521,31.153887],[121.392432,31.154152]]}},{"type":"Feature","properties":{"kind":"road","osmId":"way/135626792","name":"Yishan Road","roadClass":"secondary"},"geometry":{"type":"LineString","coordinates":[[121.416913,31.177724],[121.41564,31.177204],[121.411638,31.176264]]}},{"type":"Feature","properties":{"kind":"road","osmId":"way/135626793","name":"Humin Road","roadClass":"primary"},"geometry":{"type":"LineString","coordinates":[[121.424719,31.159159],[121.424773,31.15921]]}},{"type":"Feature","properties":{"kind":"road","osmId":"way/135626794","name":"Gumei Road","roadClass":"residential"},"geometry":{"type":"LineString","coordinates":[[121.396998,31.15538],[121.397138,31.15501]]}},{"type":"Feature","properties":{"kind":"road","osmId":"way/135626795","name":"Hongmei Road","roadClass":"primary"},"geometry":{"type":"LineString","coordinates":[[121.401895,31.155495],[121.401726,31.155898]]}},{"type":"Feature","properties":{"kind":"road","osmId":"way/135627165","name":"Wuzhong Road","roadClass":"secondary"},"geometry":{"type":"LineString","coordinates":[[121.384077,31.179563],[121.380966,31.178733]]}},{"type":"Feature","properties":{"kind":"park","osmId":"way/161299050"},"geometry":{"type":"Polygon","coordinates":[[[121.394602,31.172199],[121.395192,31.172391],[121.395082,31.17269],[121.395561,31.172758],[121.396767,31.170077],[121.39664,31.169294],[121.395994,31.16917],[121.394602,31.172199]]]}},{"type":"Feature","properties":{"kind":"park","osmId":"way/161299051"},"geometry":{"type":"Polygon","coordinates":[[[121.396951,31.168788],[121.39677,31.169052],[121.39619,31.168931],[121.396759,31.167703],[121.396823,31.167278],[121.396737,31.167122],[121.397472,31.165878],[121.397856,31.16564],[121.398132,31.165266],[121.39829,31.164554],[121.398411,31.164526],[121.399096,31.164818],[121.397546,31.168263],[121.396951,31.168788]]]}},{"type":"Feature","properties":{"kind":"road","osmId":"way/162259815","name":"Hongmei Road","roadClass":"primary"},"geometry":{"type":"LineString","coordinates":[[121.397851,31.163912],[121.401281,31.155767]]}},{"type":"Feature","properties":{"kind":"road","osmId":"way/162259820","name":"Hongxu Road","roadClass":"primary"},"geometry":{"type":"LineString","coordinates":[[121.393455,31.172635],[121.391509,31.179526]]}},{"type":"Feature","properties":{"kind":"park","osmId":"way/202758815","name":"Guilin Park"},"geometry":{"type":"Polygon","coordinates":[[[121.413844,31.168573],[121.41393,31.168516],[121.41422,31.166439],[121.412825,31.166053],[121.412187,31.167749],[121.413844,31.168573]]]}},{"type":"Feature","properties":{"kind":"road","osmId":"way/230239443","name":"East Tianlin Road","roadClass":"tertiary"},"geometry":{"type":"LineString","coordinates":[[121.425096,31.175788],[121.419322,31.173564]]}},{"type":"Feature","properties":{"kind":"road","osmId":"way/230239444","name":"Huashi Road","roadClass":"residential"},"geometry":{"type":"LineString","coordinates":[[121.42439,31.17891],[121.424662,31.179012]]}},{"type":"Feature","properties":{"kind":"road","osmId":"way/230239445","name":"Huashi Road","roadClass":"residential"},"geometry":{"type":"LineString","coordinates":[[121.424662,31.179012],[121.42659,31.179698],[121.428084,31.17997],[121.429185,31.180652],[121.429935,31.180877]]}},{"type":"Feature","properties":{"kind":"road","osmId":"way/230239447","name":"South Hongcao Road","roadClass":"secondary"},"geometry":{"type":"LineString","coordinates":[[121.407867,31.165232],[121.408001,31.164846]]}},{"type":"Feature","properties":{"kind":"road","osmId":"way/230239448","name":"South Hongcao Road","roadClass":"secondary"},"geometry":{"type":"LineString","coordinates":[[121.408001,31.164846],[121.409177,31.158727]]}},{"type":"Feature","properties":{"kind":"road","osmId":"way/230244499","name":"Pubei Road","roadClass":"tertiary"},"geometry":{"type":"LineString","coordinates":[[121.417192,31.156935],[121.420953,31.159156],[121.421867,31.159819]]}},{"type":"Feature","properties":{"kind":"road","osmId":"way/230244500","name":"Pubei Road","roadClass":"tertiary"},"geometry":{"type":"LineString","coordinates":[[121.406581,31.153113],[121.41063,31.154129]]}},{"type":"Feature","properties":{"kind":"road","osmId":"way/230244501","name":"South Qinzhou Road","roadClass":"tertiary"},"geometry":{"type":"LineString","coordinates":[[121.409177,31.158727],[121.404584,31.157607]]}},{"type":"Feature","properties":{"kind":"road","osmId":"way/230348924","name":"Hefa Road","roadClass":"residential"},"geometry":{"type":"LineString","coordinates":[[121.399843,31.179062],[121.396612,31.178399]]}},{"type":"Feature","properties":{"kind":"road","osmId":"way/230348926","name":"Shanglin Road","roadClass":"residential"},"geometry":{"type":"LineString","coordinates":[[121.39946,31.173846],[121.398605,31.177095]]}},{"type":"Feature","properties":{"kind":"road","osmId":"way/230349953","name":"Pingguo Road","roadClass":"residential"},"geometry":{"type":"LineString","coordinates":[[121.40128,31.172354],[121.396248,31.171396]]}},{"type":"Feature","properties":{"kind":"road","osmId":"way/230349954","roadClass":"residential"},"geometry":{"type":"LineString","coordinates":[[121.402551,31.177818],[121.402158,31.17939]]}},{"type":"Feature","properties":{"kind":"road","osmId":"way/230350699","name":"Meigou Road","roadClass":"residential"},"geometry":{"type":"LineString","coordinates":[[121.397558,31.165717],[121.398626,31.166049]]}},{"type":"Feature","properties":{"kind":"road","osmId":"way/230350700","name":"Quanzhou Road","roadClass":"residential"},"geometry":{"type":"LineString","coordinates":[[121.402158,31.168158],[121.39963,31.167679]]}},{"type":"Feature","properties":{"kind":"road","osmId":"way/230477506","name":"Yizhou Road","roadClass":"residential"},"geometry":{"type":"LineString","coordinates":[[121.402354,31.174448],[121.403364,31.170447]]}},{"type":"Feature","properties":{"kind":"road","osmId":"way/230477507","name":"195 Tianlin Road","roadClass":"residential"},"geometry":{"type":"LineString","coordinates":[[121.403364,31.170447],[121.403865,31.168497]]}},{"type":"Feature","properties":{"kind":"road","osmId":"way/230491004","name":"East Guilin Street","roadClass":"residential"},"geometry":{"type":"LineString","coordinates":[[121.416385,31.158798],[121.416092,31.158704]]}},{"type":"Feature","properties":{"kind":"road","osmId":"way/230491005","name":"East Guilin Street","roadClass":"residential"},"geometry":{"type":"LineString","coordinates":[[121.416092,31.158704],[121.415871,31.158632]]}},{"type":"Feature","properties":{"kind":"road","osmId":"way/230491006","name":"Guijiang Branch Road","roadClass":"residential"},"geometry":{"type":"LineString","coordinates":[[121.402475,31.1541],[121.403718,31.1545]]}},{"type":"Feature","properties":{"kind":"road","osmId":"way/230491007","name":"South Hongcao Road","roadClass":"secondary"},"geometry":{"type":"LineString","coordinates":[[121.407519,31.166172],[121.407867,31.165232]]}},{"type":"Feature","properties":{"kind":"road","osmId":"way/230491009","roadClass":"residential"},"geometry":{"type":"LineString","coordinates":[[121.408263,31.163421],[121.40458,31.162819]]}},{"type":"Feature","properties":{"kind":"road","osmId":"way/230493745","name":"Guanshengyuan Road","roadClass":"tertiary"},"geometry":{"type":"LineString","coordinates":[[121.420881,31.16511],[121.425366,31.165373],[121.426486,31.165341]]}},{"type":"Feature","properties":{"kind":"road","osmId":"way/230493747","name":"Kangjian Road","roadClass":"residential"},"geometry":{"type":"LineString","coordinates":[[121.426737,31.167436],[121.422883,31.167412],[121.420664,31.167177]]}},{"type":"Feature","properties":{"kind":"road","osmId":"way/230493750","name":"Liuzhou Road","roadClass":"tertiary"},"geometry":{"type":"LineString","coordinates":[[121.420881,31.16511],[121.421095,31.163263],[121.421441,31.162244]]}},{"type":"Feature","properties":{"kind":"road","osmId":"way/230493751","name":"Liuzhou Road","roadClass":"tertiary"},"geometry":{"type":"LineString","coordinates":[[121.42079,31.165979],[121.420813,31.16576]]}},{"type":"Feature","properties":{"kind":"road","osmId":"way/230493754","name":"Xiqin Road","roadClass":"residential"},"geometry":{"type":"LineString","coordinates":[[121.423446,31.165259],[121.423421,31.165899]]}},{"type":"Feature","properties":{"kind":"road","osmId":"way/230493755","name":"Xiqin Road","roadClass":"residential"},"geometry":{"type":"LineString","coordinates":[[121.423421,31.165899],[121.423419,31.166161]]}},{"type":"Feature","properties":{"kind":"road","osmId":"way/230493756","name":"Xiqin Road","roadClass":"residential"},"geometry":{"type":"LineString","coordinates":[[121.423419,31.166161],[121.423382,31.167424]]}},{"type":"Feature","properties":{"kind":"road","osmId":"way/230493997","name":"Xiqin Road","roadClass":"residential"},"geometry":{"type":"LineString","coordinates":[[121.423382,31.167424],[121.423311,31.169925]]}},{"type":"Feature","properties":{"kind":"road","osmId":"way/230568343","name":"Kangjian Road","roadClass":"residential"},"geometry":{"type":"LineString","coordinates":[[121.420688,31.166953],[121.420278,31.166598],[121.419688,31.16686],[121.419031,31.166904],[121.418599,31.167083],[121.417826,31.16688],[121.41673,31.166938],[121.415255,31.166728],[121.414347,31.166383]]}},{"type":"Feature","properties":{"kind":"road","osmId":"way/232167214","name":"Humin Elevated Road","roadClass":"trunk"},"geometry":{"type":"LineString","coordinates":[[121.409811,31.145135],[121.415053,31.150096]]}},{"type":"Feature","properties":{"kind":"road","osmId":"way/232167217","name":"Middle Ring Road","roadClass":"trunk"},"geometry":{"type":"LineString","coordinates":[[121.40975,31.138654],[121.40823,31.141159],[121.404541,31.148767],[121.402745,31.153026]]}},{"type":"Feature","properties":{"kind":"road","osmId":"way/232167218","name":"Middle Ring Road","roadClass":"trunk"},"geometry":{"type":"LineString","coordinates":[[121.402584,31.152978],[121.404394,31.148723],[121.408111,31.140943],[121.409637,31.138599]]}},{"type":"Feature","properties":{"kind":"road","osmId":"way/240826955","name":"South Huanzhen Road","roadClass":"tertiary"},"geometry":{"type":"LineString","coordinates":[[121.381739,31.175313],[121.385172,31.176041]]}},{"type":"Feature","properties":{"kind":"road","osmId":"way/240833369","name":"Yishan Road","roadClass":"secondary"},"geometry":{"type":"LineString","coordinates":[[121.398013,31.173538],[121.393455,31.172635]]}},{"type":"Feature","properties":{"kind":"road","osmId":"way/240841079","roadClass":"residential"},"geometry":{"type":"LineString","coordinates":[[121.386042,31.167304],[121.38597,31.167452],[121.385797,31.167391],[121.385868,31.167243],[121.386042,31.167304]]}},{"type":"Feature","properties":{"kind":"road","osmId":"way/240841080","roadClass":"residential"},"geometry":{"type":"LineString","coordinates":[[121.382781,31.166344],[121.3856,31.167237]]}},{"type":"Feature","properties":{"kind":"road","osmId":"way/240841081","roadClass":"residential"},"geometry":{"type":"LineString","coordinates":[[121.385816,31.167589],[121.38576,31.16772]]}},{"type":"Feature","properties":{"kind":"road","osmId":"way/240841082","roadClass":"residential"},"geometry":{"type":"LineString","coordinates":[[121.386264,31.167454],[121.386534,31.167599],[121.386632,31.167884],[121.386257,31.168785],[121.386106,31.168938],[121.385735,31.168998],[121.384117,31.168473]]}},{"type":"Feature","properties":{"kind":"road","osmId":"way/240841083","roadClass":"residential"},"geometry":{"type":"LineString","coordinates":[[121.385797,31.167391],[121.3856,31.167237]]}},{"type":"Feature","properties":{"kind":"road","osmId":"way/240841084","roadClass":"residential"},"geometry":{"type":"LineString","coordinates":[[121.38597,31.167452],[121.385816,31.167589]]}},{"type":"Feature","properties":{"kind":"road","osmId":"way/240841085","roadClass":"residential"},"geometry":{"type":"LineString","coordinates":[[121.386264,31.167454],[121.38597,31.167452]]}},{"type":"Feature","properties":{"kind":"road","osmId":"way/240841086","roadClass":"residential"},"geometry":{"type":"LineString","coordinates":[[121.385816,31.167589],[121.385797,31.167391]]}},{"type":"Feature","properties":{"kind":"road","osmId":"way/240841087","roadClass":"residential"},"geometry":{"type":"LineString","coordinates":[[121.3856,31.167237],[121.385868,31.167243]]}},{"type":"Feature","properties":{"kind":"road","osmId":"way/240841088","roadClass":"residential"},"geometry":{"type":"LineString","coordinates":[[121.386042,31.167304],[121.386264,31.167454]]}},{"type":"Feature","properties":{"kind":"road","osmId":"way/240841089","roadClass":"residential"},"geometry":{"type":"LineString","coordinates":[[121.38645,31.16622],[121.386042,31.167304]]}},{"type":"Feature","properties":{"kind":"road","osmId":"way/240841090","roadClass":"residential"},"geometry":{"type":"LineString","coordinates":[[121.385868,31.167243],[121.386362,31.166193]]}},{"type":"Feature","properties":{"kind":"road","osmId":"way/240980007","name":"Hechuan Road","roadClass":"primary"},"geometry":{"type":"LineString","coordinates":[[121.384531,31.151732],[121.384448,31.15209]]}},{"type":"Feature","properties":{"kind":"road","osmId":"way/240980009","name":"Hechuan Road","roadClass":"primary"},"geometry":{"type":"LineString","coordinates":[[121.386054,31.145542],[121.384531,31.151732]]}},{"type":"Feature","properties":{"kind":"road","osmId":"way/240980011","name":"Hongmei Road","roadClass":"tertiary"},"geometry":{"type":"LineString","coordinates":[[121.388541,31.182026],[121.389486,31.180536],[121.389777,31.179842]]}},{"type":"Feature","properties":{"kind":"road","osmId":"way/240980013","name":"LianHua Road","roadClass":"secondary"},"geometry":{"type":"LineString","coordinates":[[121.38621,31.172684],[121.385172,31.176041]]}},{"type":"Feature","properties":{"kind":"road","osmId":"way/240980015","name":"South Huanzhen Road","roadClass":"tertiary"},"geometry":{"type":"LineString","coordinates":[[121.387643,31.176561],[121.390555,31.177163]]}},{"type":"Feature","properties":{"kind":"road","osmId":"way/240985546","name":"Donglan Road","roadClass":"residential"},"geometry":{"type":"LineString","coordinates":[[121.391212,31.15777],[121.387321,31.156673]]}},{"type":"Feature","properties":{"kind":"road","osmId":"way/240985551","name":"Pingnan Road","roadClass":"tertiary"},"geometry":{"type":"LineString","coordinates":[[121.400824,31.156836],[121.400618,31.156659],[121.392305,31.154535]]}},{"type":"Feature","properties":{"kind":"road","osmId":"way/240985552","name":"Pingnan Road","roadClass":"tertiary"},"geometry":{"type":"LineString","coordinates":[[121.388241,31.15342],[121.400647,31.156576],[121.400963,31.156511]]}},{"type":"Feature","properties":{"kind":"road","osmId":"way/253924913","name":"Guiguo Road","roadClass":"residential"},"geometry":{"type":"LineString","coordinates":[[121.393152,31.178504],[121.394074,31.176282]]}},{"type":"Feature","properties":{"kind":"road","osmId":"way/253924914","name":"Guiping Road","roadClass":"tertiary"},"geometry":{"type":"LineString","coordinates":[[121.39963,31.167679],[121.40055,31.165022]]}},{"type":"Feature","properties":{"kind":"road","osmId":"way/253924915","name":"Hongcao Road","roadClass":"secondary"},"geometry":{"type":"LineString","coordinates":[[121.407475,31.166288],[121.406703,31.168582],[121.406116,31.170996]]}},{"type":"Feature","properties":{"kind":"park","osmId":"way/256182986","name":"Kangjian Garden"},"geometry":{"type":"Polygon","coordinates":[[[121.414913,31.166394],[121.415255,31.166636],[121.416843,31.166819],[121.417798,31.16681],[121.418634,31.166948],[121.418935,31.166691],[121.419632,31.166782],[121.420179,31.166461],[121.42049,31.165993],[121.420642,31.165927],[121.420661,31.165739],[121.42017,31.165539],[121.420203,31.16514],[121.416159,31.164744],[121.415123,31.164752],[121.414913,31.166394]]]}},{"type":"Feature","properties":{"kind":"park","osmId":"way/256190539"},"geometry":{"type":"Polygon","coordinates":[[[121.425338,31.175793],[121.426127,31.17604],[121.426244,31.175803],[121.426432,31.174097],[121.425912,31.174066],[121.425708,31.174788],[121.425274,31.175626],[121.425338,31.175793]]]}},{"type":"Feature","properties":{"kind":"park","osmId":"way/339693055"},"geometry":{"type":"Polygon","coordinates":[[[121.412411,31.153948],[121.412844,31.154081],[121.412919,31.153861],[121.412519,31.153714],[121.412411,31.153948]]]}},{"type":"Feature","properties":{"kind":"road","osmId":"way/403355368","roadClass":"residential"},"geometry":{"type":"LineString","coordinates":[[121.402366,31.168199],[121.402158,31.168158]]}},{"type":"Feature","properties":{"kind":"road","osmId":"way/403355371","roadClass":"residential"},"geometry":{"type":"LineString","coordinates":[[121.40259,31.168244],[121.402366,31.168199]]}},{"type":"Feature","properties":{"kind":"road","osmId":"way/403355374","roadClass":"residential"},"geometry":{"type":"LineString","coordinates":[[121.406575,31.169062],[121.40259,31.168244]]}},{"type":"Feature","properties":{"kind":"water","osmId":"way/406937047"},"geometry":{"type":"Polygon","coordinates":[[[121.413748,31.167265],[121.413989,31.167271],[121.414024,31.167167],[121.413865,31.167098],[121.413748,31.167265]]]}},{"type":"Feature","properties":{"kind":"water","osmId":"way/406937048"},"geometry":{"type":"Polygon","coordinates":[[[121.412461,31.167575],[121.412668,31.167639],[121.41273,31.167451],[121.412518,31.167389],[121.412461,31.167575]]]}},{"type":"Feature","properties":{"kind":"park","osmId":"way/407109910"},"geometry":{"type":"Polygon","coordinates":[[[121.416271,31.166107],[121.416598,31.166043],[121.416654,31.16586],[121.416552,31.165727],[121.41643,31.165664],[121.416188,31.166046],[121.416271,31.166107]]]}},{"type":"Feature","properties":{"kind":"water","osmId":"way/407109913"},"geometry":{"type":"Polygon","coordinates":[[[121.416544,31.166397],[121.417153,31.166449],[121.417075,31.166213],[121.416928,31.16625],[121.416866,31.166124],[121.416955,31.165954],[121.417223,31.165825],[121.417185,31.165724],[121.417319,31.165465],[121.417574,31.165481],[121.417821,31.165816],[121.417885,31.166351],[121.418564,31.16633],[121.418572,31.166133],[121.418038,31.166195],[121.418046,31.165889],[121.418454,31.165906],[121.418432,31.166073],[121.418596,31.166064],[121.418524,31.165832],[121.420007,31.165759],[121.420031,31.165373],[121.419513,31.165313],[121.419063,31.165511],[121.419063,31.165646],[121.417934,31.165782],[121.417807,31.16574],[121.417571,31.165387],[121.417419,31.165357],[121.417271,31.165405],[121.417129,31.165681],[121.416922,31.165547],[121.41678,31.165577],[121.416764,31.165896],[121.416453,31.166273],[121.416544,31.166397]]]}},{"type":"Feature","properties":{"kind":"road","osmId":"way/492979882","name":"Pubei Road","roadClass":"tertiary"},"geometry":{"type":"LineString","coordinates":[[121.41063,31.154129],[121.412696,31.154651],[121.41365,31.154994],[121.416117,31.15629]]}},{"type":"Feature","properties":{"kind":"road","osmId":"way/492979883","name":"Caobao Road","roadClass":"primary"},"geometry":{"type":"LineString","coordinates":[[121.409861,31.166772],[121.407475,31.166288]]}},{"type":"Feature","properties":{"kind":"road","osmId":"way/492979885","name":"South Hongcao Road","roadClass":"secondary"},"geometry":{"type":"LineString","coordinates":[[121.41063,31.154129],[121.411453,31.152145],[121.412011,31.151231]]}},{"type":"Feature","properties":{"kind":"road","osmId":"way/492979886","name":"Cangwu Road","roadClass":"tertiary"},"geometry":{"type":"LineString","coordinates":[[121.408809,31.171518],[121.408908,31.17071],[121.409861,31.166772]]}},{"type":"Feature","properties":{"kind":"road","osmId":"way/492979887","name":"Liuzhou Road","roadClass":"tertiary"},"geometry":{"type":"LineString","coordinates":[[121.420008,31.171695],[121.420405,31.169534]]}},{"type":"Feature","properties":{"kind":"road","osmId":"way/492979888","name":"South Qinzhou Road","roadClass":"tertiary"},"geometry":{"type":"LineString","coordinates":[[121.409189,31.158648],[121.415478,31.160148]]}},{"type":"Feature","properties":{"kind":"road","osmId":"way/492979889","name":"Guiping Road","roadClass":"tertiary"},"geometry":{"type":"LineString","coordinates":[[121.404624,31.157534],[121.404584,31.157607]]}},{"type":"Feature","properties":{"kind":"road","osmId":"way/492979890","name":"South Hongcao Road","roadClass":"secondary"},"geometry":{"type":"LineString","coordinates":[[121.409189,31.158648],[121.409639,31.156639],[121.41063,31.154129]]}},{"type":"Feature","properties":{"kind":"road","osmId":"way/492979891","name":"South Qinzhou Road","roadClass":"tertiary"},"geometry":{"type":"LineString","coordinates":[[121.404624,31.157534],[121.409189,31.158648]]}},{"type":"Feature","properties":{"kind":"road","osmId":"way/492979892","name":"Liuzhou Road","roadClass":"tertiary"},"geometry":{"type":"LineString","coordinates":[[121.416981,31.177627],[121.419322,31.173564]]}},{"type":"Feature","properties":{"kind":"road","osmId":"way/492979893","name":"Cangwu Road","roadClass":"tertiary"},"geometry":{"type":"LineString","coordinates":[[121.409861,31.166772],[121.409874,31.166678]]}},{"type":"Feature","properties":{"kind":"road","osmId":"way/492979894","name":"Guiping Road","roadClass":"tertiary"},"geometry":{"type":"LineString","coordinates":[[121.406581,31.153113],[121.404624,31.157534]]}},{"type":"Feature","properties":{"kind":"road","osmId":"way/492979895","name":"Yishan Road","roadClass":"secondary"},"geometry":{"type":"LineString","coordinates":[[121.420913,31.182652],[121.419771,31.180483],[121.419201,31.179622],[121.41847,31.178816],[121.417592,31.178126],[121.416913,31.177724]]}},{"type":"Feature","properties":{"kind":"road","osmId":"way/492979896","name":"Tianlin Road","roadClass":"tertiary"},"geometry":{"type":"LineString","coordinates":[[121.408809,31.171518],[121.413072,31.172345]]}},{"type":"Feature","properties":{"kind":"road","osmId":"way/492981118","name":"Hongcao Road","roadClass":"secondary"},"geometry":{"type":"LineString","coordinates":[[121.404229,31.178126],[121.403734,31.180631],[121.403412,31.181453]]}},{"type":"Feature","properties":{"kind":"road","osmId":"way/492981119","name":"Tianlin Road","roadClass":"tertiary"},"geometry":{"type":"LineString","coordinates":[[121.406116,31.170996],[121.408809,31.171518]]}},{"type":"Feature","properties":{"kind":"road","osmId":"way/492981120","name":"Caobao Road","roadClass":"primary"},"geometry":{"type":"LineString","coordinates":[[121.407475,31.166288],[121.40321,31.165428]]}},{"type":"Feature","properties":{"kind":"water","osmId":"way/542053329"},"geometry":{"type":"Polygon","coordinates":[[[121.416857,31.174043],[121.41715,31.174176],[121.4172,31.174126],[121.416931,31.173995],[121.416857,31.174043]]]}},{"type":"Feature","properties":{"kind":"road","osmId":"way/542054843","name":"Guilin Road","roadClass":"secondary"},"geometry":{"type":"LineString","coordinates":[[121.413948,31.168664],[121.41463,31.164647]]}},{"type":"Feature","properties":{"kind":"waterway","osmId":"way/543801429","name":"张家塘港"},"geometry":{"type":"LineString","coordinates":[[121.414751,31.150386],[121.414856,31.150308]]}},{"type":"Feature","properties":{"kind":"waterway","osmId":"way/543906273","name":"东上澳塘港"},"geometry":{"type":"LineString","coordinates":[[121.414751,31.150386],[121.414997,31.150605],[121.415555,31.151927],[121.416135,31.153892],[121.416285,31.154792],[121.416201,31.156951],[121.416349,31.158409],[121.415577,31.161513],[121.414815,31.166415]]}},{"type":"Feature","properties":{"kind":"waterway","osmId":"way/544116966","name":"高门泾"},"geometry":{"type":"LineString","coordinates":[[121.377353,31.17035],[121.386022,31.172488]]}},{"type":"Feature","properties":{"kind":"waterway","osmId":"way/544116968","name":"船浜"},"geometry":{"type":"LineString","coordinates":[[121.392178,31.160104],[121.386844,31.15874],[121.384389,31.157877],[121.382323,31.157685]]}},{"type":"Feature","properties":{"kind":"waterway","osmId":"way/544116969","name":"漕河泾港"},"geometry":{"type":"LineString","coordinates":[[121.383803,31.151732],[121.39912,31.155725],[121.400962,31.155405],[121.402194,31.155868],[121.402219,31.156018],[121.401428,31.157837],[121.401464,31.157942],[121.402183,31.158243],[121.404554,31.158867],[121.404821,31.159108],[121.404969,31.159433],[121.404412,31.16284],[121.403756,31.164252]]}},{"type":"Feature","properties":{"kind":"waterway","osmId":"way/561214080","name":"张家塘港"},"geometry":{"type":"LineString","coordinates":[[121.414856,31.150308],[121.41734,31.148505]]}},{"type":"Feature","properties":{"kind":"road","osmId":"way/564001864","roadClass":"residential"},"geometry":{"type":"LineString","coordinates":[[121.418084,31.175738],[121.420527,31.176643]]}},{"type":"Feature","properties":{"kind":"road","osmId":"way/619193202","roadClass":"residential"},"geometry":{"type":"LineString","coordinates":[[121.392067,31.166376],[121.393996,31.167219]]}},{"type":"Feature","properties":{"kind":"road","osmId":"way/619193203","roadClass":"unclassified"},"geometry":{"type":"LineString","coordinates":[[121.39342,31.168213],[121.393819,31.167389],[121.394741,31.166696],[121.395307,31.165057]]}},{"type":"Feature","properties":{"kind":"water","osmId":"way/637808223","name":"学思湖"},"geometry":{"type":"Polygon","coordinates":[[[121.416933,31.163576],[121.4173,31.163628],[121.41748,31.16292],[121.417946,31.162967],[121.417946,31.162789],[121.417831,31.162686],[121.416894,31.162686],[121.416933,31.163576]]]}},{"type":"Feature","properties":{"kind":"water","osmId":"way/652412717"},"geometry":{"type":"Polygon","coordinates":[[[121.388537,31.130736],[121.388646,31.131059],[121.388029,31.13401],[121.385976,31.141863],[121.385864,31.142629],[121.383638,31.151636],[121.383941,31.151641],[121.385396,31.145445],[121.387108,31.138853],[121.388119,31.134035],[121.38828,31.133919],[121.388673,31.13232],[121.388808,31.132249],[121.388872,31.132041],[121.388765,31.131881],[121.389065,31.130813],[121.388537,31.130736]]]}},{"type":"Feature","properties":{"kind":"water","osmId":"way/652412723"},"geometry":{"type":"Polygon","coordinates":[[[121.387108,31.138853],[121.391329,31.139103],[121.394282,31.138641],[121.397624,31.139251],[121.397956,31.139567],[121.399561,31.140541],[121.403891,31.142325],[121.405078,31.143397],[121.405289,31.143805],[121.405312,31.14421],[121.404743,31.146184],[121.404804,31.146582],[121.405722,31.1469],[121.406888,31.147525],[121.408989,31.148202],[121.409479,31.148319],[121.410231,31.148274],[121.410522,31.148353],[121.413005,31.14964],[121.413628,31.149712],[121.414419,31.149966],[121.415098,31.150539],[121.415917,31.1526],[121.41633,31.154294],[121.416376,31.155295],[121.41627,31.157128],[121.416431,31.158395],[121.415606,31.16171],[121.414909,31.166327],[121.414679,31.166154],[121.414771,31.166065],[121.415256,31.162646],[121.415499,31.161322],[121.416277,31.158325],[121.416073,31.156967],[121.416218,31.15547],[121.416042,31.153827],[121.415346,31.151646],[121.414754,31.150497],[121.41437,31.150154],[121.413438,31.149855],[121.412808,31.149781],[121.41032,31.148504],[121.409408,31.148501],[121.408856,31.148373],[121.406818,31.147708],[121.405543,31.147058],[121.4047,31.146747],[121.404538,31.146604],[121.404506,31.146386],[121.405089,31.144156],[121.404945,31.143525],[121.403799,31.1425],[121.399608,31.140795],[121.398375,31.140155],[121.397301,31.139355],[121.394233,31.138801],[121.391323,31.139283],[121.387024,31.139056],[121.387108,31.138853]]]}},{"type":"Feature","properties":{"kind":"road","osmId":"way/654530828","name":"Yishan Road","roadClass":"secondary"},"geometry":{"type":"LineString","coordinates":[[121.411638,31.176264],[121.407743,31.175521]]}},{"type":"Feature","properties":{"kind":"road","osmId":"way/654530829","name":"Guilin Road","roadClass":"secondary"},"geometry":{"type":"LineString","coordinates":[[121.411638,31.176264],[121.410769,31.178562]]}},{"type":"Feature","properties":{"kind":"road","osmId":"way/654530830","name":"Guilin Road","roadClass":"secondary"},"geometry":{"type":"LineString","coordinates":[[121.41051,31.179274],[121.4099,31.181297],[121.409723,31.182577]]}},{"type":"Feature","properties":{"kind":"road","osmId":"way/654530831","name":"Guiqing Road","roadClass":"tertiary"},"geometry":{"type":"LineString","coordinates":[[121.400943,31.174149],[121.400205,31.177389]]}},{"type":"Feature","properties":{"kind":"road","osmId":"way/654530833","name":"Qinjiang Road","roadClass":"residential"},"geometry":{"type":"LineString","coordinates":[[121.400751,31.177489],[121.400205,31.177389]]}},{"type":"Feature","properties":{"kind":"road","osmId":"way/654530834","name":"Guiqing Road","roadClass":"tertiary"},"geometry":{"type":"LineString","coordinates":[[121.400205,31.177389],[121.399571,31.18035]]}},{"type":"Feature","properties":{"kind":"road","osmId":"way/654530835","name":"Yishan Road","roadClass":"secondary"},"geometry":{"type":"LineString","coordinates":[[121.401202,31.174203],[121.400943,31.174149]]}},{"type":"Feature","properties":{"kind":"road","osmId":"way/654530836","name":"Yishan Road","roadClass":"secondary"},"geometry":{"type":"LineString","coordinates":[[121.389788,31.171509],[121.386864,31.17057]]}},{"type":"Feature","properties":{"kind":"road","osmId":"way/654530837","name":"Gumei Road","roadClass":"tertiary"},"geometry":{"type":"LineString","coordinates":[[121.391306,31.167683],[121.394192,31.162759]]}},{"type":"Feature","properties":{"kind":"road","osmId":"way/654530838","name":"Hongmei Road","roadClass":"primary"},"geometry":{"type":"LineString","coordinates":[[121.393513,31.171246],[121.394814,31.168983]]}},{"type":"Feature","properties":{"kind":"road","osmId":"way/654530839","name":"Caobao Road","roadClass":"primary"},"geometry":{"type":"LineString","coordinates":[[121.397728,31.164148],[121.394192,31.162759]]}},{"type":"Feature","properties":{"kind":"road","osmId":"way/654530840","name":"Caobao Road","roadClass":"primary"},"geometry":{"type":"LineString","coordinates":[[121.40055,31.165022],[121.399233,31.164703],[121.397728,31.164148]]}},{"type":"Feature","properties":{"kind":"road","osmId":"way/654530841","name":"Hongmei Road","roadClass":"primary"},"geometry":{"type":"LineString","coordinates":[[121.393005,31.172433],[121.39328,31.171765]]}},{"type":"Feature","properties":{"kind":"road","osmId":"way/655451180","name":"Yishan Road","roadClass":"secondary"},"geometry":{"type":"LineString","coordinates":[[121.392964,31.172529],[121.389788,31.171509]]}},{"type":"Feature","properties":{"kind":"road","osmId":"way/655451181","name":"Yishan Road","roadClass":"secondary"},"geometry":{"type":"LineString","coordinates":[[121.400943,31.174149],[121.398013,31.173538]]}},{"type":"Feature","properties":{"kind":"road","osmId":"way/655451182","name":"Guiping Road","roadClass":"tertiary"},"geometry":{"type":"LineString","coordinates":[[121.397071,31.176813],[121.398013,31.173538]]}},{"type":"Feature","properties":{"kind":"road","osmId":"way/655451183","name":"Guiping Road","roadClass":"tertiary"},"geometry":{"type":"LineString","coordinates":[[121.396307,31.179399],[121.397071,31.176813]]}},{"type":"Feature","properties":{"kind":"road","osmId":"way/655451184","name":"Qinjiang Road","roadClass":"residential"},"geometry":{"type":"LineString","coordinates":[[121.397071,31.176813],[121.394074,31.176282]]}},{"type":"Feature","properties":{"kind":"road","osmId":"way/655451185","name":"Qinjiang Road","roadClass":"residential"},"geometry":{"type":"LineString","coordinates":[[121.41051,31.179274],[121.406705,31.178552]]}},{"type":"Feature","properties":{"kind":"road","osmId":"way/655451186","name":"Cangwu Road","roadClass":"tertiary"},"geometry":{"type":"LineString","coordinates":[[121.406705,31.178552],[121.407743,31.175521]]}},{"type":"Feature","properties":{"kind":"road","osmId":"way/655451190","name":"Guilin Road","roadClass":"secondary"},"geometry":{"type":"LineString","coordinates":[[121.413072,31.172345],[121.411671,31.176165]]}},{"type":"Feature","properties":{"kind":"road","osmId":"way/655451191","name":"Tianlin Road","roadClass":"tertiary"},"geometry":{"type":"LineString","coordinates":[[121.413072,31.172345],[121.419322,31.173564]]}},{"type":"Feature","properties":{"kind":"road","osmId":"way/664078700","name":"Tianlin Road","roadClass":"tertiary"},"geometry":{"type":"LineString","coordinates":[[121.401752,31.170157],[121.402004,31.170205]]}},{"type":"Feature","properties":{"kind":"road","osmId":"way/664078701","name":"Guiqing Road","roadClass":"tertiary"},"geometry":{"type":"LineString","coordinates":[[121.401752,31.170157],[121.400965,31.174029]]}},{"type":"Feature","properties":{"kind":"road","osmId":"way/664078702","name":"Caobao Road","roadClass":"primary"},"geometry":{"type":"LineString","coordinates":[[121.402655,31.165249],[121.402996,31.16531]]}},{"type":"Feature","properties":{"kind":"road","osmId":"way/664078708","name":"Yishan Road","roadClass":"tertiary"},"geometry":{"type":"LineString","coordinates":[[121.386864,31.17057],[121.380077,31.168386]]}},{"type":"Feature","properties":{"kind":"road","osmId":"way/667118962","name":"Shilong Road","roadClass":"secondary"},"geometry":{"type":"LineString","coordinates":[[121.427078,31.151872],[121.425637,31.150445]]}},{"type":"Feature","properties":{"kind":"road","osmId":"way/705377102","name":"LianHua Road","roadClass":"secondary"},"geometry":{"type":"LineString","coordinates":[[121.389885,31.161633],[121.388155,31.166746]]}},{"type":"Feature","properties":{"kind":"road","osmId":"way/705377103","name":"LianHua Road","roadClass":"secondary"},"geometry":{"type":"LineString","coordinates":[[121.390582,31.159614],[121.390534,31.159756]]}},{"type":"Feature","properties":{"kind":"road","osmId":"way/705377104","roadClass":"primary"},"geometry":{"type":"LineString","coordinates":[[121.403703,31.150035],[121.40402,31.14972],[121.404357,31.149159],[121.404531,31.149166]]}},{"type":"Feature","properties":{"kind":"road","osmId":"way/705377105","name":"Hongmei Road","roadClass":"primary"},"geometry":{"type":"LineString","coordinates":[[121.404531,31.149166],[121.402475,31.1541]]}},{"type":"Feature","properties":{"kind":"road","osmId":"way/766165347","roadClass":"residential"},"geometry":{"type":"LineString","coordinates":[[121.422471,31.150585],[121.425678,31.152963]]}},{"type":"Feature","properties":{"kind":"road","osmId":"way/766165348","roadClass":"residential"},"geometry":{"type":"LineString","coordinates":[[121.42414,31.151823],[121.424302,31.151767]]}},{"type":"Feature","properties":{"kind":"road","osmId":"way/834095914","name":"South Qinzhou Road","roadClass":"tertiary"},"geometry":{"type":"LineString","coordinates":[[121.415969,31.160305],[121.421469,31.162063]]}},{"type":"Feature","properties":{"kind":"road","osmId":"way/834095915","name":"South Qinzhou Road","roadClass":"tertiary"},"geometry":{"type":"LineString","coordinates":[[121.415781,31.160245],[121.415969,31.160305]]}},{"type":"Feature","properties":{"kind":"road","osmId":"way/836772020","name":"South Qinzhou Road","roadClass":"tertiary"},"geometry":{"type":"LineString","coordinates":[[121.415977,31.160398],[121.415734,31.160321]]}},{"type":"Feature","properties":{"kind":"road","osmId":"way/836772021","name":"South Qinzhou Road","roadClass":"tertiary"},"geometry":{"type":"LineString","coordinates":[[121.421531,31.162125],[121.421429,31.162148]]}},{"type":"Feature","properties":{"kind":"road","osmId":"way/836818599","roadClass":"residential"},"geometry":{"type":"LineString","coordinates":[[121.387726,31.155238],[121.386231,31.154883],[121.385639,31.154411],[121.38604,31.152944]]}},{"type":"Feature","properties":{"kind":"road","osmId":"way/836821011","roadClass":"residential"},"geometry":{"type":"LineString","coordinates":[[121.385639,31.154411],[121.38397,31.153984]]}},{"type":"Feature","properties":{"kind":"road","osmId":"way/865659117","name":"Middle Ring Road","roadClass":"trunk"},"geometry":{"type":"LineString","coordinates":[[121.401577,31.155358],[121.402584,31.152978]]}},{"type":"Feature","properties":{"kind":"road","osmId":"way/865659118","name":"Middle Ring Road","roadClass":"trunk"},"geometry":{"type":"LineString","coordinates":[[121.4014,31.155781],[121.401577,31.155358]]}},{"type":"Feature","properties":{"kind":"road","osmId":"way/865659119","name":"Middle Ring Road","roadClass":"trunk"},"geometry":{"type":"LineString","coordinates":[[121.402745,31.153026],[121.401745,31.155429]]}},{"type":"Feature","properties":{"kind":"road","osmId":"way/865659120","name":"Middle Ring Road","roadClass":"trunk"},"geometry":{"type":"LineString","coordinates":[[121.401745,31.155429],[121.401567,31.155852]]}},{"type":"Feature","properties":{"kind":"road","osmId":"way/867540314","roadClass":"residential"},"geometry":{"type":"LineString","coordinates":[[121.383898,31.168316],[121.384117,31.168473],[121.383836,31.168456]]}},{"type":"Feature","properties":{"kind":"park","osmId":"way/868402196"},"geometry":{"type":"Polygon","coordinates":[[[121.404637,31.14921],[121.40473,31.148898],[121.404955,31.148838],[121.405889,31.14913],[121.405935,31.149269],[121.403768,31.154237],[121.4036,31.154361],[121.40261,31.154025],[121.404193,31.150149],[121.404441,31.150225],[121.404819,31.149293],[121.404637,31.14921]]]}},{"type":"Feature","properties":{"kind":"park","osmId":"way/868402197"},"geometry":{"type":"Polygon","coordinates":[[[121.402106,31.156787],[121.402479,31.155896],[121.401938,31.155592],[121.402531,31.154201],[121.403521,31.154529],[121.402568,31.156855],[121.402465,31.156907],[121.402106,31.156787]]]}},{"type":"Feature","properties":{"kind":"road","osmId":"way/868440440","name":"Yishan Road Tunnel","roadClass":"trunk"},"geometry":{"type":"LineString","coordinates":[[121.39493,31.169343],[121.393984,31.170981]]}},{"type":"Feature","properties":{"kind":"road","osmId":"way/868440441","name":"Yishan Road Tunnel","roadClass":"trunk"},"geometry":{"type":"LineString","coordinates":[[121.393845,31.170921],[121.39479,31.169265]]}},{"type":"Feature","properties":{"kind":"park","osmId":"way/868440442"},"geometry":{"type":"Polygon","coordinates":[[[121.394325,31.17293],[121.395287,31.173106],[121.394801,31.174425],[121.393849,31.174137],[121.394325,31.17293]]]}},{"type":"Feature","properties":{"kind":"park","osmId":"way/869091992"},"geometry":{"type":"Polygon","coordinates":[[[121.384218,31.151698],[121.383924,31.151579],[121.384654,31.148654],[121.384942,31.148852],[121.384218,31.151698]]]}},{"type":"Feature","properties":{"kind":"waterway","osmId":"way/935179830","name":"漕河泾港"},"geometry":{"type":"LineString","coordinates":[[121.403756,31.164252],[121.406155,31.164831],[121.407704,31.16497],[121.412294,31.165671],[121.414261,31.166182]]}},{"type":"Feature","properties":{"kind":"waterway","osmId":"way/935179831","name":"漕河泾港"},"geometry":{"type":"LineString","coordinates":[[121.414261,31.166182],[121.41459,31.16632]]}},{"type":"Feature","properties":{"kind":"road","osmId":"way/981949490","name":"Caobao Road","roadClass":"primary"},"geometry":{"type":"LineString","coordinates":[[121.389885,31.161633],[121.387158,31.160903],[121.384029,31.159691],[121.382609,31.15924]]}},{"type":"Feature","properties":{"kind":"park","osmId":"way/981951777"},"geometry":{"type":"Polygon","coordinates":[[[121.424988,31.153743],[121.425223,31.153788],[121.425396,31.153259],[121.425007,31.153541],[121.424988,31.153743]]]}},{"type":"Feature","properties":{"kind":"road","osmId":"way/1005421108","name":"Liuzhou Road","roadClass":"tertiary"},"geometry":{"type":"LineString","coordinates":[[121.420421,31.169425],[121.42079,31.165979]]}},{"type":"Feature","properties":{"kind":"road","osmId":"way/1005421109","name":"Guilin Road","roadClass":"secondary"},"geometry":{"type":"LineString","coordinates":[[121.413985,31.168763],[121.413666,31.170596],[121.413072,31.172345]]}},{"type":"Feature","properties":{"kind":"road","osmId":"way/1005421110","name":"Guilin Road","roadClass":"secondary"},"geometry":{"type":"LineString","coordinates":[[121.410769,31.178562],[121.41051,31.179274]]}},{"type":"Feature","properties":{"kind":"road","osmId":"way/1005426848","name":"Jialing Road","roadClass":"residential"},"geometry":{"type":"LineString","coordinates":[[121.426576,31.149609],[121.426314,31.14974],[121.425697,31.150344]]}},{"type":"Feature","properties":{"kind":"road","osmId":"way/1007518372","name":"Tianlin Road","roadClass":"tertiary"},"geometry":{"type":"LineString","coordinates":[[121.39567,31.16898],[121.39685,31.169201]]}},{"type":"Feature","properties":{"kind":"road","osmId":"way/1007518373","name":"Guiping Road","roadClass":"tertiary"},"geometry":{"type":"LineString","coordinates":[[121.398043,31.173434],[121.399108,31.169683]]}},{"type":"Feature","properties":{"kind":"road","osmId":"way/1007518374","name":"Tianlin Road","roadClass":"tertiary"},"geometry":{"type":"LineString","coordinates":[[121.39685,31.169201],[121.396979,31.16915],[121.398907,31.16951],[121.399108,31.169683]]}},{"type":"Feature","properties":{"kind":"road","osmId":"way/1007518375","name":"Tianlin Road","roadClass":"tertiary"},"geometry":{"type":"LineString","coordinates":[[121.399108,31.169683],[121.398856,31.169722],[121.396933,31.169362],[121.39685,31.169201]]}},{"type":"Feature","properties":{"kind":"road","osmId":"way/1007518376","name":"Tianlin Road","roadClass":"tertiary"},"geometry":{"type":"LineString","coordinates":[[121.394814,31.168983],[121.394728,31.16885],[121.391511,31.167855],[121.391306,31.167683]]}},{"type":"Feature","properties":{"kind":"road","osmId":"way/1007518377","name":"Tianlin Road","roadClass":"tertiary"},"geometry":{"type":"LineString","coordinates":[[121.391306,31.167683],[121.391625,31.167658],[121.394795,31.168685],[121.395025,31.168652]]}},{"type":"Feature","properties":{"kind":"road","osmId":"way/1007518378","name":"Tianlin Road","roadClass":"tertiary"},"geometry":{"type":"LineString","coordinates":[[121.395496,31.1687],[121.39567,31.16898],[121.395266,31.169061]]}},{"type":"Feature","properties":{"kind":"road","osmId":"way/1007518379","name":"Tianlin Road","roadClass":"tertiary"},"geometry":{"type":"LineString","coordinates":[[121.396991,31.169252],[121.394093,31.168554]]}},{"type":"Feature","properties":{"kind":"road","osmId":"way/1007518380","name":"Tianlin Road","roadClass":"tertiary"},"geometry":{"type":"LineString","coordinates":[[121.394093,31.168554],[121.391306,31.167683]]}},{"type":"Feature","properties":{"kind":"road","osmId":"way/1007518381","name":"Tianlin Road","roadClass":"tertiary"},"geometry":{"type":"LineString","coordinates":[[121.399108,31.169683],[121.396991,31.169252]]}},{"type":"Feature","properties":{"kind":"road","osmId":"way/1040164432","name":"Hechuan Road","roadClass":"primary"},"geometry":{"type":"LineString","coordinates":[[121.384241,31.152466],[121.384263,31.152379]]}},{"type":"Feature","properties":{"kind":"road","osmId":"way/1040164993","name":"Hechuan Road","roadClass":"primary"},"geometry":{"type":"LineString","coordinates":[[121.384426,31.151705],[121.385149,31.148703]]}},{"type":"Feature","properties":{"kind":"road","osmId":"way/1040164994","name":"Hechuan Road","roadClass":"primary"},"geometry":{"type":"LineString","coordinates":[[121.384339,31.152064],[121.384426,31.151705]]}},{"type":"Feature","properties":{"kind":"road","osmId":"way/1068943356","name":"Humin Road","roadClass":"primary"},"geometry":{"type":"LineString","coordinates":[[121.419182,31.154359],[121.416513,31.151845],[121.416347,31.151559]]}},{"type":"Feature","properties":{"kind":"road","osmId":"way/1068943379","name":"South Hongcao Road","roadClass":"secondary"},"geometry":{"type":"LineString","coordinates":[[121.412582,31.15062],[121.412011,31.151231]]}},{"type":"Feature","properties":{"kind":"road","osmId":"way/1068943381","name":"South Hongcao Road","roadClass":"secondary"},"geometry":{"type":"LineString","coordinates":[[121.413358,31.14988],[121.413255,31.150009]]}},{"type":"Feature","properties":{"kind":"road","osmId":"way/1068943389","name":"Caobao Road","roadClass":"primary"},"geometry":{"type":"LineString","coordinates":[[121.420421,31.169425],[121.423313,31.169823],[121.426138,31.170014]]}},{"type":"Feature","properties":{"kind":"road","osmId":"way/1068943390","name":"Guilin Road","roadClass":"secondary"},"geometry":{"type":"LineString","coordinates":[[121.41403,31.168678],[121.413985,31.168763]]}},{"type":"Feature","properties":{"kind":"road","osmId":"way/1068943391","name":"Guilin Road","roadClass":"secondary"},"geometry":{"type":"LineString","coordinates":[[121.4162,31.158211],[121.415871,31.158632],[121.415724,31.159013],[121.415478,31.160148]]}},{"type":"Feature","properties":{"kind":"road","osmId":"way/1068943392","name":"South Qinzhou Road","roadClass":"tertiary"},"geometry":{"type":"LineString","coordinates":[[121.415478,31.160148],[121.415781,31.160245]]}},{"type":"Feature","properties":{"kind":"road","osmId":"way/1068943393","name":"South Hongcao Road","roadClass":"secondary"},"geometry":{"type":"LineString","coordinates":[[121.413255,31.150009],[121.412582,31.15062]]}},{"type":"Feature","properties":{"kind":"road","osmId":"way/1068943394","name":"South Hongcao Road","roadClass":"secondary"},"geometry":{"type":"LineString","coordinates":[[121.412011,31.151231],[121.412374,31.150727],[121.413257,31.149864]]}},{"type":"Feature","properties":{"kind":"road","osmId":"way/1068943397","name":"Guilin Road","roadClass":"secondary"},"geometry":{"type":"LineString","coordinates":[[121.419182,31.154359],[121.419228,31.154291]]}},{"type":"Feature","properties":{"kind":"road","osmId":"way/1068943398","name":"Caobao Road","roadClass":"primary"},"geometry":{"type":"LineString","coordinates":[[121.426316,31.17014],[121.424275,31.170033],[121.420405,31.169534]]}},{"type":"Feature","properties":{"kind":"road","osmId":"way/1070877498","name":"Tianchuan Road","roadClass":"residential"},"geometry":{"type":"LineString","coordinates":[[121.424781,31.179055],[121.423,31.181415]]}},{"type":"Feature","properties":{"kind":"road","osmId":"way/1071355105","name":"Guanshengyuan Road","roadClass":"tertiary"},"geometry":{"type":"LineString","coordinates":[[121.414901,31.164662],[121.415181,31.164666]]}},{"type":"Feature","properties":{"kind":"road","osmId":"way/1074854352","name":"Humin Road","roadClass":"primary"},"geometry":{"type":"LineString","coordinates":[[121.419296,31.154359],[121.419228,31.154291]]}},{"type":"Feature","properties":{"kind":"road","osmId":"way/1075157472","name":"沪闵路","roadClass":"primary"},"geometry":{"type":"LineString","coordinates":[[121.424773,31.15921],[121.427507,31.161791],[121.42876,31.163614]]}},{"type":"Feature","properties":{"kind":"road","osmId":"way/1075157473","name":"Humin Road","roadClass":"primary"},"geometry":{"type":"LineString","coordinates":[[121.421926,31.156267],[121.423441,31.157724],[121.423548,31.157939]]}},{"type":"Feature","properties":{"kind":"road","osmId":"way/1075157474","name":"Humin Road","roadClass":"primary"},"geometry":{"type":"LineString","coordinates":[[121.420528,31.155082],[121.420885,31.155376]]}},{"type":"Feature","properties":{"kind":"road","osmId":"way/1075157475","name":"Humin Road","roadClass":"primary"},"geometry":{"type":"LineString","coordinates":[[121.420885,31.155376],[121.421808,31.156369]]}},{"type":"Feature","properties":{"kind":"road","osmId":"way/1075157476","name":"Humin Road","roadClass":"primary"},"geometry":{"type":"LineString","coordinates":[[121.419387,31.154104],[121.419479,31.154145]]}},{"type":"Feature","properties":{"kind":"road","osmId":"way/1075157477","name":"Humin Road","roadClass":"primary"},"geometry":{"type":"LineString","coordinates":[[121.41946,31.154167],[121.41953,31.154228]]}},{"type":"Feature","properties":{"kind":"road","osmId":"way/1075157488","roadClass":"primary"},"geometry":{"type":"LineString","coordinates":[[121.428159,31.16303],[121.42725,31.161811],[121.424636,31.159322]]}},{"type":"Feature","properties":{"kind":"road","osmId":"way/1075473183","name":"Humin Road","roadClass":"primary"},"geometry":{"type":"LineString","coordinates":[[121.418656,31.153282],[121.419326,31.154047]]}},{"type":"Feature","properties":{"kind":"road","osmId":"way/1075473184","name":"Humin Road","roadClass":"primary"},"geometry":{"type":"LineString","coordinates":[[121.416414,31.151292],[121.418415,31.153154],[121.418656,31.153282]]}},{"type":"Feature","properties":{"kind":"road","osmId":"way/1075473188","name":"Humin Road","roadClass":"primary"},"geometry":{"type":"LineString","coordinates":[[121.414204,31.149181],[121.415692,31.150631]]}},{"type":"Feature","properties":{"kind":"road","osmId":"way/1075481250","name":"沪闵路","roadClass":"primary"},"geometry":{"type":"LineString","coordinates":[[121.41414,31.149249],[121.415692,31.150631]]}},{"type":"Feature","properties":{"kind":"road","osmId":"way/1092372202","name":"LianHua Road","roadClass":"secondary"},"geometry":{"type":"LineString","coordinates":[[121.385172,31.176041],[121.38453,31.178131]]}},{"type":"Feature","properties":{"kind":"road","osmId":"way/1092372203","name":"Wuzhong Road","roadClass":"secondary"},"geometry":{"type":"LineString","coordinates":[[121.386308,31.180751],[121.384077,31.179563]]}},{"type":"Feature","properties":{"kind":"road","osmId":"way/1092372238","name":"Hongmei Road","roadClass":"tertiary"},"geometry":{"type":"LineString","coordinates":[[121.390555,31.177163],[121.389858,31.179571]]}},{"type":"Feature","properties":{"kind":"road","osmId":"way/1092372240","name":"South Huanzhen Road","roadClass":"tertiary"},"geometry":{"type":"LineString","coordinates":[[121.385172,31.176041],[121.385994,31.176214]]}},{"type":"Feature","properties":{"kind":"road","osmId":"way/1092372241","name":"South Huanzhen Road","roadClass":"tertiary"},"geometry":{"type":"LineString","coordinates":[[121.385994,31.176214],[121.387643,31.176561]]}},{"type":"Feature","properties":{"kind":"road","osmId":"way/1110457981","name":"Gumei Road","roadClass":"tertiary"},"geometry":{"type":"LineString","coordinates":[[121.389823,31.171419],[121.391306,31.167683]]}},{"type":"Feature","properties":{"kind":"road","osmId":"way/1112894854","roadClass":"unclassified"},"geometry":{"type":"LineString","coordinates":[[121.393335,31.164235],[121.395307,31.165057],[121.397003,31.165385]]}},{"type":"Feature","properties":{"kind":"road","osmId":"way/1117800952","name":"Caobao Road","roadClass":"primary"},"geometry":{"type":"LineString","coordinates":[[121.403237,31.165355],[121.407519,31.166172]]}},{"type":"Feature","properties":{"kind":"road","osmId":"way/1117800953","name":"Caobao Road","roadClass":"primary"},"geometry":{"type":"LineString","coordinates":[[121.400616,31.164873],[121.402655,31.165249]]}},{"type":"Feature","properties":{"kind":"road","osmId":"way/1117800954","name":"Guiping Road","roadClass":"tertiary"},"geometry":{"type":"LineString","coordinates":[[121.400616,31.164873],[121.40055,31.165022]]}},{"type":"Feature","properties":{"kind":"road","osmId":"way/1117800955","name":"Guiping Road","roadClass":"tertiary"},"geometry":{"type":"LineString","coordinates":[[121.404584,31.157607],[121.404066,31.15853]]}},{"type":"Feature","properties":{"kind":"road","osmId":"way/1117800956","name":"South Qinzhou Road","roadClass":"tertiary"},"geometry":{"type":"LineString","coordinates":[[121.404584,31.157607],[121.401987,31.156981]]}},{"type":"Feature","properties":{"kind":"road","osmId":"way/1117800957","name":"South Qinzhou Road","roadClass":"tertiary"},"geometry":{"type":"LineString","coordinates":[[121.415734,31.160321],[121.41546,31.160231]]}},{"type":"Feature","properties":{"kind":"road","osmId":"way/1117800958","name":"South Hongcao Road","roadClass":"secondary"},"geometry":{"type":"LineString","coordinates":[[121.409177,31.158727],[121.409189,31.158648]]}},{"type":"Feature","properties":{"kind":"road","osmId":"way/1117800959","name":"Guijiang Road","roadClass":"residential"},"geometry":{"type":"LineString","coordinates":[[121.406097,31.149076],[121.404602,31.152504]]}},{"type":"Feature","properties":{"kind":"road","osmId":"way/1117800968","name":"Guiping Road","roadClass":"tertiary"},"geometry":{"type":"LineString","coordinates":[[121.407734,31.150381],[121.406581,31.153113]]}},{"type":"Feature","properties":{"kind":"road","osmId":"way/1121068955","name":"Liuzhou Road","roadClass":"tertiary"},"geometry":{"type":"LineString","coordinates":[[121.424719,31.159159],[121.424582,31.15927]]}},{"type":"Feature","properties":{"kind":"road","osmId":"way/1121068956","name":"Liuzhou Road","roadClass":"tertiary"},"geometry":{"type":"LineString","coordinates":[[121.424178,31.159416],[121.424377,31.159249]]}},{"type":"Feature","properties":{"kind":"road","osmId":"way/1123282548","name":"Wanyuan Road","roadClass":"residential"},"geometry":{"type":"LineString","coordinates":[[121.386679,31.158818],[121.386778,31.158489]]}},{"type":"Feature","properties":{"kind":"road","osmId":"way/1123282549","name":"Wanyuan Road","roadClass":"residential"},"geometry":{"type":"LineString","coordinates":[[121.386344,31.15986],[121.386679,31.158818]]}},{"type":"Feature","properties":{"kind":"road","osmId":"way/1133638572","name":"Yishan Road","roadClass":"secondary"},"geometry":{"type":"LineString","coordinates":[[121.401494,31.17415],[121.407785,31.175411]]}},{"type":"Feature","properties":{"kind":"road","osmId":"way/1133675570","name":"Yishan Road","roadClass":"secondary"},"geometry":{"type":"LineString","coordinates":[[121.393497,31.172535],[121.398043,31.173434]]}},{"type":"Feature","properties":{"kind":"road","osmId":"way/1133675571","name":"Yishan Road","roadClass":"secondary"},"geometry":{"type":"LineString","coordinates":[[121.401229,31.174089],[121.401494,31.17415]]}},{"type":"Feature","properties":{"kind":"road","osmId":"way/1133677992","name":"Yishan Road","roadClass":"secondary"},"geometry":{"type":"LineString","coordinates":[[121.416981,31.177627],[121.418074,31.178355],[121.418936,31.17913],[121.419624,31.179988],[121.420197,31.181016]]}},{"type":"Feature","properties":{"kind":"road","osmId":"way/1134689072","name":"Yishan Road","roadClass":"secondary"},"geometry":{"type":"LineString","coordinates":[[121.386888,31.170497],[121.389823,31.171419]]}},{"type":"Feature","properties":{"kind":"road","osmId":"way/1134689073","name":"Guiping Road","roadClass":"tertiary"},"geometry":{"type":"LineString","coordinates":[[121.398013,31.173538],[121.398043,31.173434]]}},{"type":"Feature","properties":{"kind":"road","osmId":"way/1134689074","name":"Yishan Road","roadClass":"secondary"},"geometry":{"type":"LineString","coordinates":[[121.398043,31.173434],[121.400965,31.174029]]}},{"type":"Feature","properties":{"kind":"road","osmId":"way/1134689075","name":"Gumei Road","roadClass":"tertiary"},"geometry":{"type":"LineString","coordinates":[[121.389788,31.171509],[121.389823,31.171419]]}},{"type":"Feature","properties":{"kind":"road","osmId":"way/1134689078","name":"Yishan Road","roadClass":"secondary"},"geometry":{"type":"LineString","coordinates":[[121.411671,31.176165],[121.415402,31.176989],[121.416981,31.177627]]}},{"type":"Feature","properties":{"kind":"road","osmId":"way/1134689079","name":"Guilin Road","roadClass":"secondary"},"geometry":{"type":"LineString","coordinates":[[121.411671,31.176165],[121.411638,31.176264]]}},{"type":"Feature","properties":{"kind":"road","osmId":"way/1134689080","name":"Liuzhou Road","roadClass":"tertiary"},"geometry":{"type":"LineString","coordinates":[[121.416913,31.177724],[121.416981,31.177627]]}},{"type":"Feature","properties":{"kind":"road","osmId":"way/1152301334","name":"Caobao Road","roadClass":"primary"},"geometry":{"type":"LineString","coordinates":[[121.413948,31.168664],[121.41403,31.168678]]}},{"type":"Feature","properties":{"kind":"road","osmId":"way/1152301335","name":"Guilin Road","roadClass":"secondary"},"geometry":{"type":"LineString","coordinates":[[121.413985,31.168763],[121.413948,31.168664]]}},{"type":"Feature","properties":{"kind":"road","osmId":"way/1152301337","name":"Caobao Road","roadClass":"primary"},"geometry":{"type":"LineString","coordinates":[[121.3943,31.162487],[121.399049,31.164423],[121.400616,31.164873]]}},{"type":"Feature","properties":{"kind":"road","osmId":"way/1152301338","name":"Gumei Road","roadClass":"residential"},"geometry":{"type":"LineString","coordinates":[[121.394192,31.162759],[121.3943,31.162487]]}},{"type":"Feature","properties":{"kind":"road","osmId":"way/1152301354","name":"Donglan Road","roadClass":"residential"},"geometry":{"type":"LineString","coordinates":[[121.399192,31.15998],[121.395641,31.158997]]}},{"type":"Feature","properties":{"kind":"road","osmId":"way/1152301355","name":"Gumei Road","roadClass":"residential"},"geometry":{"type":"LineString","coordinates":[[121.394777,31.161248],[121.395641,31.158997]]}},{"type":"Feature","properties":{"kind":"road","osmId":"way/1152301356","name":"North Qinzhou Road","roadClass":"tertiary"},"geometry":{"type":"LineString","coordinates":[[121.39185,31.178128],[121.396307,31.179399]]}},{"type":"Feature","properties":{"kind":"road","osmId":"way/1152301358","name":"Hongcao Road","roadClass":"secondary"},"geometry":{"type":"LineString","coordinates":[[121.406116,31.170996],[121.404814,31.174977]]}},{"type":"Feature","properties":{"kind":"road","osmId":"way/1152301359","name":"Yishan Road","roadClass":"secondary"},"geometry":{"type":"LineString","coordinates":[[121.404814,31.174977],[121.40147,31.174262]]}},{"type":"Feature","properties":{"kind":"park","osmId":"way/1194208165","name":"康乐文化广场"},"geometry":{"type":"Polygon","coordinates":[[[121.408388,31.150836],[121.409838,31.151304],[121.41024,31.150552],[121.408739,31.150057],[121.408388,31.150836]]]}},{"type":"Feature","properties":{"kind":"road","osmId":"way/1195970006","name":"Old Humin Road","roadClass":"secondary"},"geometry":{"type":"LineString","coordinates":[[121.423443,31.149183],[121.421795,31.151232]]}},{"type":"Feature","properties":{"kind":"road","osmId":"way/1195970014","name":"Shilong Road","roadClass":"secondary"},"geometry":{"type":"LineString","coordinates":[[121.424204,31.148863],[121.425697,31.150344]]}},{"type":"Feature","properties":{"kind":"road","osmId":"way/1197979730","name":"Humin Road","roadClass":"primary"},"geometry":{"type":"LineString","coordinates":[[121.416347,31.151559],[121.414638,31.149905]]}},{"type":"Feature","properties":{"kind":"road","osmId":"way/1197979731","name":"Humin Road","roadClass":"primary"},"geometry":{"type":"LineString","coordinates":[[121.421465,31.156421],[121.419296,31.154359]]}},{"type":"Feature","properties":{"kind":"road","osmId":"way/1197979732","name":"Guilin Road","roadClass":"secondary"},"geometry":{"type":"LineString","coordinates":[[121.419296,31.154359],[121.419239,31.154427]]}},{"type":"Feature","properties":{"kind":"road","osmId":"way/1197979733","name":"Guilin Road","roadClass":"secondary"},"geometry":{"type":"LineString","coordinates":[[121.419372,31.154269],[121.419296,31.154359]]}},{"type":"Feature","properties":{"kind":"road","osmId":"way/1198037244","name":"Old Humin Road","roadClass":"secondary"},"geometry":{"type":"LineString","coordinates":[[121.419387,31.154104],[121.420419,31.152815]]}},{"type":"Feature","properties":{"kind":"road","osmId":"way/1200994427","name":"Yishan Road","roadClass":"secondary"},"geometry":{"type":"LineString","coordinates":[[121.393455,31.172635],[121.392964,31.172529]]}},{"type":"Feature","properties":{"kind":"road","osmId":"way/1201055053","name":"Yishan Road","roadClass":"secondary"},"geometry":{"type":"LineString","coordinates":[[121.389823,31.171419],[121.392128,31.172149]]}},{"type":"Feature","properties":{"kind":"road","osmId":"way/1201055054","name":"Hongmei Road","roadClass":"primary"},"geometry":{"type":"LineString","coordinates":[[121.392964,31.172529],[121.393005,31.172433]]}},{"type":"Feature","properties":{"kind":"road","osmId":"way/1201387978","name":"Qinzhou Road","roadClass":"tertiary"},"geometry":{"type":"LineString","coordinates":[[121.420197,31.181016],[121.421832,31.180342],[121.422905,31.179484],[121.425096,31.175788]]}},{"type":"Feature","properties":{"kind":"road","osmId":"way/1201387979","name":"East Tianlin Road","roadClass":"tertiary"},"geometry":{"type":"LineString","coordinates":[[121.426023,31.176137],[121.425096,31.175788]]}},{"type":"Feature","properties":{"kind":"road","osmId":"way/1201387980","name":"Liuzhou Road","roadClass":"tertiary"},"geometry":{"type":"LineString","coordinates":[[121.420405,31.169534],[121.420421,31.169425]]}},{"type":"Feature","properties":{"kind":"road","osmId":"way/1201387981","name":"Caobao Road","roadClass":"primary"},"geometry":{"type":"LineString","coordinates":[[121.41403,31.168678],[121.420421,31.169425]]}},{"type":"Feature","properties":{"kind":"road","osmId":"way/1201388004","name":"Caobao Road","roadClass":"primary"},"geometry":{"type":"LineString","coordinates":[[121.420405,31.169534],[121.413985,31.168763]]}},{"type":"Feature","properties":{"kind":"road","osmId":"way/1202851691","name":"Old Humin Road","roadClass":"secondary"},"geometry":{"type":"LineString","coordinates":[[121.41946,31.154167],[121.419372,31.154269]]}},{"type":"Feature","properties":{"kind":"road","osmId":"way/1202851692","name":"Humin Road","roadClass":"primary"},"geometry":{"type":"LineString","coordinates":[[121.419387,31.154104],[121.41946,31.154167]]}},{"type":"Feature","properties":{"kind":"road","osmId":"way/1202851741","name":"Cangwu Road","roadClass":"tertiary"},"geometry":{"type":"LineString","coordinates":[[121.407785,31.175411],[121.408809,31.171518]]}},{"type":"Feature","properties":{"kind":"road","osmId":"way/1202851742","name":"Yishan Road","roadClass":"secondary"},"geometry":{"type":"LineString","coordinates":[[121.407785,31.175411],[121.411671,31.176165]]}},{"type":"Feature","properties":{"kind":"road","osmId":"way/1202851743","name":"Hongmei Road","roadClass":"primary"},"geometry":{"type":"LineString","coordinates":[[121.394814,31.168983],[121.397728,31.164148]]}},{"type":"Feature","properties":{"kind":"road","osmId":"way/1202851770","name":"Yishan Road","roadClass":"secondary"},"geometry":{"type":"LineString","coordinates":[[121.392128,31.172149],[121.393005,31.172433]]}},{"type":"Feature","properties":{"kind":"road","osmId":"way/1206873289","name":"Pingnan Road","roadClass":"tertiary"},"geometry":{"type":"LineString","coordinates":[[121.384241,31.152466],[121.383823,31.152316]]}},{"type":"Feature","properties":{"kind":"road","osmId":"way/1206873290","name":"Hechuan Road","roadClass":"primary"},"geometry":{"type":"LineString","coordinates":[[121.383398,31.155905],[121.384074,31.15319]]}},{"type":"Feature","properties":{"kind":"road","osmId":"way/1206873293","name":"Humin Road","roadClass":"primary"},"geometry":{"type":"LineString","coordinates":[[121.419239,31.154427],[121.419182,31.154359]]}},{"type":"Feature","properties":{"kind":"road","osmId":"way/1206873294","name":"Humin Road","roadClass":"primary"},"geometry":{"type":"LineString","coordinates":[[121.423116,31.157977],[121.421596,31.156544]]}},{"type":"Feature","properties":{"kind":"road","osmId":"way/1206873299","name":"Humin Road","roadClass":"primary"},"geometry":{"type":"LineString","coordinates":[[121.420885,31.155376],[121.421266,31.155607],[121.421796,31.156142]]}},{"type":"Feature","properties":{"kind":"road","osmId":"way/1206873301","name":"Gumei Road","roadClass":"residential"},"geometry":{"type":"LineString","coordinates":[[121.397138,31.15501],[121.398008,31.152689]]}},{"type":"Feature","properties":{"kind":"road","osmId":"way/1206873302","name":"Donglan Road","roadClass":"residential"},"geometry":{"type":"LineString","coordinates":[[121.384683,31.15616],[121.38348,31.155922]]}},{"type":"Feature","properties":{"kind":"road","osmId":"way/1206873303","name":"Hechuan Road","roadClass":"primary"},"geometry":{"type":"LineString","coordinates":[[121.384448,31.15209],[121.384367,31.152412]]}},{"type":"Feature","properties":{"kind":"road","osmId":"way/1206873304","name":"Pingnan Road","roadClass":"tertiary"},"geometry":{"type":"LineString","coordinates":[[121.383844,31.15223],[121.384263,31.152379]]}},{"type":"Feature","properties":{"kind":"road","osmId":"way/1214289196","name":"Yishan Road","roadClass":"tertiary"},"geometry":{"type":"LineString","coordinates":[[121.383424,31.169358],[121.386888,31.170497]]}},{"type":"Feature","properties":{"kind":"road","osmId":"way/1214289199","name":"Caobao Road","roadClass":"primary"},"geometry":{"type":"LineString","coordinates":[[121.389993,31.161326],[121.3943,31.162487]]}},{"type":"Feature","properties":{"kind":"road","osmId":"way/1214289200","name":"LianHua Road","roadClass":"secondary"},"geometry":{"type":"LineString","coordinates":[[121.389993,31.161326],[121.389885,31.161633]]}},{"type":"Feature","properties":{"kind":"road","osmId":"way/1214289214","name":"Tianlin Road","roadClass":"tertiary"},"geometry":{"type":"LineString","coordinates":[[121.391306,31.167683],[121.388155,31.166746]]}},{"type":"Feature","properties":{"kind":"road","osmId":"way/1214289215","name":"LianHua Road","roadClass":"secondary"},"geometry":{"type":"LineString","coordinates":[[121.388155,31.166746],[121.386888,31.170497]]}},{"type":"Feature","properties":{"kind":"road","osmId":"way/1214289216","name":"LianHua Road","roadClass":"secondary"},"geometry":{"type":"LineString","coordinates":[[121.390534,31.159756],[121.389993,31.161326]]}},{"type":"Feature","properties":{"kind":"road","osmId":"way/1214289217","name":"Caobao Road","roadClass":"primary"},"geometry":{"type":"LineString","coordinates":[[121.394192,31.162759],[121.389885,31.161633]]}},{"type":"Feature","properties":{"kind":"road","osmId":"way/1214289218","name":"Gumei Road","roadClass":"residential"},"geometry":{"type":"LineString","coordinates":[[121.394645,31.161582],[121.394777,31.161248]]}},{"type":"Feature","properties":{"kind":"road","osmId":"way/1214289225","name":"Gumei Road","roadClass":"residential"},"geometry":{"type":"LineString","coordinates":[[121.3943,31.162487],[121.394645,31.161582]]}},{"type":"Feature","properties":{"kind":"water","osmId":"way/1219916166"},"geometry":{"type":"Polygon","coordinates":[[[121.413155,31.167624],[121.41322,31.167422],[121.413332,31.167442],[121.413276,31.167613],[121.413155,31.167624]]]}},{"type":"Feature","properties":{"kind":"road","osmId":"way/1225879532","name":"Qinzhou Road","roadClass":"tertiary"},"geometry":{"type":"LineString","coordinates":[[121.425096,31.175788],[121.425586,31.174815],[121.425827,31.173981],[121.426138,31.170014]]}},{"type":"Feature","properties":{"kind":"road","osmId":"way/1225879535","name":"Guanshengyuan Road","roadClass":"tertiary"},"geometry":{"type":"LineString","coordinates":[[121.417125,31.164779],[121.420881,31.16511]]}},{"type":"Feature","properties":{"kind":"road","osmId":"way/1225879536","name":"Liuzhou Road","roadClass":"tertiary"},"geometry":{"type":"LineString","coordinates":[[121.420813,31.16576],[121.420881,31.16511]]}},{"type":"Feature","properties":{"kind":"road","osmId":"way/1225879537","name":"Liuzhou Road","roadClass":"tertiary"},"geometry":{"type":"LineString","coordinates":[[121.421531,31.162125],[121.421441,31.162244]]}},{"type":"Feature","properties":{"kind":"road","osmId":"way/1225879538","name":"South Qinzhou Road","roadClass":"residential"},"geometry":{"type":"LineString","coordinates":[[121.422936,31.162586],[121.421531,31.162125]]}},{"type":"Feature","properties":{"kind":"road","osmId":"way/1231937667","name":"Guilin Road","roadClass":"secondary"},"geometry":{"type":"LineString","coordinates":[[121.416483,31.157718],[121.417126,31.156897]]}},{"type":"Feature","properties":{"kind":"road","osmId":"way/1231937668","name":"Pubei Road","roadClass":"tertiary"},"geometry":{"type":"LineString","coordinates":[[121.41637,31.156453],[121.417126,31.156897]]}},{"type":"Feature","properties":{"kind":"road","osmId":"way/1231937670","name":"Liuzhou Road","roadClass":"tertiary"},"geometry":{"type":"LineString","coordinates":[[121.424288,31.159507],[121.422872,31.160645]]}},{"type":"Feature","properties":{"kind":"road","osmId":"way/1231937671","name":"Liuzhou Road","roadClass":"tertiary"},"geometry":{"type":"LineString","coordinates":[[121.427077,31.157196],[121.424719,31.159159]]}},{"type":"Feature","properties":{"kind":"road","osmId":"way/1231937672","name":"Humin Road","roadClass":"primary"},"geometry":{"type":"LineString","coordinates":[[121.423548,31.157939],[121.424542,31.158992]]}},{"type":"Feature","properties":{"kind":"road","osmId":"way/1231937673","name":"Humin Road","roadClass":"primary"},"geometry":{"type":"LineString","coordinates":[[121.421808,31.156369],[121.423548,31.157939]]}},{"type":"Feature","properties":{"kind":"road","osmId":"way/1234562044","name":"Guanshengyuan Road","roadClass":"tertiary"},"geometry":{"type":"LineString","coordinates":[[121.415181,31.164666],[121.417125,31.164779]]}},{"type":"Feature","properties":{"kind":"road","osmId":"way/1234562045","name":"Guanshengyuan Road","roadClass":"tertiary"},"geometry":{"type":"LineString","coordinates":[[121.414747,31.164651],[121.414901,31.164662]]}},{"type":"Feature","properties":{"kind":"road","osmId":"way/1234562046","name":"Guilin Road","roadClass":"secondary"},"geometry":{"type":"LineString","coordinates":[[121.414747,31.164651],[121.41403,31.168678]]}},{"type":"Feature","properties":{"kind":"road","osmId":"way/1234889343","name":"South Qinzhou Road","roadClass":"tertiary"},"geometry":{"type":"LineString","coordinates":[[121.421429,31.162148],[121.415977,31.160398]]}},{"type":"Feature","properties":{"kind":"road","osmId":"way/1234889344","name":"Liuzhou Road","roadClass":"tertiary"},"geometry":{"type":"LineString","coordinates":[[121.421441,31.162244],[121.421429,31.162148]]}},{"type":"Feature","properties":{"kind":"road","osmId":"way/1236283450","name":"Guiqing Road","roadClass":"tertiary"},"geometry":{"type":"LineString","coordinates":[[121.400965,31.174029],[121.400943,31.174149]]}},{"type":"Feature","properties":{"kind":"road","osmId":"way/1236283451","name":"Yishan Road","roadClass":"secondary"},"geometry":{"type":"LineString","coordinates":[[121.400965,31.174029],[121.401229,31.174089]]}},{"type":"Feature","properties":{"kind":"road","osmId":"way/1236283452","name":"Hongmei Road","roadClass":"primary"},"geometry":{"type":"LineString","coordinates":[[121.393422,31.171452],[121.393513,31.171246]]}},{"type":"Feature","properties":{"kind":"road","osmId":"way/1237136555","name":"South Qinzhou Road","roadClass":"tertiary"},"geometry":{"type":"LineString","coordinates":[[121.415365,31.160203],[121.409177,31.158727]]}},{"type":"Feature","properties":{"kind":"road","osmId":"way/1237136556","name":"Guilin Road","roadClass":"secondary"},"geometry":{"type":"LineString","coordinates":[[121.415365,31.160203],[121.415657,31.158885],[121.416178,31.158111]]}},{"type":"Feature","properties":{"kind":"road","osmId":"way/1237136557","name":"Hongcao Road","roadClass":"secondary"},"geometry":{"type":"LineString","coordinates":[[121.404814,31.174977],[121.404229,31.178126]]}},{"type":"Feature","properties":{"kind":"road","osmId":"way/1237136558","name":"Qinjiang Road","roadClass":"residential"},"geometry":{"type":"LineString","coordinates":[[121.406705,31.178552],[121.404229,31.178126]]}},{"type":"Feature","properties":{"kind":"road","osmId":"way/1237136568","name":"Yishan Road","roadClass":"secondary"},"geometry":{"type":"LineString","coordinates":[[121.407743,31.175521],[121.404814,31.174977]]}},{"type":"Feature","properties":{"kind":"road","osmId":"way/1237136569","name":"Cangwu Road","roadClass":"tertiary"},"geometry":{"type":"LineString","coordinates":[[121.407743,31.175521],[121.407785,31.175411]]}},{"type":"Feature","properties":{"kind":"road","osmId":"way/1247062383","name":"Jialing Road","roadClass":"residential"},"geometry":{"type":"LineString","coordinates":[[121.425637,31.150445],[121.424302,31.151767]]}},{"type":"Feature","properties":{"kind":"road","osmId":"way/1247062384","name":"Shilong Road","roadClass":"secondary"},"geometry":{"type":"LineString","coordinates":[[121.425637,31.150445],[121.424303,31.14915]]}},{"type":"Feature","properties":{"kind":"road","osmId":"way/1247062385","name":"Jialing Road","roadClass":"residential"},"geometry":{"type":"LineString","coordinates":[[121.425697,31.150344],[121.425669,31.150389]]}},{"type":"Feature","properties":{"kind":"road","osmId":"way/1247062386","name":"Shilong Road","roadClass":"secondary"},"geometry":{"type":"LineString","coordinates":[[121.425697,31.150344],[121.427175,31.151798]]}},{"type":"Feature","properties":{"kind":"road","osmId":"way/1247064133","roadClass":"unclassified"},"geometry":{"type":"LineString","coordinates":[[121.41953,31.154228],[121.419372,31.154269]]}},{"type":"Feature","properties":{"kind":"road","osmId":"way/1247064134","name":"Humin Road","roadClass":"primary"},"geometry":{"type":"LineString","coordinates":[[121.41953,31.154228],[121.420528,31.155082]]}},{"type":"Feature","properties":{"kind":"road","osmId":"way/1247064135","name":"Guilin Road","roadClass":"secondary"},"geometry":{"type":"LineString","coordinates":[[121.419228,31.154291],[121.419293,31.154195]]}},{"type":"Feature","properties":{"kind":"road","osmId":"way/1247064136","name":"Humin Road","roadClass":"primary"},"geometry":{"type":"LineString","coordinates":[[121.418867,31.153928],[121.416347,31.151559]]}},{"type":"Feature","properties":{"kind":"road","osmId":"way/1247064137","name":"Old Humin Road","roadClass":"secondary"},"geometry":{"type":"LineString","coordinates":[[121.419479,31.154145],[121.41946,31.154167]]}},{"type":"Feature","properties":{"kind":"road","osmId":"way/1247064138","name":"Humin Road","roadClass":"primary"},"geometry":{"type":"LineString","coordinates":[[121.419479,31.154145],[121.41964,31.154199]]}},{"type":"Feature","properties":{"kind":"road","osmId":"way/1247064139","roadClass":"unclassified"},"geometry":{"type":"LineString","coordinates":[[121.41964,31.154199],[121.41953,31.154228]]}},{"type":"Feature","properties":{"kind":"road","osmId":"way/1247064140","name":"Humin Road","roadClass":"primary"},"geometry":{"type":"LineString","coordinates":[[121.41964,31.154199],[121.420528,31.155082]]}},{"type":"Feature","properties":{"kind":"road","osmId":"way/1247064141","roadClass":"unclassified"},"geometry":{"type":"LineString","coordinates":[[121.419326,31.154047],[121.420583,31.152421],[121.420863,31.152418],[121.420867,31.152596],[121.41964,31.154199]]}},{"type":"Feature","properties":{"kind":"road","osmId":"way/1247064142","name":"Humin Road","roadClass":"primary"},"geometry":{"type":"LineString","coordinates":[[121.419326,31.154047],[121.419387,31.154104]]}},{"type":"Feature","properties":{"kind":"road","osmId":"way/1255200909","name":"Hongmei Road","roadClass":"primary"},"geometry":{"type":"LineString","coordinates":[[121.397728,31.164148],[121.397851,31.163912]]}},{"type":"Feature","properties":{"kind":"road","osmId":"way/1256763488","name":"Liuzhou Road","roadClass":"tertiary"},"geometry":{"type":"LineString","coordinates":[[121.416132,31.17923],[121.416913,31.177724]]}},{"type":"Feature","properties":{"kind":"park","osmId":"way/1267868406","name":"法治公园"},"geometry":{"type":"Polygon","coordinates":[[[121.384362,31.178109],[121.381406,31.177316],[121.381595,31.1767],[121.383135,31.176948],[121.383036,31.177263],[121.384514,31.17764],[121.384362,31.178109]]]}},{"type":"Feature","properties":{"kind":"road","osmId":"way/1268580657","roadClass":"residential"},"geometry":{"type":"LineString","coordinates":[[121.424773,31.15921],[121.424636,31.159322]]}},{"type":"Feature","properties":{"kind":"road","osmId":"way/1268580658","name":"Humin Road","roadClass":"primary"},"geometry":{"type":"LineString","coordinates":[[121.424773,31.15921],[121.425136,31.159353],[121.427626,31.161704],[121.428689,31.16332],[121.429315,31.165165]]}},{"type":"Feature","properties":{"kind":"road","osmId":"way/1268580659","name":"Humin Road","roadClass":"primary"},"geometry":{"type":"LineString","coordinates":[[121.424609,31.159055],[121.424719,31.159159]]}},{"type":"Feature","properties":{"kind":"road","osmId":"way/1268580660","name":"Liuzhou Road","roadClass":"tertiary"},"geometry":{"type":"LineString","coordinates":[[121.424609,31.159055],[121.426983,31.157167]]}},{"type":"Feature","properties":{"kind":"road","osmId":"way/1268580661","name":"Humin Road","roadClass":"primary"},"geometry":{"type":"LineString","coordinates":[[121.424542,31.158992],[121.424609,31.159055]]}},{"type":"Feature","properties":{"kind":"road","osmId":"way/1268580662","roadClass":"residential"},"geometry":{"type":"LineString","coordinates":[[121.424542,31.158992],[121.426805,31.157061],[121.426984,31.157015]]}},{"type":"Feature","properties":{"kind":"road","osmId":"way/1268580663","roadClass":"residential"},"geometry":{"type":"LineString","coordinates":[[121.424404,31.159108],[121.424542,31.158992]]}},{"type":"Feature","properties":{"kind":"road","osmId":"way/1268580664","roadClass":"primary"},"geometry":{"type":"LineString","coordinates":[[121.424404,31.159108],[121.42358,31.158401]]}},{"type":"Feature","properties":{"kind":"road","osmId":"way/1268580665","roadClass":"residential"},"geometry":{"type":"LineString","coordinates":[[121.424311,31.159187],[121.424404,31.159108]]}},{"type":"Feature","properties":{"kind":"road","osmId":"way/1268580666","name":"Humin Road","roadClass":"primary"},"geometry":{"type":"LineString","coordinates":[[121.424311,31.159187],[121.423116,31.157977]]}},{"type":"Feature","properties":{"kind":"road","osmId":"way/1268580667","name":"Liuzhou Road","roadClass":"tertiary"},"geometry":{"type":"LineString","coordinates":[[121.424472,31.15917],[121.424609,31.159055]]}},{"type":"Feature","properties":{"kind":"road","osmId":"way/1268580668","roadClass":"primary"},"geometry":{"type":"LineString","coordinates":[[121.424472,31.15917],[121.424404,31.159108]]}},{"type":"Feature","properties":{"kind":"road","osmId":"way/1268580669","name":"Liuzhou Road","roadClass":"tertiary"},"geometry":{"type":"LineString","coordinates":[[121.424377,31.159249],[121.424472,31.15917]]}},{"type":"Feature","properties":{"kind":"road","osmId":"way/1268580670","name":"Humin Road","roadClass":"primary"},"geometry":{"type":"LineString","coordinates":[[121.424377,31.159249],[121.424311,31.159187]]}},{"type":"Feature","properties":{"kind":"road","osmId":"way/1268580671","name":"Liuzhou Road","roadClass":"tertiary"},"geometry":{"type":"LineString","coordinates":[[121.424483,31.15935],[121.424288,31.159507]]}},{"type":"Feature","properties":{"kind":"road","osmId":"way/1268580672","name":"Humin Road","roadClass":"primary"},"geometry":{"type":"LineString","coordinates":[[121.424483,31.15935],[121.424377,31.159249]]}},{"type":"Feature","properties":{"kind":"road","osmId":"way/1268580673","name":"Liuzhou Road","roadClass":"tertiary"},"geometry":{"type":"LineString","coordinates":[[121.424582,31.15927],[121.424483,31.15935]]}},{"type":"Feature","properties":{"kind":"road","osmId":"way/1268580674","roadClass":"primary"},"geometry":{"type":"LineString","coordinates":[[121.424582,31.15927],[121.424472,31.15917]]}},{"type":"Feature","properties":{"kind":"road","osmId":"way/1268580675","name":"Humin Road","roadClass":"primary"},"geometry":{"type":"LineString","coordinates":[[121.424538,31.159403],[121.424483,31.15935]]}},{"type":"Feature","properties":{"kind":"road","osmId":"way/1268580676","roadClass":"residential"},"geometry":{"type":"LineString","coordinates":[[121.424538,31.159403],[121.424288,31.159507]]}},{"type":"Feature","properties":{"kind":"road","osmId":"way/1268580677","roadClass":"primary"},"geometry":{"type":"LineString","coordinates":[[121.424636,31.159322],[121.424582,31.15927]]}},{"type":"Feature","properties":{"kind":"road","osmId":"way/1268580678","roadClass":"residential"},"geometry":{"type":"LineString","coordinates":[[121.424636,31.159322],[121.424538,31.159403]]}},{"type":"Feature","properties":{"kind":"road","osmId":"way/1270386719","name":"Lianhua Road","roadClass":"secondary"},"geometry":{"type":"LineString","coordinates":[[121.393282,31.15164],[121.392984,31.152519]]}},{"type":"Feature","properties":{"kind":"road","osmId":"way/1271040776","name":"Hongmei Road","roadClass":"primary"},"geometry":{"type":"LineString","coordinates":[[121.393497,31.172535],[121.393455,31.172635]]}},{"type":"Feature","properties":{"kind":"road","osmId":"way/1271040777","name":"Yishan Road","roadClass":"secondary"},"geometry":{"type":"LineString","coordinates":[[121.393005,31.172433],[121.393497,31.172535]]}},{"type":"Feature","properties":{"kind":"road","osmId":"way/1272480703","name":"Donglan Road","roadClass":"residential"},"geometry":{"type":"LineString","coordinates":[[121.395641,31.158997],[121.391212,31.15777]]}},{"type":"Feature","properties":{"kind":"road","osmId":"way/1272480704","name":"LianHua Road","roadClass":"secondary"},"geometry":{"type":"LineString","coordinates":[[121.391212,31.15777],[121.390582,31.159614]]}},{"type":"Feature","properties":{"kind":"road","osmId":"way/1273001205","name":"Humin Road","roadClass":"primary"},"geometry":{"type":"LineString","coordinates":[[121.421796,31.156142],[121.421926,31.156267]]}},{"type":"Feature","properties":{"kind":"road","osmId":"way/1273001207","name":"Humin Road","roadClass":"primary"},"geometry":{"type":"LineString","coordinates":[[121.421596,31.156544],[121.421465,31.156421]]}},{"type":"Feature","properties":{"kind":"road","osmId":"way/1273001208","name":"Humin Road","roadClass":"primary"},"geometry":{"type":"LineString","coordinates":[[121.423116,31.157977],[121.422752,31.157747],[121.419239,31.154427]]}},{"type":"Feature","properties":{"kind":"road","osmId":"way/1273405470","name":"Qinjiang Road","roadClass":"residential"},"geometry":{"type":"LineString","coordinates":[[121.397419,31.176876],[121.397071,31.176813]]}},{"type":"Feature","properties":{"kind":"road","osmId":"way/1273405471","name":"Shanglin Road","roadClass":"residential"},"geometry":{"type":"LineString","coordinates":[[121.398605,31.177095],[121.398202,31.178729]]}},{"type":"Feature","properties":{"kind":"road","osmId":"way/1273405472","name":"Qinjiang Road","roadClass":"residential"},"geometry":{"type":"LineString","coordinates":[[121.400205,31.177389],[121.398605,31.177095]]}},{"type":"Feature","properties":{"kind":"road","osmId":"way/1273405475","name":"Guiqing Road","roadClass":"tertiary"},"geometry":{"type":"LineString","coordinates":[[121.402158,31.168158],[121.401752,31.170157]]}},{"type":"Feature","properties":{"kind":"road","osmId":"way/1273405476","name":"Quanzhou Road","roadClass":"residential"},"geometry":{"type":"LineString","coordinates":[[121.39963,31.167679],[121.398049,31.167347]]}},{"type":"Feature","properties":{"kind":"road","osmId":"way/1273405477","name":"Guiping Road","roadClass":"tertiary"},"geometry":{"type":"LineString","coordinates":[[121.399577,31.168021],[121.39963,31.167679]]}},{"type":"Feature","properties":{"kind":"road","osmId":"way/1273405478","name":"Guiping Road","roadClass":"tertiary"},"geometry":{"type":"LineString","coordinates":[[121.399463,31.168425],[121.399577,31.168021]]}},{"type":"Feature","properties":{"kind":"road","osmId":"way/1273405480","name":"Guiping Road","roadClass":"tertiary"},"geometry":{"type":"LineString","coordinates":[[121.399108,31.169683],[121.399463,31.168425]]}},{"type":"Feature","properties":{"kind":"road","osmId":"way/1273405481","name":"Guilin Road","roadClass":"secondary"},"geometry":{"type":"LineString","coordinates":[[121.415478,31.160148],[121.41546,31.160231]]}},{"type":"Feature","properties":{"kind":"road","osmId":"way/1273405482","name":"South Qinzhou Road","roadClass":"tertiary"},"geometry":{"type":"LineString","coordinates":[[121.41546,31.160231],[121.415365,31.160203]]}},{"type":"Feature","properties":{"kind":"road","osmId":"way/1273405485","name":"Guilin Road","roadClass":"secondary"},"geometry":{"type":"LineString","coordinates":[[121.41463,31.164647],[121.415365,31.160203]]}},{"type":"Feature","properties":{"kind":"road","osmId":"way/1292672274","name":"Hechuan Road","roadClass":"primary"},"geometry":{"type":"LineString","coordinates":[[121.384367,31.152412],[121.38435,31.152499]]}},{"type":"Feature","properties":{"kind":"road","osmId":"way/1292672275","name":"Pingnan Road","roadClass":"tertiary"},"geometry":{"type":"LineString","coordinates":[[121.38435,31.152499],[121.384241,31.152466]]}},{"type":"Feature","properties":{"kind":"road","osmId":"way/1292672276","name":"Pingnan Road","roadClass":"tertiary"},"geometry":{"type":"LineString","coordinates":[[121.388217,31.153504],[121.38435,31.152499]]}},{"type":"Feature","properties":{"kind":"road","osmId":"way/1292672277","name":"Wanyuan Road","roadClass":"residential"},"geometry":{"type":"LineString","coordinates":[[121.388241,31.15342],[121.388324,31.153125]]}},{"type":"Feature","properties":{"kind":"road","osmId":"way/1292773441","name":"Wanyuan Road","roadClass":"residential"},"geometry":{"type":"LineString","coordinates":[[121.388217,31.153504],[121.388241,31.15342]]}},{"type":"Feature","properties":{"kind":"road","osmId":"way/1292773442","name":"Pingnan Road","roadClass":"tertiary"},"geometry":{"type":"LineString","coordinates":[[121.384367,31.152412],[121.388241,31.15342]]}},{"type":"Feature","properties":{"kind":"road","osmId":"way/1292773443","name":"Pingnan Road","roadClass":"tertiary"},"geometry":{"type":"LineString","coordinates":[[121.384263,31.152379],[121.384367,31.152412]]}},{"type":"Feature","properties":{"kind":"road","osmId":"way/1292773444","name":"Hechuan Road","roadClass":"primary"},"geometry":{"type":"LineString","coordinates":[[121.384263,31.152379],[121.384339,31.152064]]}},{"type":"Feature","properties":{"kind":"road","osmId":"way/1293565972","name":"Humin Elevated Road","roadClass":"trunk"},"geometry":{"type":"LineString","coordinates":[[121.419562,31.154514],[121.415913,31.15106]]}},{"type":"Feature","properties":{"kind":"road","osmId":"way/1293565973","name":"Humin Road","roadClass":"primary"},"geometry":{"type":"LineString","coordinates":[[121.416414,31.151292],[121.416725,31.151402],[121.417189,31.151813],[121.418635,31.153147],[121.418656,31.153282]]}},{"type":"Feature","properties":{"kind":"road","osmId":"way/1293565974","name":"Humin Road","roadClass":"primary"},"geometry":{"type":"LineString","coordinates":[[121.419228,31.154291],[121.418867,31.153928]]}},{"type":"Feature","properties":{"kind":"road","osmId":"way/1293565975","name":"Humin Road","roadClass":"primary"},"geometry":{"type":"LineString","coordinates":[[121.415692,31.150631],[121.416414,31.151292]]}},{"type":"Feature","properties":{"kind":"road","osmId":"way/1304293554","roadClass":"residential"},"geometry":{"type":"LineString","coordinates":[[121.386362,31.166193],[121.387393,31.163807],[121.388986,31.164289]]}},{"type":"Feature","properties":{"kind":"road","osmId":"way/1304293555","roadClass":"residential"},"geometry":{"type":"LineString","coordinates":[[121.387393,31.163807],[121.386432,31.163462],[121.386121,31.163234],[121.38585,31.16283],[121.385761,31.161965]]}},{"type":"Feature","properties":{"kind":"road","osmId":"way/1304293556","roadClass":"residential"},"geometry":{"type":"LineString","coordinates":[[121.386921,31.16492],[121.383507,31.163857],[121.382973,31.16514]]}},{"type":"Feature","properties":{"kind":"road","osmId":"way/1304293557","roadClass":"residential"},"geometry":{"type":"LineString","coordinates":[[121.383507,31.163857],[121.384495,31.161523],[121.384718,31.161389],[121.385173,31.161467]]}},{"type":"Feature","properties":{"kind":"road","osmId":"way/1304293558","roadClass":"residential"},"geometry":{"type":"LineString","coordinates":[[121.385471,31.161446],[121.38569,31.161414],[121.385743,31.161553],[121.385519,31.161616],[121.385471,31.161446]]}},{"type":"Feature","properties":{"kind":"road","osmId":"way/1304293559","roadClass":"residential"},"geometry":{"type":"LineString","coordinates":[[121.385743,31.161553],[121.385761,31.161965]]}},{"type":"Feature","properties":{"kind":"road","osmId":"way/1304293560","roadClass":"residential"},"geometry":{"type":"LineString","coordinates":[[121.385173,31.161467],[121.385522,31.161401]]}},{"type":"Feature","properties":{"kind":"road","osmId":"way/1304293561","roadClass":"residential"},"geometry":{"type":"LineString","coordinates":[[121.385474,31.161579],[121.385173,31.161467]]}},{"type":"Feature","properties":{"kind":"road","osmId":"way/1304293562","roadClass":"residential"},"geometry":{"type":"LineString","coordinates":[[121.38569,31.161414],[121.386118,31.160513]]}},{"type":"Feature","properties":{"kind":"road","osmId":"way/1304293563","roadClass":"residential"},"geometry":{"type":"LineString","coordinates":[[121.385761,31.161965],[121.385519,31.161616]]}},{"type":"Feature","properties":{"kind":"road","osmId":"way/1304293754","roadClass":"residential"},"geometry":{"type":"LineString","coordinates":[[121.384028,31.162626],[121.382025,31.161993]]}},{"type":"Feature","properties":{"kind":"road","osmId":"way/1322655095","name":"Pingji Road","roadClass":"residential"},"geometry":{"type":"LineString","coordinates":[[121.399032,31.149956],[121.403166,31.151293]]}},{"type":"Feature","properties":{"kind":"road","osmId":"way/1322807972","name":"Pingnan Road","roadClass":"tertiary"},"geometry":{"type":"LineString","coordinates":[[121.392305,31.154535],[121.388217,31.153504]]}},{"type":"Feature","properties":{"kind":"road","osmId":"way/1322807973","name":"LianHua Road","roadClass":"secondary"},"geometry":{"type":"LineString","coordinates":[[121.392305,31.154535],[121.391212,31.15777]]}},{"type":"Feature","properties":{"kind":"road","osmId":"way/1322807974","name":"Lianhua Road","roadClass":"secondary"},"geometry":{"type":"LineString","coordinates":[[121.392984,31.152519],[121.392521,31.153887]]}},{"type":"Feature","properties":{"kind":"road","osmId":"way/1322807975","name":"Lianhua Road","roadClass":"secondary"},"geometry":{"type":"LineString","coordinates":[[121.394353,31.148473],[121.393423,31.151223]]}},{"type":"Feature","properties":{"kind":"road","osmId":"way/1322916784","name":"Lianhua Road","roadClass":"secondary"},"geometry":{"type":"LineString","coordinates":[[121.393423,31.151223],[121.393282,31.15164]]}},{"type":"Feature","properties":{"kind":"road","osmId":"way/1322916785","name":"Gulong Road","roadClass":"residential"},"geometry":{"type":"LineString","coordinates":[[121.398008,31.152689],[121.393423,31.151223]]}},{"type":"Feature","properties":{"kind":"road","osmId":"way/1322916786","name":"Gulong Road","roadClass":"residential"},"geometry":{"type":"LineString","coordinates":[[121.402048,31.153963],[121.398008,31.152689]]}},{"type":"Feature","properties":{"kind":"road","osmId":"way/1322916787","name":"Gumei Road","roadClass":"residential"},"geometry":{"type":"LineString","coordinates":[[121.398008,31.152689],[121.399032,31.149956]]}},{"type":"Feature","properties":{"kind":"road","osmId":"way/1324706235","name":"Pubei Road","roadClass":"tertiary"},"geometry":{"type":"LineString","coordinates":[[121.421867,31.159819],[121.422487,31.160319]]}},{"type":"Feature","properties":{"kind":"road","osmId":"way/1324706237","name":"Pubei Road","roadClass":"tertiary"},"geometry":{"type":"LineString","coordinates":[[121.422487,31.160319],[121.422804,31.160588]]}},{"type":"Feature","properties":{"kind":"road","osmId":"way/1324706238","name":"Pubei Road","roadClass":"tertiary"},"geometry":{"type":"LineString","coordinates":[[121.422804,31.160588],[121.422872,31.160645]]}},{"type":"Feature","properties":{"kind":"road","osmId":"way/1324706239","name":"Liuzhou Road","roadClass":"tertiary"},"geometry":{"type":"LineString","coordinates":[[121.422804,31.160588],[121.424178,31.159416]]}},{"type":"Feature","properties":{"kind":"road","osmId":"way/1324706240","name":"Liuzhou Road","roadClass":"tertiary"},"geometry":{"type":"LineString","coordinates":[[121.421429,31.162148],[121.421469,31.162063]]}},{"type":"Feature","properties":{"kind":"road","osmId":"way/1324706241","name":"South Qinzhou Road","roadClass":"tertiary"},"geometry":{"type":"LineString","coordinates":[[121.421469,31.162063],[121.421531,31.162125]]}},{"type":"Feature","properties":{"kind":"road","osmId":"way/1324706242","name":"Pubei Road","roadClass":"tertiary"},"geometry":{"type":"LineString","coordinates":[[121.417126,31.156897],[121.417192,31.156935]]}},{"type":"Feature","properties":{"kind":"road","osmId":"way/1324706243","name":"Guilin Road","roadClass":"secondary"},"geometry":{"type":"LineString","coordinates":[[121.417192,31.156935],[121.416484,31.157848]]}},{"type":"Feature","properties":{"kind":"road","osmId":"way/1324938043","name":"Hongmei Road","roadClass":"primary"},"geometry":{"type":"LineString","coordinates":[[121.39328,31.171765],[121.393422,31.171452]]}},{"type":"Feature","properties":{"kind":"road","osmId":"way/1326414107","name":"LianHua Road","roadClass":"secondary"},"geometry":{"type":"LineString","coordinates":[[121.386888,31.170497],[121.38621,31.172684]]}},{"type":"Feature","properties":{"kind":"road","osmId":"way/1327041887","name":"Guilin Road","roadClass":"secondary"},"geometry":{"type":"LineString","coordinates":[[121.415284,31.161325],[121.415148,31.162178]]}},{"type":"Feature","properties":{"kind":"road","osmId":"way/1327041889","name":"Guilin Road","roadClass":"secondary"},"geometry":{"type":"LineString","coordinates":[[121.41546,31.160231],[121.415284,31.161325]]}},{"type":"Feature","properties":{"kind":"road","osmId":"way/1327168489","name":"Liuzhou Road","roadClass":"tertiary"},"geometry":{"type":"LineString","coordinates":[[121.41987,31.172138],[121.420008,31.171695]]}},{"type":"Feature","properties":{"kind":"road","osmId":"way/1327168497","name":"Liuzhou Road","roadClass":"tertiary"},"geometry":{"type":"LineString","coordinates":[[121.419322,31.173564],[121.41987,31.172138]]}},{"type":"Feature","properties":{"kind":"road","osmId":"way/1327579132","name":"Humin Road","roadClass":"primary"},"geometry":{"type":"LineString","coordinates":[[121.428159,31.16303],[121.427244,31.162007],[121.424538,31.159403]]}},{"type":"Feature","properties":{"kind":"road","osmId":"way/1330568387","name":"South Qinzhou Road","roadClass":"tertiary"},"geometry":{"type":"LineString","coordinates":[[121.402016,31.156898],[121.402215,31.156947]]}},{"type":"Feature","properties":{"kind":"road","osmId":"way/1330568388","name":"Hongmei Road","roadClass":"primary"},"geometry":{"type":"LineString","coordinates":[[121.401726,31.155898],[121.401382,31.156737]]}},{"type":"Feature","properties":{"kind":"road","osmId":"way/1330568389","name":"Hongmei Road","roadClass":"primary"},"geometry":{"type":"LineString","coordinates":[[121.402475,31.1541],[121.401895,31.155495]]}},{"type":"Feature","properties":{"kind":"road","osmId":"way/1330568390","name":"Guijiang Road","roadClass":"residential"},"geometry":{"type":"LineString","coordinates":[[121.404602,31.152504],[121.403718,31.1545]]}},{"type":"Feature","properties":{"kind":"road","osmId":"way/1335566112","name":"Donglan Road","roadClass":"residential"},"geometry":{"type":"LineString","coordinates":[[121.387321,31.156673],[121.384683,31.15616]]}},{"type":"Feature","properties":{"kind":"road","osmId":"way/1335566113","name":"Wanyuan Road","roadClass":"residential"},"geometry":{"type":"LineString","coordinates":[[121.386778,31.158489],[121.387321,31.156673]]}},{"type":"Feature","properties":{"kind":"road","osmId":"way/1335566114","name":"Hechuan Road","roadClass":"primary"},"geometry":{"type":"LineString","coordinates":[[121.384074,31.15319],[121.384241,31.152466]]}},{"type":"Feature","properties":{"kind":"park","osmId":"way/1342713759","name":"中心绿地"},"geometry":{"type":"Polygon","coordinates":[[[121.412383,31.178871],[121.412627,31.178153],[121.413421,31.178373],[121.413184,31.179071],[121.412383,31.178871]]]}},{"type":"Feature","properties":{"kind":"road","osmId":"way/1349007505","name":"Humin Elevated Road","roadClass":"trunk"},"geometry":{"type":"LineString","coordinates":[[121.415053,31.150096],[121.419641,31.154433]]}},{"type":"Feature","properties":{"kind":"road","osmId":"way/1423929429","name":"Diecai Road","roadClass":"residential"},"geometry":{"type":"LineString","coordinates":[[121.411673,31.167666],[121.410664,31.169155],[121.409986,31.171744]]}},{"type":"Feature","properties":{"kind":"road","osmId":"way/1423929430","name":"Youjiang Road","roadClass":"residential"},"geometry":{"type":"LineString","coordinates":[[121.410664,31.169155],[121.409322,31.168879]]}},{"type":"Feature","properties":{"kind":"road","osmId":"way/1423929431","name":"Diecai Road","roadClass":"residential"},"geometry":{"type":"LineString","coordinates":[[121.411673,31.167666],[121.411718,31.167589]]}},{"type":"Feature","properties":{"kind":"park","osmId":"way/1430475329","name":"康健绿苑"},"geometry":{"type":"Polygon","coordinates":[[[121.415168,31.155657],[121.416163,31.156239],[121.416218,31.15547],[121.416137,31.154415],[121.416055,31.154359],[121.415168,31.155657]]]}},{"type":"Feature","properties":{"kind":"road","osmId":"way/1436355146","roadClass":"residential"},"geometry":{"type":"LineString","coordinates":[[121.402748,31.160879],[121.401125,31.160437]]}},{"type":"Feature","properties":{"kind":"road","osmId":"way/1436355147","roadClass":"residential"},"geometry":{"type":"LineString","coordinates":[[121.402006,31.158396],[121.399372,31.164541]]}},{"type":"Feature","properties":{"kind":"road","osmId":"way/1436355148","roadClass":"residential"},"geometry":{"type":"LineString","coordinates":[[121.402551,31.157127],[121.402189,31.157974]]}},{"type":"Feature","properties":{"kind":"road","osmId":"way/1436355149","roadClass":"residential"},"geometry":{"type":"LineString","coordinates":[[121.402189,31.157974],[121.402006,31.158396]]}},{"type":"Feature","properties":{"kind":"water","osmId":"way/1549820618"},"geometry":{"type":"Polygon","coordinates":[[[121.41292,31.177624],[121.413101,31.177562],[121.413417,31.177672],[121.413394,31.177738],[121.41292,31.177624]]]}},{"type":"Feature","properties":{"kind":"road","osmId":"way/1560492576","roadClass":"residential"},"geometry":{"type":"LineString","coordinates":[[121.41443,31.176769],[121.414917,31.175277]]}},{"type":"Feature","properties":{"kind":"road","osmId":"way/1560492583","roadClass":"residential"},"geometry":{"type":"LineString","coordinates":[[121.416514,31.173009],[121.415939,31.175024],[121.415576,31.175313],[121.415109,31.175319],[121.412247,31.174609]]}},{"type":"Feature","properties":{"kind":"park","osmId":"relation/18084558"},"geometry":{"type":"MultiPolygon","coordinates":[[[[121.400973,31.165365],[121.400401,31.165602],[121.400566,31.165227],[121.400856,31.165102],[121.402323,31.165403],[121.402477,31.165556],[121.40245,31.1658],[121.400973,31.165365]]]]}}]}
