{"type":"FeatureCollection","attribution":"© OpenStreetMap contributors","license":"https://opendatacommons.org/licenses/odbl/1-0/","source":"https://api.openstreetmap.org/api/0.6/map.json","retrievedAt":"2026-10-08T22:00:35.760210+00:00","bbox":[11.573120000000001,48.13744,11.59688,48.152559999999994],"features":[{"type":"Feature","properties":{"kind":"road","osmId":"way/3753848","name":"Alfons-Goppel-Straße","roadClass":"residential"},"geometry":{"type":"LineString","coordinates":[[11.580208,48.139156],[11.580915,48.140804]]}},{"type":"Feature","properties":{"kind":"road","osmId":"way/3791942","name":"Marstallstraße","roadClass":"residential"},"geometry":{"type":"LineString","coordinates":[[11.581283,48.138867],[11.581496,48.139139]]}},{"type":"Feature","properties":{"kind":"road","osmId":"way/3791943","name":"Wurzerstraße","roadClass":"residential"},"geometry":{"type":"LineString","coordinates":[[11.582973,48.140344],[11.582158,48.138699]]}},{"type":"Feature","properties":{"kind":"road","osmId":"way/3792170","name":"Pfisterstraße","roadClass":"residential"},"geometry":{"type":"LineString","coordinates":[[11.579086,48.138471],[11.578581,48.138639]]}},{"type":"Feature","properties":{"kind":"road","osmId":"way/3792252","name":"Falkenturmstraße","roadClass":"residential"},"geometry":{"type":"LineString","coordinates":[[11.579884,48.139051],[11.57966,48.138785]]}},{"type":"Feature","properties":{"kind":"park","osmId":"way/3812129","name":"Dichtergarten"},"geometry":{"type":"Polygon","coordinates":[[[11.581387,48.144649],[11.582067,48.144499],[11.582128,48.144298],[11.582936,48.144072],[11.58287,48.14394],[11.581973,48.143589],[11.579675,48.144077],[11.579743,48.144214],[11.580041,48.14416],[11.580266,48.144708],[11.580569,48.14465],[11.580644,48.14481],[11.581387,48.144649]]]}},{"type":"Feature","properties":{"kind":"road","osmId":"way/3812981","name":"Herzog-Rudolf-Straße","roadClass":"residential"},"geometry":{"type":"LineString","coordinates":[[11.584049,48.139766],[11.584163,48.139822]]}},{"type":"Feature","properties":{"kind":"road","osmId":"way/3812982","name":"Stollbergstraße","roadClass":"residential"},"geometry":{"type":"LineString","coordinates":[[11.583109,48.137408],[11.583305,48.13848]]}},{"type":"Feature","properties":{"kind":"road","osmId":"way/3812983","name":"Hildegardstraße","roadClass":"residential"},"geometry":{"type":"LineString","coordinates":[[11.582103,48.137512],[11.581575,48.137571]]}},{"type":"Feature","properties":{"kind":"road","osmId":"way/3812984","name":"Maximilianstraße","roadClass":"residential"},"geometry":{"type":"LineString","coordinates":[[11.577683,48.139545],[11.579457,48.139218]]}},{"type":"Feature","properties":{"kind":"road","osmId":"way/3845694","name":"Finkenstraße","roadClass":"residential"},"geometry":{"type":"LineString","coordinates":[[11.574118,48.144042],[11.575762,48.143615]]}},{"type":"Feature","properties":{"kind":"road","osmId":"way/3845695","name":"Kardinal-Döpfner-Straße","roadClass":"residential"},"geometry":{"type":"LineString","coordinates":[[11.576701,48.143828],[11.577328,48.145372]]}},{"type":"Feature","properties":{"kind":"road","osmId":"way/4000479","name":"Oskar-von-Miller-Ring","roadClass":"secondary"},"geometry":{"type":"LineString","coordinates":[[11.576879,48.145671],[11.576201,48.14565]]}},{"type":"Feature","properties":{"kind":"road","osmId":"way/4000480","name":"Oskar-von-Miller-Ring","roadClass":"secondary"},"geometry":{"type":"LineString","coordinates":[[11.575893,48.145637],[11.575351,48.145615]]}},{"type":"Feature","properties":{"kind":"road","osmId":"way/4016237","name":"Werner-von-Siemens-Straße","roadClass":"residential"},"geometry":{"type":"LineString","coordinates":[[11.574728,48.144662],[11.574381,48.143914]]}},{"type":"Feature","properties":{"kind":"road","osmId":"way/4016238","name":"Franz-Xaver-Schweyer-Straße","roadClass":"residential"},"geometry":{"type":"LineString","coordinates":[[11.576701,48.143828],[11.577465,48.14367]]}},{"type":"Feature","properties":{"kind":"road","osmId":"way/4016239","name":"Jägerstraße","roadClass":"residential"},"geometry":{"type":"LineString","coordinates":[[11.57431,48.144759],[11.574728,48.144662]]}},{"type":"Feature","properties":{"kind":"road","osmId":"way/4262225","name":"Schnorrstraße","roadClass":"residential"},"geometry":{"type":"LineString","coordinates":[[11.571655,48.153253],[11.57422,48.152503]]}},{"type":"Feature","properties":{"kind":"road","osmId":"way/4417016","name":"Oettingenstraße","roadClass":"residential"},"geometry":{"type":"LineString","coordinates":[[11.595312,48.150644],[11.594995,48.149871]]}},{"type":"Feature","properties":{"kind":"road","osmId":"way/4417118","name":"Lerchenfeldstraße","roadClass":"residential"},"geometry":{"type":"LineString","coordinates":[[11.588503,48.143075],[11.588566,48.143174]]}},{"type":"Feature","properties":{"kind":"road","osmId":"way/4427791","name":"Hirschauer Straße","roadClass":"residential"},"geometry":{"type":"LineString","coordinates":[[11.595312,48.150644],[11.595475,48.150964]]}},{"type":"Feature","properties":{"kind":"road","osmId":"way/4432705","name":"Veterinärstraße","roadClass":"residential"},"geometry":{"type":"LineString","coordinates":[[11.583997,48.150146],[11.582033,48.150453]]}},{"type":"Feature","properties":{"kind":"road","osmId":"way/4592512","name":"Franz-Josef-Strauß-Ring","roadClass":"secondary"},"geometry":{"type":"LineString","coordinates":[[11.583032,48.141681],[11.582909,48.141144]]}},{"type":"Feature","properties":{"kind":"road","osmId":"way/4592522","name":"Oskar-von-Miller-Ring","roadClass":"secondary"},"geometry":{"type":"LineString","coordinates":[[11.573968,48.144094],[11.57431,48.144759]]}},{"type":"Feature","properties":{"kind":"road","osmId":"way/4592797","name":"Gabelsbergerstraße","roadClass":"secondary"},"geometry":{"type":"LineString","coordinates":[[11.574257,48.145678],[11.574621,48.145506]]}},{"type":"Feature","properties":{"kind":"road","osmId":"way/4645400","name":"Blütenstraße","roadClass":"residential"},"geometry":{"type":"LineString","coordinates":[[11.57689,48.151711],[11.574009,48.152174]]}},{"type":"Feature","properties":{"kind":"road","osmId":"way/4645402","name":"Rheinbergerstraße","roadClass":"residential"},"geometry":{"type":"LineString","coordinates":[[11.577444,48.146382],[11.579183,48.146027]]}},{"type":"Feature","properties":{"kind":"road","osmId":"way/4645403","name":"Fürstenstraße","roadClass":"residential"},"geometry":{"type":"LineString","coordinates":[[11.577382,48.147415],[11.577052,48.146856],[11.577156,48.146444]]}},{"type":"Feature","properties":{"kind":"road","osmId":"way/4645410","name":"Hildegardstraße","roadClass":"residential"},"geometry":{"type":"LineString","coordinates":[[11.581575,48.137571],[11.5811,48.137621]]}},{"type":"Feature","properties":{"kind":"road","osmId":"way/4645411","name":"Falckenbergstraße","roadClass":"residential"},"geometry":{"type":"LineString","coordinates":[[11.581729,48.138783],[11.581575,48.137571]]}},{"type":"Feature","properties":{"kind":"road","osmId":"way/4645416","name":"Neuturmstraße","roadClass":"residential"},"geometry":{"type":"LineString","coordinates":[[11.5811,48.137621],[11.580905,48.136942]]}},{"type":"Feature","properties":{"kind":"road","osmId":"way/4645418","name":"Falkenturmstraße","roadClass":"residential"},"geometry":{"type":"LineString","coordinates":[[11.57966,48.138785],[11.580711,48.13836]]}},{"type":"Feature","properties":{"kind":"road","osmId":"way/4645419","name":"Am Kosttor","roadClass":"residential"},"geometry":{"type":"LineString","coordinates":[[11.581283,48.138867],[11.581029,48.138637]]}},{"type":"Feature","properties":{"kind":"road","osmId":"way/4645425","name":"Oettingenstraße","roadClass":"secondary"},"geometry":{"type":"LineString","coordinates":[[11.592171,48.142337],[11.591766,48.141682]]}},{"type":"Feature","properties":{"kind":"road","osmId":"way/4645426","name":"Seeaustraße","roadClass":"residential"},"geometry":{"type":"LineString","coordinates":[[11.59323,48.144097],[11.591405,48.144518]]}},{"type":"Feature","properties":{"kind":"road","osmId":"way/4645427","name":"Crusiusstraße","roadClass":"residential"},"geometry":{"type":"LineString","coordinates":[[11.595168,48.143921],[11.594559,48.143996]]}},{"type":"Feature","properties":{"kind":"road","osmId":"way/4645428","name":"Rosenbuschstraße","roadClass":"residential"},"geometry":{"type":"LineString","coordinates":[[11.595486,48.145269],[11.593773,48.145582]]}},{"type":"Feature","properties":{"kind":"road","osmId":"way/4645429","name":"Reitmorstraße","roadClass":"residential"},"geometry":{"type":"LineString","coordinates":[[11.59167,48.138982],[11.592461,48.139677],[11.593048,48.141296]]}},{"type":"Feature","properties":{"kind":"road","osmId":"way/4645430","name":"Alexandrastraße","roadClass":"residential"},"geometry":{"type":"LineString","coordinates":[[11.59026,48.142098],[11.589791,48.140991]]}},{"type":"Feature","properties":{"kind":"road","osmId":"way/4645431","name":"Liebigstraße","roadClass":"residential"},"geometry":{"type":"LineString","coordinates":[[11.588821,48.141132],[11.586469,48.141464]]}},{"type":"Feature","properties":{"kind":"road","osmId":"way/4645433","name":"Robert-Koch-Straße","roadClass":"residential"},"geometry":{"type":"LineString","coordinates":[[11.588593,48.140132],[11.589629,48.139834]]}},{"type":"Feature","properties":{"kind":"road","osmId":"way/4645438","name":"Gewürzmühlstraße","roadClass":"residential"},"geometry":{"type":"LineString","coordinates":[[11.591229,48.138177],[11.590285,48.138702]]}},{"type":"Feature","properties":{"kind":"road","osmId":"way/4645439","name":"Christophstraße","roadClass":"residential"},"geometry":{"type":"LineString","coordinates":[[11.584783,48.141443],[11.586096,48.141517]]}},{"type":"Feature","properties":{"kind":"road","osmId":"way/4645445","name":"Sankt-Anna-Straße","roadClass":"residential"},"geometry":{"type":"LineString","coordinates":[[11.586686,48.140109],[11.586201,48.14132],[11.586222,48.141499]]}},{"type":"Feature","properties":{"kind":"road","osmId":"way/4645446","name":"Bürkleinstraße","roadClass":"residential"},"geometry":{"type":"LineString","coordinates":[[11.587015,48.139288],[11.584796,48.139347]]}},{"type":"Feature","properties":{"kind":"road","osmId":"way/4662372","name":"Christophstraße","roadClass":"residential"},"geometry":{"type":"LineString","coordinates":[[11.58478,48.141277],[11.583214,48.141228]]}},{"type":"Feature","properties":{"kind":"road","osmId":"way/4673766","name":"Reitmorstraße","roadClass":"residential"},"geometry":{"type":"LineString","coordinates":[[11.594139,48.14405],[11.594273,48.144573]]}},{"type":"Feature","properties":{"kind":"road","osmId":"way/8308075","name":"Oskar-von-Miller-Ring","roadClass":"secondary"},"geometry":{"type":"LineString","coordinates":[[11.578878,48.145348],[11.577868,48.145578]]}},{"type":"Feature","properties":{"kind":"water","osmId":"way/10204369"},"geometry":{"type":"Polygon","coordinates":[[[11.58382,48.143905],[11.583707,48.144053],[11.583916,48.144148],[11.584028,48.14398],[11.583905,48.143773],[11.58382,48.143905]]]}},{"type":"Feature","properties":{"kind":"road","osmId":"way/10436937","name":"Tivolibrücke","roadClass":"unclassified"},"geometry":{"type":"LineString","coordinates":[[11.594148,48.151602],[11.594071,48.151701]]}},{"type":"Feature","properties":{"kind":"road","osmId":"way/10436938","name":"Englischer Garten","roadClass":"unclassified"},"geometry":{"type":"LineString","coordinates":[[11.594039,48.151741],[11.593476,48.152653],[11.592947,48.154046]]}},{"type":"Feature","properties":{"kind":"road","osmId":"way/11522329","name":"Himbselstraße","roadClass":"residential"},"geometry":{"type":"LineString","coordinates":[[11.592786,48.143347],[11.59037,48.143945]]}},{"type":"Feature","properties":{"kind":"road","osmId":"way/11798844","name":"Oettingenstraße","roadClass":"residential"},"geometry":{"type":"LineString","coordinates":[[11.592829,48.146586],[11.593228,48.14654]]}},{"type":"Feature","properties":{"kind":"road","osmId":"way/12693859","name":"Oettingenstraße","roadClass":"residential"},"geometry":{"type":"LineString","coordinates":[[11.594444,48.148654],[11.593389,48.147712],[11.593015,48.147148],[11.592829,48.146586]]}},{"type":"Feature","properties":{"kind":"road","osmId":"way/12693861","name":"Oettingenstraße","roadClass":"residential"},"geometry":{"type":"LineString","coordinates":[[11.59454,48.148828],[11.594444,48.148654]]}},{"type":"Feature","properties":{"kind":"road","osmId":"way/12695626","name":"Theodorparkstraße","roadClass":"residential"},"geometry":{"type":"LineString","coordinates":[[11.594612,48.148946],[11.595595,48.149313],[11.596606,48.150022]]}},{"type":"Feature","properties":{"kind":"park","osmId":"way/17978461","name":"Salinenhof"},"geometry":{"type":"Polygon","coordinates":[[[11.579111,48.149598],[11.57856,48.149858],[11.579002,48.15045],[11.578975,48.150194],[11.579223,48.150138],[11.579277,48.150267],[11.580531,48.149993],[11.580033,48.1492],[11.579839,48.149262],[11.57991,48.149379],[11.579809,48.149406],[11.579884,48.149549],[11.579824,48.149583],[11.579652,48.149609],[11.579581,48.149468],[11.579111,48.149598]]]}},{"type":"Feature","properties":{"kind":"road","osmId":"way/18959384","name":"Prinzregentenstraße","roadClass":"secondary"},"geometry":{"type":"LineString","coordinates":[[11.594469,48.141854],[11.593407,48.142069]]}},{"type":"Feature","properties":{"kind":"road","osmId":"way/19371003","name":"Odeonsplatz","roadClass":"tertiary"},"geometry":{"type":"LineString","coordinates":[[11.577539,48.142662],[11.577763,48.142723],[11.57787,48.143095]]}},{"type":"Feature","properties":{"kind":"road","osmId":"way/19371348","name":"Odeonsplatz","roadClass":"tertiary"},"geometry":{"type":"LineString","coordinates":[[11.577897,48.1433],[11.578153,48.143845]]}},{"type":"Feature","properties":{"kind":"road","osmId":"way/19371510","name":"Odeonsplatz","roadClass":"tertiary"},"geometry":{"type":"LineString","coordinates":[[11.577897,48.1433],[11.577696,48.14296]]}},{"type":"Feature","properties":{"kind":"road","osmId":"way/19423091","name":"Geschwister-Scholl-Platz","roadClass":"residential"},"geometry":{"type":"LineString","coordinates":[[11.581233,48.151103],[11.580882,48.151017],[11.580588,48.150753],[11.580597,48.150429],[11.580829,48.15021]]}},{"type":"Feature","properties":{"kind":"road","osmId":"way/19686362","name":"Schönfeldstraße","roadClass":"residential"},"geometry":{"type":"LineString","coordinates":[[11.584065,48.14546],[11.582604,48.145617]]}},{"type":"Feature","properties":{"kind":"waterway","osmId":"way/19687937","name":"Schwabinger Bach"},"geometry":{"type":"LineString","coordinates":[[11.584079,48.144427],[11.584405,48.144921],[11.585031,48.145339]]}},{"type":"Feature","properties":{"kind":"road","osmId":"way/19689143","name":"Himmelreichstraße","roadClass":"residential"},"geometry":{"type":"LineString","coordinates":[[11.592829,48.146586],[11.592651,48.146615],[11.59193,48.147101]]}},{"type":"Feature","properties":{"kind":"waterway","osmId":"way/23039937"},"geometry":{"type":"LineString","coordinates":[[11.592953,48.136921],[11.59367,48.137957],[11.593967,48.13854],[11.594085,48.139113]]}},{"type":"Feature","properties":{"kind":"waterway","osmId":"way/23039972"},"geometry":{"type":"LineString","coordinates":[[11.594085,48.139113],[11.593878,48.139555]]}},{"type":"Feature","properties":{"kind":"park","osmId":"way/23040742","name":"Maximiliansanlagen"},"geometry":{"type":"Polygon","coordinates":[[[11.593681,48.135292],[11.592897,48.135277],[11.592918,48.135192],[11.592151,48.135044],[11.590946,48.133634],[11.591099,48.133392],[11.591599,48.13359],[11.591646,48.13354],[11.591153,48.133295],[11.591349,48.132847],[11.590646,48.132622],[11.589614,48.131936],[11.58918,48.13179],[11.589987,48.133056],[11.590069,48.13334],[11.588998,48.133646],[11.58987,48.134494],[11.591102,48.135235],[11.591989,48.136145],[11.592556,48.136551],[11.593283,48.138208],[11.594415,48.139433],[11.594976,48.140209],[11.596186,48.142837],[11.596912,48.146066],[11.597204,48.146964],[11.597557,48.147587],[11.598748,48.148981],[11.599262,48.148774],[11.598803,48.148182],[11.598445,48.14738],[11.598326,48.146992],[11.598615,48.146862],[11.600274,48.147916],[11.600169,48.147985],[11.601087,48.148737],[11.602192,48.148856],[11.602766,48.148144],[11.602658,48.14801],[11.60261,48.147973],[11.602644,48.148253],[11.602015,48.148734],[11.60172,48.148669],[11.600636,48.14804],[11.600472,48.147892],[11.60121,48.147683],[11.60061,48.14724],[11.599482,48.145702],[11.598867,48.14515],[11.598599,48.144766],[11.598466,48.144456],[11.598342,48.143397],[11.598424,48.141296],[11.598147,48.141093],[11.598149,48.140943],[11.598394,48.140781],[11.598229,48.139575],[11.597962,48.139058],[11.596864,48.13775],[11.596518,48.136465],[11.595823,48.134971],[11.595546,48.134893],[11.594562,48.135387],[11.593924,48.135313],[11.594963,48.134769],[11.593556,48.134285],[11.593402,48.134538],[11.593583,48.134788],[11.593681,48.135292]]]}},{"type":"Feature","properties":{"kind":"waterway","osmId":"way/23085507","name":"Eisbach"},"geometry":{"type":"LineString","coordinates":[[11.587736,48.143345],[11.587747,48.143406]]}},{"type":"Feature","properties":{"kind":"road","osmId":"way/24061194","name":"Hochbrückenstraße","roadClass":"residential"},"geometry":{"type":"LineString","coordinates":[[11.581425,48.136925],[11.582103,48.137512]]}},{"type":"Feature","properties":{"kind":"road","osmId":"way/24376295","name":"Widenmayerstraße","roadClass":"secondary"},"geometry":{"type":"LineString","coordinates":[[11.597388,48.149535],[11.596301,48.148317]]}},{"type":"Feature","properties":{"kind":"road","osmId":"way/24638702","name":"Paradiesstraße","roadClass":"residential"},"geometry":{"type":"LineString","coordinates":[[11.594575,48.146562],[11.594747,48.146546]]}},{"type":"Feature","properties":{"kind":"road","osmId":"way/24638703","name":"Paradiesstraße","roadClass":"residential"},"geometry":{"type":"LineString","coordinates":[[11.594528,48.146494],[11.593228,48.14654]]}},{"type":"Feature","properties":{"kind":"road","osmId":"way/25507204","name":"Wittelsbacherplatz","roadClass":"residential"},"geometry":{"type":"LineString","coordinates":[[11.575762,48.143615],[11.575961,48.143715],[11.576514,48.143604],[11.576621,48.143657]]}},{"type":"Feature","properties":{"kind":"road","osmId":"way/25695639","name":"Sankt-Anna-Straße","roadClass":"residential"},"geometry":{"type":"LineString","coordinates":[[11.586706,48.138223],[11.586693,48.138158]]}},{"type":"Feature","properties":{"kind":"road","osmId":"way/25943198","name":"Brienner Straße","roadClass":"tertiary"},"geometry":{"type":"LineString","coordinates":[[11.574902,48.143143],[11.574461,48.143232]]}},{"type":"Feature","properties":{"kind":"road","osmId":"way/26557052","name":"Seitzstraße","roadClass":"residential"},"geometry":{"type":"LineString","coordinates":[[11.585846,48.143418],[11.58516,48.142633]]}},{"type":"Feature","properties":{"kind":"road","osmId":"way/26572500","name":"Sankt-Anna-Straße","roadClass":"residential"},"geometry":{"type":"LineString","coordinates":[[11.586706,48.138223],[11.586752,48.138339]]}},{"type":"Feature","properties":{"kind":"road","osmId":"way/26572561","name":"Maximilianstraße","roadClass":"residential"},"geometry":{"type":"LineString","coordinates":[[11.590087,48.137472],[11.589288,48.137656]]}},{"type":"Feature","properties":{"kind":"road","osmId":"way/26572563","name":"Pilotystraße","roadClass":"residential"},"geometry":{"type":"LineString","coordinates":[[11.58359,48.141587],[11.584061,48.142593]]}},{"type":"Feature","properties":{"kind":"road","osmId":"way/26593590","name":"Sankt-Anna-Platz","roadClass":"residential"},"geometry":{"type":"LineString","coordinates":[[11.588115,48.140183],[11.587992,48.140177]]}},{"type":"Feature","properties":{"kind":"road","osmId":"way/26593592","name":"Reitmorstraße","roadClass":"residential"},"geometry":{"type":"LineString","coordinates":[[11.593717,48.142718],[11.593816,48.142999]]}},{"type":"Feature","properties":{"kind":"road","osmId":"way/26593595","name":"Am Gries","roadClass":"residential"},"geometry":{"type":"LineString","coordinates":[[11.593717,48.142718],[11.594058,48.142656]]}},{"type":"Feature","properties":{"kind":"road","osmId":"way/26613837","name":"Karolinenstraße","roadClass":"residential"},"geometry":{"type":"LineString","coordinates":[[11.595282,48.148734],[11.595364,48.148459],[11.595552,48.14829],[11.595965,48.148143]]}},{"type":"Feature","properties":{"kind":"road","osmId":"way/26644288","name":"Bruderstraße","roadClass":"residential"},"geometry":{"type":"LineString","coordinates":[[11.585853,48.141514],[11.585881,48.142123],[11.585993,48.142315]]}},{"type":"Feature","properties":{"kind":"road","osmId":"way/26798625","name":"Seitzstraße","roadClass":"residential"},"geometry":{"type":"LineString","coordinates":[[11.584767,48.141617],[11.58516,48.142633]]}},{"type":"Feature","properties":{"kind":"road","osmId":"way/26798626","name":"Seitzstraße","roadClass":"residential"},"geometry":{"type":"LineString","coordinates":[[11.584783,48.141443],[11.584767,48.141617]]}},{"type":"Feature","properties":{"kind":"road","osmId":"way/26837609","name":"Sankt-Anna-Straße","roadClass":"residential"},"geometry":{"type":"LineString","coordinates":[[11.587086,48.138082],[11.586836,48.137981]]}},{"type":"Feature","properties":{"kind":"water","osmId":"way/26983613"},"geometry":{"type":"Polygon","coordinates":[[[11.598824,48.149208],[11.598564,48.148901],[11.598617,48.148826],[11.598535,48.148731],[11.598432,48.148782],[11.597753,48.148217],[11.597091,48.147512],[11.596968,48.147268],[11.597156,48.146818],[11.596912,48.146066],[11.596242,48.143025],[11.595673,48.141704],[11.594871,48.141865],[11.595456,48.143332],[11.595582,48.143531],[11.595677,48.143515],[11.595826,48.143903],[11.595958,48.144753],[11.59593,48.145326],[11.596323,48.146868],[11.596901,48.147849],[11.598291,48.149406],[11.598824,48.149208]]]}},{"type":"Feature","properties":{"kind":"water","osmId":"way/26983614"},"geometry":{"type":"Polygon","coordinates":[[[11.592383,48.13861],[11.593186,48.13919],[11.593954,48.140021],[11.594248,48.140436],[11.594871,48.141865],[11.595673,48.141704],[11.595152,48.140639],[11.594222,48.139657],[11.594255,48.13928],[11.593917,48.138938],[11.593704,48.13903],[11.593632,48.138822],[11.593687,48.138661],[11.593478,48.138431],[11.592383,48.13861]]]}},{"type":"Feature","properties":{"kind":"road","osmId":"way/27312595","name":"Tattenbachstraße","roadClass":"residential"},"geometry":{"type":"LineString","coordinates":[[11.589872,48.140101],[11.590594,48.140877]]}},{"type":"Feature","properties":{"kind":"road","osmId":"way/27350220","name":"Sigmundstraße","roadClass":"residential"},"geometry":{"type":"LineString","coordinates":[[11.583362,48.141592],[11.584767,48.141617]]}},{"type":"Feature","properties":{"kind":"road","osmId":"way/27350221","name":"Hofgartenstraße","roadClass":"residential"},"geometry":{"type":"LineString","coordinates":[[11.582909,48.141144],[11.583111,48.141142]]}},{"type":"Feature","properties":{"kind":"road","osmId":"way/27350260","name":"Hofgartenstraße","roadClass":"residential"},"geometry":{"type":"LineString","coordinates":[[11.582774,48.141171],[11.582909,48.141144]]}},{"type":"Feature","properties":{"kind":"road","osmId":"way/27375917","name":"Reitmorstraße","roadClass":"residential"},"geometry":{"type":"LineString","coordinates":[[11.593717,48.142718],[11.593407,48.142069]]}},{"type":"Feature","properties":{"kind":"road","osmId":"way/27447868","name":"Sankt-Anna-Straße","roadClass":"residential"},"geometry":{"type":"LineString","coordinates":[[11.587062,48.139693],[11.587113,48.139498]]}},{"type":"Feature","properties":{"kind":"road","osmId":"way/27500839","name":"Maximilianstraße","roadClass":"residential"},"geometry":{"type":"LineString","coordinates":[[11.58665,48.137509],[11.584993,48.137828]]}},{"type":"Feature","properties":{"kind":"road","osmId":"way/27500840","name":"Adelgundenstraße","roadClass":"residential"},"geometry":{"type":"LineString","coordinates":[[11.58665,48.137509],[11.586761,48.13778]]}},{"type":"Feature","properties":{"kind":"road","osmId":"way/27500861","name":"Maximilianstraße","roadClass":"residential"},"geometry":{"type":"LineString","coordinates":[[11.585521,48.138385],[11.586693,48.138158]]}},{"type":"Feature","properties":{"kind":"road","osmId":"way/27848190","name":"Adelgundenstraße","roadClass":"residential"},"geometry":{"type":"LineString","coordinates":[[11.586491,48.137094],[11.58665,48.137509]]}},{"type":"Feature","properties":{"kind":"road","osmId":"way/28338974","name":"Franz-Josef-Strauß-Ring","roadClass":"secondary"},"geometry":{"type":"LineString","coordinates":[[11.584265,48.143795],[11.584314,48.143921]]}},{"type":"Feature","properties":{"kind":"road","osmId":"way/28338975","name":"Franz-Josef-Strauß-Ring","roadClass":"secondary"},"geometry":{"type":"LineString","coordinates":[[11.584255,48.143901],[11.584265,48.143795]]}},{"type":"Feature","properties":{"kind":"road","osmId":"way/28338977","name":"Von-der-Tann-Straße","roadClass":"secondary"},"geometry":{"type":"LineString","coordinates":[[11.58374,48.144326],[11.584118,48.144174],[11.584255,48.143901]]}},{"type":"Feature","properties":{"kind":"road","osmId":"way/28338981","name":"Altstadtringtunnel","roadClass":"secondary"},"geometry":{"type":"LineString","coordinates":[[11.583291,48.144494],[11.58269,48.14452],[11.581491,48.14476]]}},{"type":"Feature","properties":{"kind":"road","osmId":"way/30750546","name":"Schrammerstraße","roadClass":"residential"},"geometry":{"type":"LineString","coordinates":[[11.57589,48.1393],[11.577163,48.139004],[11.577277,48.13888]]}},{"type":"Feature","properties":{"kind":"road","osmId":"way/30750675","name":"Sparkassenstraße","roadClass":"residential"},"geometry":{"type":"LineString","coordinates":[[11.578286,48.137421],[11.579064,48.138433]]}},{"type":"Feature","properties":{"kind":"road","osmId":"way/30761501","name":"Oskar-von-Miller-Ring","roadClass":"secondary"},"geometry":{"type":"LineString","coordinates":[[11.575181,48.145508],[11.576875,48.145571]]}},{"type":"Feature","properties":{"kind":"road","osmId":"way/30965182","name":"Sigmundstraße","roadClass":"residential"},"geometry":{"type":"LineString","coordinates":[[11.583222,48.141605],[11.583362,48.141592]]}},{"type":"Feature","properties":{"kind":"road","osmId":"way/30965375","name":"Karl-Scharnagl-Ring","roadClass":"secondary"},"geometry":{"type":"LineString","coordinates":[[11.584163,48.139822],[11.584644,48.139353],[11.584713,48.139135]]}},{"type":"Feature","properties":{"kind":"road","osmId":"way/31019214","name":"Maximilianstraße","roadClass":"secondary"},"geometry":{"type":"LineString","coordinates":[[11.584632,48.138187],[11.584775,48.138157]]}},{"type":"Feature","properties":{"kind":"road","osmId":"way/31159465","name":"Prinzregentenstraße","roadClass":"secondary"},"geometry":{"type":"LineString","coordinates":[[11.587386,48.143297],[11.587333,48.14331]]}},{"type":"Feature","properties":{"kind":"road","osmId":"way/31159466","name":"Bruderstraße","roadClass":"residential"},"geometry":{"type":"LineString","coordinates":[[11.585993,48.142315],[11.587236,48.143184]]}},{"type":"Feature","properties":{"kind":"road","osmId":"way/31159467","name":"Prinzregentenstraße","roadClass":"secondary"},"geometry":{"type":"LineString","coordinates":[[11.588503,48.143075],[11.587803,48.143215]]}},{"type":"Feature","properties":{"kind":"road","osmId":"way/31159471","name":"Prinzregentenstraße","roadClass":"secondary"},"geometry":{"type":"LineString","coordinates":[[11.589648,48.142835],[11.588503,48.143075]]}},{"type":"Feature","properties":{"kind":"road","osmId":"way/31172943","name":"Alexandrastraße","roadClass":"residential"},"geometry":{"type":"LineString","coordinates":[[11.590461,48.142557],[11.590425,48.142476]]}},{"type":"Feature","properties":{"kind":"road","osmId":"way/31172944","name":"Alexandrastraße","roadClass":"residential"},"geometry":{"type":"LineString","coordinates":[[11.590461,48.142557],[11.590508,48.142661]]}},{"type":"Feature","properties":{"kind":"road","osmId":"way/31232317","name":"Karl-Scharnagl-Ring","roadClass":"secondary"},"geometry":{"type":"LineString","coordinates":[[11.582909,48.141144],[11.583027,48.140904],[11.584163,48.139822]]}},{"type":"Feature","properties":{"kind":"road","osmId":"way/32735993","name":"Prinzregentenstraße","roadClass":"secondary"},"geometry":{"type":"LineString","coordinates":[[11.594823,48.141781],[11.594469,48.141854]]}},{"type":"Feature","properties":{"kind":"road","osmId":"way/32790537","name":"Seitzstraße","roadClass":"residential"},"geometry":{"type":"LineString","coordinates":[[11.58478,48.141277],[11.58479,48.140528]]}},{"type":"Feature","properties":{"kind":"road","osmId":"way/32790538","name":"Seitzstraße","roadClass":"residential"},"geometry":{"type":"LineString","coordinates":[[11.58478,48.141277],[11.584783,48.141443]]}},{"type":"Feature","properties":{"kind":"road","osmId":"way/32939024","name":"Widenmayerstraße","roadClass":"secondary"},"geometry":{"type":"LineString","coordinates":[[11.596301,48.148317],[11.595945,48.147986]]}},{"type":"Feature","properties":{"kind":"road","osmId":"way/32939025","name":"Widenmayerstraße","roadClass":"secondary"},"geometry":{"type":"LineString","coordinates":[[11.596387,48.148296],[11.59748,48.149504]]}},{"type":"Feature","properties":{"kind":"road","osmId":"way/33280455","name":"Tivolistraße","roadClass":"residential"},"geometry":{"type":"LineString","coordinates":[[11.596184,48.150229],[11.596627,48.150011]]}},{"type":"Feature","properties":{"kind":"road","osmId":"way/33487034","name":"Königinstraße","roadClass":"residential"},"geometry":{"type":"LineString","coordinates":[[11.589024,48.15659],[11.588373,48.154665],[11.58768,48.153341],[11.587433,48.153131],[11.585626,48.152263],[11.585355,48.151951],[11.584532,48.150122]]}},{"type":"Feature","properties":{"kind":"road","osmId":"way/33548773","name":"Oskar-von-Miller-Ring","roadClass":"secondary"},"geometry":{"type":"LineString","coordinates":[[11.574404,48.144932],[11.574675,48.145277]]}},{"type":"Feature","properties":{"kind":"road","osmId":"way/34130309","name":"Barer Straße","roadClass":"tertiary"},"geometry":{"type":"LineString","coordinates":[[11.573275,48.151031],[11.573725,48.151731]]}},{"type":"Feature","properties":{"kind":"road","osmId":"way/34240121","name":"Christophstraße","roadClass":"residential"},"geometry":{"type":"LineString","coordinates":[[11.583214,48.141228],[11.583101,48.141236]]}},{"type":"Feature","properties":{"kind":"road","osmId":"way/35881800","name":"Franz-Josef-Strauß-Ring","roadClass":"secondary"},"geometry":{"type":"LineString","coordinates":[[11.583034,48.144269],[11.583659,48.143837],[11.583664,48.143241],[11.583483,48.142807]]}},{"type":"Feature","properties":{"kind":"road","osmId":"way/36993742","name":"Emil-Riedel-Straße","roadClass":"secondary"},"geometry":{"type":"LineString","coordinates":[[11.59539,48.147532],[11.594841,48.14689]]}},{"type":"Feature","properties":{"kind":"road","osmId":"way/37527404","name":"Wagmüllerstraße","roadClass":"residential"},"geometry":{"type":"LineString","coordinates":[[11.588503,48.143075],[11.588459,48.142939]]}},{"type":"Feature","properties":{"kind":"road","osmId":"way/37527405","name":"Unsöldstraße","roadClass":"residential"},"geometry":{"type":"LineString","coordinates":[[11.588617,48.141801],[11.586764,48.142058],[11.585993,48.142315]]}},{"type":"Feature","properties":{"kind":"road","osmId":"way/37527406","name":"Gewürzmühlstraße","roadClass":"residential"},"geometry":{"type":"LineString","coordinates":[[11.588668,48.139451],[11.588604,48.139449]]}},{"type":"Feature","properties":{"kind":"road","osmId":"way/37527407","name":"Thierschplatz","roadClass":"residential"},"geometry":{"type":"LineString","coordinates":[[11.588714,48.13908],[11.589093,48.139302]]}},{"type":"Feature","properties":{"kind":"road","osmId":"way/37527408","name":"Pfarrstraße","roadClass":"residential"},"geometry":{"type":"LineString","coordinates":[[11.588395,48.138323],[11.588377,48.138329]]}},{"type":"Feature","properties":{"kind":"road","osmId":"way/37527409","name":"Triftstraße","roadClass":"residential"},"geometry":{"type":"LineString","coordinates":[[11.588589,48.14012],[11.588839,48.14113]]}},{"type":"Feature","properties":{"kind":"road","osmId":"way/37527411","name":"Maximilianstraße","roadClass":"secondary"},"geometry":{"type":"LineString","coordinates":[[11.588987,48.13739],[11.588563,48.137547]]}},{"type":"Feature","properties":{"kind":"road","osmId":"way/37527413","name":"Maximilianstraße","roadClass":"residential"},"geometry":{"type":"LineString","coordinates":[[11.58665,48.137509],[11.587651,48.137324]]}},{"type":"Feature","properties":{"kind":"road","osmId":"way/37527415","name":"Thierschstraße","roadClass":"residential"},"geometry":{"type":"LineString","coordinates":[[11.587906,48.137479],[11.587953,48.137296]]}},{"type":"Feature","properties":{"kind":"road","osmId":"way/37530527","name":"Maximilianstraße","roadClass":"residential"},"geometry":{"type":"LineString","coordinates":[[11.587973,48.137908],[11.58789,48.137922]]}},{"type":"Feature","properties":{"kind":"road","osmId":"way/37530528","name":"Maximilianstraße","roadClass":"residential"},"geometry":{"type":"LineString","coordinates":[[11.58789,48.137922],[11.587086,48.138082]]}},{"type":"Feature","properties":{"kind":"road","osmId":"way/37773684","name":"Thierschplatz","roadClass":"residential"},"geometry":{"type":"LineString","coordinates":[[11.588668,48.139451],[11.588628,48.139536]]}},{"type":"Feature","properties":{"kind":"road","osmId":"way/38332817","name":"Marstallstraße","roadClass":"residential"},"geometry":{"type":"LineString","coordinates":[[11.581496,48.139139],[11.582503,48.140383],[11.582665,48.140433],[11.582973,48.140344]]}},{"type":"Feature","properties":{"kind":"road","osmId":"way/38332818","name":"Maximilianstraße","roadClass":"residential"},"geometry":{"type":"LineString","coordinates":[[11.580725,48.138973],[11.581283,48.138867]]}},{"type":"Feature","properties":{"kind":"road","osmId":"way/38332819","name":"Maximilianstraße","roadClass":"residential"},"geometry":{"type":"LineString","coordinates":[[11.581283,48.138867],[11.582158,48.138699]]}},{"type":"Feature","properties":{"kind":"road","osmId":"way/38332820","name":"Maximilianstraße","roadClass":"residential"},"geometry":{"type":"LineString","coordinates":[[11.582158,48.138699],[11.583305,48.13848]]}},{"type":"Feature","properties":{"kind":"road","osmId":"way/38332821","name":"Maximilianstraße","roadClass":"residential"},"geometry":{"type":"LineString","coordinates":[[11.583305,48.13848],[11.584314,48.138286]]}},{"type":"Feature","properties":{"kind":"road","osmId":"way/38332822","name":"Maximilianstraße","roadClass":"residential"},"geometry":{"type":"LineString","coordinates":[[11.584314,48.138286],[11.584468,48.138257]]}},{"type":"Feature","properties":{"kind":"road","osmId":"way/38333187","name":"Maximilianstraße","roadClass":"secondary"},"geometry":{"type":"LineString","coordinates":[[11.584775,48.138157],[11.585466,48.138026]]}},{"type":"Feature","properties":{"kind":"road","osmId":"way/38333188","name":"Maximilianstraße","roadClass":"secondary"},"geometry":{"type":"LineString","coordinates":[[11.586761,48.13778],[11.587251,48.137677]]}},{"type":"Feature","properties":{"kind":"road","osmId":"way/38333190","name":"Sankt-Anna-Straße","roadClass":"residential"},"geometry":{"type":"LineString","coordinates":[[11.586836,48.137981],[11.58679,48.137858]]}},{"type":"Feature","properties":{"kind":"road","osmId":"way/38349285","name":"Wagmüllerstraße","roadClass":"residential"},"geometry":{"type":"LineString","coordinates":[[11.588839,48.14113],[11.588617,48.141801]]}},{"type":"Feature","properties":{"kind":"road","osmId":"way/39119422","name":"Tivolistraße","roadClass":"residential"},"geometry":{"type":"LineString","coordinates":[[11.596627,48.150011],[11.59682,48.149923]]}},{"type":"Feature","properties":{"kind":"road","osmId":"way/39119424","name":"Tivolistraße","roadClass":"residential"},"geometry":{"type":"LineString","coordinates":[[11.59682,48.149923],[11.597259,48.149723]]}},{"type":"Feature","properties":{"kind":"waterway","osmId":"way/39127446","name":"Eisbach"},"geometry":{"type":"LineString","coordinates":[[11.594725,48.148792],[11.595663,48.14916],[11.596171,48.149484],[11.596995,48.15023],[11.597487,48.15135],[11.597566,48.152608],[11.597805,48.152989],[11.599819,48.153776],[11.600195,48.154033],[11.602193,48.15612],[11.603416,48.158014],[11.604287,48.158619],[11.606164,48.159503]]}},{"type":"Feature","properties":{"kind":"road","osmId":"way/39321854","name":"Ludwigstraße","roadClass":"secondary"},"geometry":{"type":"LineString","coordinates":[[11.580564,48.148984],[11.580863,48.149623]]}},{"type":"Feature","properties":{"kind":"waterway","osmId":"way/40060755","name":"Eisbach"},"geometry":{"type":"LineString","coordinates":[[11.59436,48.148673],[11.594725,48.148792]]}},{"type":"Feature","properties":{"kind":"road","osmId":"way/40097836","name":"Sankt-Anna-Platz","roadClass":"residential"},"geometry":{"type":"LineString","coordinates":[[11.588589,48.14012],[11.588115,48.140183]]}},{"type":"Feature","properties":{"kind":"road","osmId":"way/40317918","name":"Von-der-Tann-Straße","roadClass":"secondary"},"geometry":{"type":"LineString","coordinates":[[11.584316,48.144135],[11.584095,48.14432],[11.583776,48.144402]]}},{"type":"Feature","properties":{"kind":"road","osmId":"way/40317919","name":"Ludwigstraße","roadClass":"secondary"},"geometry":{"type":"LineString","coordinates":[[11.579183,48.146027],[11.578878,48.145348]]}},{"type":"Feature","properties":{"kind":"road","osmId":"way/40317920","name":"Ludwigstraße","roadClass":"secondary"},"geometry":{"type":"LineString","coordinates":[[11.580369,48.148566],[11.579556,48.146828]]}},{"type":"Feature","properties":{"kind":"road","osmId":"way/40317928","name":"Gabelsbergerstraße","roadClass":"secondary"},"geometry":{"type":"LineString","coordinates":[[11.574257,48.145678],[11.574655,48.14558]]}},{"type":"Feature","properties":{"kind":"waterway","osmId":"way/40395709","name":"Schwabinger Bach"},"geometry":{"type":"LineString","coordinates":[[11.585031,48.145339],[11.585893,48.145476],[11.586512,48.145418],[11.58716,48.145204],[11.58767,48.145302],[11.587466,48.147571],[11.587519,48.149174],[11.587436,48.14948],[11.587543,48.149857],[11.587845,48.150099],[11.587898,48.150553],[11.587627,48.15097],[11.587204,48.151151],[11.587023,48.15142],[11.587094,48.151591],[11.587886,48.152275],[11.58847,48.153029],[11.589379,48.153516],[11.590114,48.154393],[11.590107,48.155189],[11.590006,48.155654],[11.589401,48.156745],[11.589575,48.157286],[11.589916,48.157544],[11.590774,48.157848],[11.591193,48.158167],[11.591639,48.158697],[11.592306,48.159803],[11.592679,48.160179],[11.593427,48.160625],[11.593812,48.161044],[11.595804,48.162484],[11.596112,48.162688],[11.596532,48.162794]]}},{"type":"Feature","properties":{"kind":"waterway","osmId":"way/41480144","name":"Isar"},"geometry":{"type":"LineString","coordinates":[[11.578231,48.12829],[11.58519,48.131823],[11.587667,48.134225],[11.589485,48.136272],[11.590664,48.137353],[11.592575,48.138527],[11.593256,48.138752]]}},{"type":"Feature","properties":{"kind":"road","osmId":"way/42327397","name":"Wagmüllerstraße","roadClass":"residential"},"geometry":{"type":"LineString","coordinates":[[11.588617,48.141801],[11.588459,48.142939]]}},{"type":"Feature","properties":{"kind":"road","osmId":"way/43040852","name":"Brienner Straße","roadClass":"secondary"},"geometry":{"type":"LineString","coordinates":[[11.573716,48.143405],[11.573594,48.143447]]}},{"type":"Feature","properties":{"kind":"road","osmId":"way/43040870","name":"Brienner Straße","roadClass":"secondary"},"geometry":{"type":"LineString","coordinates":[[11.573594,48.143447],[11.573497,48.143474]]}},{"type":"Feature","properties":{"kind":"road","osmId":"way/46505630","name":"Oskar-von-Miller-Ring","roadClass":"secondary"},"geometry":{"type":"LineString","coordinates":[[11.577053,48.145515],[11.577145,48.145527]]}},{"type":"Feature","properties":{"kind":"road","osmId":"way/47160228","name":"Widenmayerstraße","roadClass":"secondary"},"geometry":{"type":"LineString","coordinates":[[11.595945,48.147986],[11.595738,48.147794]]}},{"type":"Feature","properties":{"kind":"road","osmId":"way/47224976","name":"Geschwister-Scholl-Platz","roadClass":"residential"},"geometry":{"type":"LineString","coordinates":[[11.58094,48.15016],[11.581094,48.150116]]}},{"type":"Feature","properties":{"kind":"road","osmId":"way/47228748","name":"Professor-Huber-Platz","roadClass":"residential"},"geometry":{"type":"LineString","coordinates":[[11.582033,48.150453],[11.581734,48.150183],[11.581245,48.150097]]}},{"type":"Feature","properties":{"kind":"road","osmId":"way/47229081","name":"Professor-Huber-Platz","roadClass":"residential"},"geometry":{"type":"LineString","coordinates":[[11.581245,48.150097],[11.581094,48.150116]]}},{"type":"Feature","properties":{"kind":"road","osmId":"way/47722609","name":"Thierschplatz","roadClass":"residential"},"geometry":{"type":"LineString","coordinates":[[11.588714,48.13908],[11.588668,48.139451]]}},{"type":"Feature","properties":{"kind":"road","osmId":"way/47722618","name":"Thierschstraße","roadClass":"residential"},"geometry":{"type":"LineString","coordinates":[[11.588203,48.137874],[11.588182,48.137828]]}},{"type":"Feature","properties":{"kind":"road","osmId":"way/47722619","name":"Triftstraße","roadClass":"residential"},"geometry":{"type":"LineString","coordinates":[[11.588551,48.139718],[11.588509,48.139842]]}},{"type":"Feature","properties":{"kind":"road","osmId":"way/47722621","name":"Unsöldstraße","roadClass":"residential"},"geometry":{"type":"LineString","coordinates":[[11.585993,48.142315],[11.58516,48.142633]]}},{"type":"Feature","properties":{"kind":"road","osmId":"way/47728666","name":"Pfarrstraße","roadClass":"residential"},"geometry":{"type":"LineString","coordinates":[[11.588377,48.138329],[11.587863,48.138636],[11.587441,48.139401]]}},{"type":"Feature","properties":{"kind":"road","osmId":"way/47728667","name":"Gewürzmühlstraße","roadClass":"residential"},"geometry":{"type":"LineString","coordinates":[[11.588604,48.139449],[11.588253,48.139452]]}},{"type":"Feature","properties":{"kind":"road","osmId":"way/47930762","name":"Englischer Garten","roadClass":"unclassified"},"geometry":{"type":"LineString","coordinates":[[11.595312,48.150644],[11.595215,48.150712]]}},{"type":"Feature","properties":{"kind":"road","osmId":"way/47948057","name":"Sternstraße","roadClass":"secondary"},"geometry":{"type":"LineString","coordinates":[[11.590285,48.138702],[11.589538,48.137984]]}},{"type":"Feature","properties":{"kind":"road","osmId":"way/47948058","name":"Sternstraße","roadClass":"secondary"},"geometry":{"type":"LineString","coordinates":[[11.589288,48.137656],[11.589191,48.137437]]}},{"type":"Feature","properties":{"kind":"road","osmId":"way/48139031","name":"Sternstraße","roadClass":"secondary"},"geometry":{"type":"LineString","coordinates":[[11.589538,48.137984],[11.589364,48.13781]]}},{"type":"Feature","properties":{"kind":"road","osmId":"way/48242678","name":"Ludwigstraße","roadClass":"secondary"},"geometry":{"type":"LineString","coordinates":[[11.581094,48.150116],[11.581273,48.150499]]}},{"type":"Feature","properties":{"kind":"road","osmId":"way/48586366","name":"Liebigstraße","roadClass":"residential"},"geometry":{"type":"LineString","coordinates":[[11.589791,48.140991],[11.590594,48.140877]]}},{"type":"Feature","properties":{"kind":"road","osmId":"way/48586367","name":"Liebigstraße","roadClass":"residential"},"geometry":{"type":"LineString","coordinates":[[11.588839,48.14113],[11.589791,48.140991]]}},{"type":"Feature","properties":{"kind":"road","osmId":"way/48586368","name":"Liebigstraße","roadClass":"residential"},"geometry":{"type":"LineString","coordinates":[[11.591242,48.140786],[11.59157,48.140739]]}},{"type":"Feature","properties":{"kind":"road","osmId":"way/48586369","name":"Liebigstraße","roadClass":"residential"},"geometry":{"type":"LineString","coordinates":[[11.592781,48.140552],[11.593426,48.140453]]}},{"type":"Feature","properties":{"kind":"road","osmId":"way/48586370","name":"Liebigstraße","roadClass":"residential"},"geometry":{"type":"LineString","coordinates":[[11.590594,48.140877],[11.591242,48.140786]]}},{"type":"Feature","properties":{"kind":"road","osmId":"way/50220178","name":"Ludwigstraße","roadClass":"secondary"},"geometry":{"type":"LineString","coordinates":[[11.581594,48.151057],[11.582045,48.151992],[11.582288,48.152208]]}},{"type":"Feature","properties":{"kind":"road","osmId":"way/50636515","name":"Oskar-von-Miller-Ring","roadClass":"secondary"},"geometry":{"type":"LineString","coordinates":[[11.577727,48.145518],[11.57884,48.145266]]}},{"type":"Feature","properties":{"kind":"road","osmId":"way/50636516","name":"Von-der-Tann-Straße","roadClass":"secondary"},"geometry":{"type":"LineString","coordinates":[[11.57884,48.145266],[11.580681,48.144879]]}},{"type":"Feature","properties":{"kind":"road","osmId":"way/50636647","roadClass":"residential"},"geometry":{"type":"LineString","coordinates":[[11.577379,48.145544],[11.57736,48.145681]]}},{"type":"Feature","properties":{"kind":"road","osmId":"way/50921029","name":"Gewürzmühlstraße","roadClass":"residential"},"geometry":{"type":"LineString","coordinates":[[11.590285,48.138702],[11.589093,48.139302]]}},{"type":"Feature","properties":{"kind":"road","osmId":"way/51109541","name":"Gabelsbergerstraße","roadClass":"secondary"},"geometry":{"type":"LineString","coordinates":[[11.573755,48.145895],[11.573334,48.146137]]}},{"type":"Feature","properties":{"kind":"road","osmId":"way/51109542","name":"Oskar-von-Miller-Ring","roadClass":"secondary"},"geometry":{"type":"LineString","coordinates":[[11.573654,48.143543],[11.573594,48.143447]]}},{"type":"Feature","properties":{"kind":"road","osmId":"way/51109543","name":"Oskar-von-Miller-Ring","roadClass":"secondary"},"geometry":{"type":"LineString","coordinates":[[11.575131,48.145397],[11.577053,48.145515]]}},{"type":"Feature","properties":{"kind":"road","osmId":"way/51109544","name":"Oskar-von-Miller-Ring","roadClass":"secondary"},"geometry":{"type":"LineString","coordinates":[[11.574697,48.145303],[11.574882,48.145428]]}},{"type":"Feature","properties":{"kind":"road","osmId":"way/51109545","name":"Ludwigstraße","roadClass":"secondary"},"geometry":{"type":"LineString","coordinates":[[11.57884,48.145266],[11.578878,48.145348]]}},{"type":"Feature","properties":{"kind":"road","osmId":"way/51570611","name":"Widenmayerstraße","roadClass":"secondary"},"geometry":{"type":"LineString","coordinates":[[11.595988,48.147625],[11.596084,48.14782]]}},{"type":"Feature","properties":{"kind":"road","osmId":"way/51570613","name":"Widenmayerstraße","roadClass":"secondary"},"geometry":{"type":"LineString","coordinates":[[11.595738,48.147794],[11.59547,48.147611]]}},{"type":"Feature","properties":{"kind":"road","osmId":"way/51776184","name":"Prinzregentenstraße","roadClass":"secondary"},"geometry":{"type":"LineString","coordinates":[[11.596061,48.141749],[11.59566,48.141612]]}},{"type":"Feature","properties":{"kind":"road","osmId":"way/53530907","name":"Zieblandstraße","roadClass":"residential"},"geometry":{"type":"LineString","coordinates":[[11.568607,48.153185],[11.573725,48.151731]]}},{"type":"Feature","properties":{"kind":"road","osmId":"way/55684667","name":"Jungfernturmstraße","roadClass":"residential"},"geometry":{"type":"LineString","coordinates":[[11.573377,48.142064],[11.573113,48.14224]]}},{"type":"Feature","properties":{"kind":"road","osmId":"way/57731066","name":"Brienner Straße","roadClass":"tertiary"},"geometry":{"type":"LineString","coordinates":[[11.575911,48.142953],[11.575359,48.143076]]}},{"type":"Feature","properties":{"kind":"water","osmId":"way/57739158","name":"Achtersee"},"geometry":{"type":"Polygon","coordinates":[[[11.596934,48.143752],[11.596841,48.143261],[11.596941,48.143007],[11.596868,48.142876],[11.596593,48.142862],[11.596568,48.143088],[11.596776,48.143301],[11.596704,48.143378],[11.596759,48.143782],[11.596934,48.143752]]]}},{"type":"Feature","properties":{"kind":"road","osmId":"way/58807374","name":"Theresienstraße","roadClass":"residential"},"geometry":{"type":"LineString","coordinates":[[11.579396,48.146869],[11.576701,48.147616]]}},{"type":"Feature","properties":{"kind":"road","osmId":"way/58807376","name":"Schellingstraße","roadClass":"residential"},"geometry":{"type":"LineString","coordinates":[[11.580333,48.149043],[11.57803,48.149678]]}},{"type":"Feature","properties":{"kind":"road","osmId":"way/58872097","name":"Gabelsbergerstraße","roadClass":"secondary"},"geometry":{"type":"LineString","coordinates":[[11.573149,48.146098],[11.573714,48.145834]]}},{"type":"Feature","properties":{"kind":"road","osmId":"way/69910139","name":"Türkenstraße","roadClass":"secondary"},"geometry":{"type":"LineString","coordinates":[[11.573202,48.146191],[11.573336,48.14625]]}},{"type":"Feature","properties":{"kind":"road","osmId":"way/70243379","name":"Triftstraße","roadClass":"residential"},"geometry":{"type":"LineString","coordinates":[[11.588509,48.139842],[11.588589,48.14012]]}},{"type":"Feature","properties":{"kind":"road","osmId":"way/70255869","name":"Gewürzmühlstraße","roadClass":"residential"},"geometry":{"type":"LineString","coordinates":[[11.587428,48.139458],[11.587113,48.139498]]}},{"type":"Feature","properties":{"kind":"road","osmId":"way/70255872","name":"Gewürzmühlstraße","roadClass":"residential"},"geometry":{"type":"LineString","coordinates":[[11.588253,48.139452],[11.587428,48.139458]]}},{"type":"Feature","properties":{"kind":"road","osmId":"way/70255875","name":"Sankt-Anna-Straße","roadClass":"residential"},"geometry":{"type":"LineString","coordinates":[[11.587113,48.139498],[11.587058,48.139389]]}},{"type":"Feature","properties":{"kind":"road","osmId":"way/70255879","name":"Sankt-Anna-Straße","roadClass":"residential"},"geometry":{"type":"LineString","coordinates":[[11.586979,48.139786],[11.587062,48.139693]]}},{"type":"Feature","properties":{"kind":"road","osmId":"way/70255881","name":"Sankt-Anna-Straße","roadClass":"residential"},"geometry":{"type":"LineString","coordinates":[[11.586686,48.140109],[11.586979,48.139786]]}},{"type":"Feature","properties":{"kind":"road","osmId":"way/73207194","name":"Leopoldstraße","roadClass":"residential"},"geometry":{"type":"LineString","coordinates":[[11.581905,48.152284],[11.582058,48.152188],[11.582288,48.152208]]}},{"type":"Feature","properties":{"kind":"road","osmId":"way/73207645","name":"Leopoldstraße","roadClass":"residential"},"geometry":{"type":"LineString","coordinates":[[11.582368,48.152471],[11.582036,48.152534]]}},{"type":"Feature","properties":{"kind":"road","osmId":"way/73260233","name":"Karl-Scharnagl-Ring","roadClass":"secondary"},"geometry":{"type":"LineString","coordinates":[[11.584173,48.139931],[11.58323,48.140828]]}},{"type":"Feature","properties":{"kind":"road","osmId":"way/73260237","name":"Karl-Scharnagl-Ring","roadClass":"secondary"},"geometry":{"type":"LineString","coordinates":[[11.58491,48.139162],[11.584173,48.139931]]}},{"type":"Feature","properties":{"kind":"park","osmId":"way/83946945"},"geometry":{"type":"Polygon","coordinates":[[[11.571527,48.148122],[11.57346,48.147536],[11.573301,48.147278],[11.571345,48.147828],[11.571527,48.148122]]]}},{"type":"Feature","properties":{"kind":"road","osmId":"way/85004753","name":"Oskar-von-Miller-Ring","roadClass":"secondary"},"geometry":{"type":"LineString","coordinates":[[11.574783,48.145544],[11.575181,48.145508]]}},{"type":"Feature","properties":{"kind":"road","osmId":"way/85004757","name":"Oskar-von-Miller-Ring","roadClass":"secondary"},"geometry":{"type":"LineString","coordinates":[[11.574688,48.145478],[11.574882,48.145428]]}},{"type":"Feature","properties":{"kind":"road","osmId":"way/85004759","name":"Oskar-von-Miller-Ring","roadClass":"secondary"},"geometry":{"type":"LineString","coordinates":[[11.574882,48.145428],[11.575131,48.145397]]}},{"type":"Feature","properties":{"kind":"road","osmId":"way/85004762","name":"Oskar-von-Miller-Ring","roadClass":"secondary"},"geometry":{"type":"LineString","coordinates":[[11.574688,48.145478],[11.574584,48.145351]]}},{"type":"Feature","properties":{"kind":"road","osmId":"way/85004763","name":"Oskar-von-Miller-Ring","roadClass":"secondary"},"geometry":{"type":"LineString","coordinates":[[11.574783,48.145544],[11.574688,48.145478]]}},{"type":"Feature","properties":{"kind":"road","osmId":"way/86334240","name":"Altstadtringtunnel","roadClass":"secondary"},"geometry":{"type":"LineString","coordinates":[[11.581491,48.14476],[11.580928,48.144877]]}},{"type":"Feature","properties":{"kind":"road","osmId":"way/86334703","name":"Oskar-von-Miller-Ring","roadClass":"secondary"},"geometry":{"type":"LineString","coordinates":[[11.57736,48.145681],[11.576363,48.145813],[11.5756,48.145807]]}},{"type":"Feature","properties":{"kind":"road","osmId":"way/89840530","name":"Leopoldstraße","roadClass":"secondary"},"geometry":{"type":"LineString","coordinates":[[11.582036,48.152534],[11.581905,48.152284]]}},{"type":"Feature","properties":{"kind":"road","osmId":"way/89840533","name":"Türkenstraße","roadClass":"residential"},"geometry":{"type":"LineString","coordinates":[[11.575961,48.150278],[11.577828,48.153126]]}},{"type":"Feature","properties":{"kind":"road","osmId":"way/89840540","name":"Ludwigstraße","roadClass":"secondary"},"geometry":{"type":"LineString","coordinates":[[11.580863,48.149623],[11.581094,48.150116]]}},{"type":"Feature","properties":{"kind":"road","osmId":"way/89840545","name":"Amalienstraße","roadClass":"residential"},"geometry":{"type":"LineString","coordinates":[[11.57803,48.149678],[11.576701,48.147616]]}},{"type":"Feature","properties":{"kind":"road","osmId":"way/89840550","name":"Barer Straße","roadClass":"tertiary"},"geometry":{"type":"LineString","coordinates":[[11.574009,48.152174],[11.575393,48.154325]]}},{"type":"Feature","properties":{"kind":"road","osmId":"way/89840554","name":"Schellingstraße","roadClass":"residential"},"geometry":{"type":"LineString","coordinates":[[11.57803,48.149678],[11.576114,48.150233]]}},{"type":"Feature","properties":{"kind":"road","osmId":"way/89840558","name":"Schellingstraße","roadClass":"residential"},"geometry":{"type":"LineString","coordinates":[[11.575961,48.150278],[11.573275,48.151031]]}},{"type":"Feature","properties":{"kind":"road","osmId":"way/93192027","name":"Amalienstraße","roadClass":"residential"},"geometry":{"type":"LineString","coordinates":[[11.579505,48.151937],[11.57803,48.149678]]}},{"type":"Feature","properties":{"kind":"road","osmId":"way/93192035","name":"Adalbertstraße","roadClass":"residential"},"geometry":{"type":"LineString","coordinates":[[11.581502,48.151351],[11.581711,48.151302]]}},{"type":"Feature","properties":{"kind":"road","osmId":"way/93192044","name":"Schackstraße","roadClass":"residential"},"geometry":{"type":"LineString","coordinates":[[11.582288,48.152208],[11.582805,48.152116]]}},{"type":"Feature","properties":{"kind":"road","osmId":"way/93192045","name":"Akademiestraße","roadClass":"residential"},"geometry":{"type":"LineString","coordinates":[[11.581819,48.152293],[11.57998,48.152661]]}},{"type":"Feature","properties":{"kind":"road","osmId":"way/93192053","name":"Schönfeldstraße","roadClass":"residential"},"geometry":{"type":"LineString","coordinates":[[11.582604,48.145617],[11.581981,48.145693]]}},{"type":"Feature","properties":{"kind":"road","osmId":"way/93192054","name":"Hahnenstraße","roadClass":"residential"},"geometry":{"type":"LineString","coordinates":[[11.581662,48.14483],[11.581642,48.144789]]}},{"type":"Feature","properties":{"kind":"road","osmId":"way/93195854","name":"Adalbertstraße","roadClass":"residential"},"geometry":{"type":"LineString","coordinates":[[11.579505,48.151937],[11.580156,48.151744]]}},{"type":"Feature","properties":{"kind":"road","osmId":"way/93833576","name":"Neuturmstraße","roadClass":"residential"},"geometry":{"type":"LineString","coordinates":[[11.5811,48.137621],[11.581117,48.138317]]}},{"type":"Feature","properties":{"kind":"road","osmId":"way/93891975","name":"Hildegardstraße","roadClass":"residential"},"geometry":{"type":"LineString","coordinates":[[11.582103,48.137512],[11.583109,48.137408]]}},{"type":"Feature","properties":{"kind":"road","osmId":"way/96396069","name":"Prinzregentenstraße","roadClass":"secondary"},"geometry":{"type":"LineString","coordinates":[[11.597289,48.141403],[11.597118,48.141605],[11.597275,48.142242],[11.597028,48.142491],[11.596727,48.14253],[11.596434,48.142425],[11.596061,48.141749]]}},{"type":"Feature","properties":{"kind":"road","osmId":"way/96952515","name":"Maximilianstraße","roadClass":"secondary"},"geometry":{"type":"LineString","coordinates":[[11.588474,48.137576],[11.587746,48.137717]]}},{"type":"Feature","properties":{"kind":"road","osmId":"way/96952517","name":"Maximilianstraße","roadClass":"secondary"},"geometry":{"type":"LineString","coordinates":[[11.587746,48.137717],[11.587689,48.137719]]}},{"type":"Feature","properties":{"kind":"road","osmId":"way/107900073","name":"Promenadeplatz","roadClass":"residential"},"geometry":{"type":"LineString","coordinates":[[11.573613,48.139872],[11.573631,48.139881]]}},{"type":"Feature","properties":{"kind":"road","osmId":"way/107904257","name":"Promenadeplatz","roadClass":"residential"},"geometry":{"type":"LineString","coordinates":[[11.571316,48.14052],[11.57191,48.14025],[11.573441,48.139846],[11.573613,48.139872]]}},{"type":"Feature","properties":{"kind":"road","osmId":"way/107904258","name":"Promenadeplatz","roadClass":"residential"},"geometry":{"type":"LineString","coordinates":[[11.573631,48.139881],[11.573757,48.140026],[11.573116,48.140239],[11.572161,48.140501],[11.571316,48.14052]]}},{"type":"Feature","properties":{"kind":"road","osmId":"way/112958696","name":"Widenmayerstraße","roadClass":"secondary"},"geometry":{"type":"LineString","coordinates":[[11.590087,48.137472],[11.590369,48.137646]]}},{"type":"Feature","properties":{"kind":"road","osmId":"way/112958699","name":"Widenmayerstraße","roadClass":"secondary"},"geometry":{"type":"LineString","coordinates":[[11.594469,48.141854],[11.594893,48.142906]]}},{"type":"Feature","properties":{"kind":"road","osmId":"way/113619165","name":"Schackstraße","roadClass":"residential"},"geometry":{"type":"LineString","coordinates":[[11.582805,48.152116],[11.584529,48.15182]]}},{"type":"Feature","properties":{"kind":"road","osmId":"way/114437075","name":"Oettingenstraße","roadClass":"residential"},"geometry":{"type":"LineString","coordinates":[[11.594679,48.149119],[11.594895,48.149021]]}},{"type":"Feature","properties":{"kind":"road","osmId":"way/115700641","name":"Prannerstraße","roadClass":"residential"},"geometry":{"type":"LineString","coordinates":[[11.572591,48.141318],[11.574521,48.140816]]}},{"type":"Feature","properties":{"kind":"road","osmId":"way/118282022","name":"Von-der-Tann-Straße","roadClass":"secondary"},"geometry":{"type":"LineString","coordinates":[[11.580688,48.144978],[11.578878,48.145348]]}},{"type":"Feature","properties":{"kind":"road","osmId":"way/118282031","name":"Von-der-Tann-Straße","roadClass":"secondary"},"geometry":{"type":"LineString","coordinates":[[11.580681,48.144879],[11.582573,48.144486]]}},{"type":"Feature","properties":{"kind":"waterway","osmId":"way/119188125","name":"Kleine Isar"},"geometry":{"type":"LineString","coordinates":[[11.575496,48.12689],[11.576003,48.126868],[11.576533,48.126997],[11.578397,48.127783],[11.579714,48.127926],[11.580786,48.128259],[11.5818,48.128396],[11.584285,48.129045],[11.586131,48.130652],[11.586492,48.131114],[11.58664,48.131564],[11.587511,48.132576],[11.588168,48.13312],[11.588545,48.133688],[11.589111,48.134174],[11.591067,48.135462],[11.591634,48.13597],[11.592555,48.137328],[11.593256,48.138752]]}},{"type":"Feature","properties":{"kind":"road","osmId":"way/120199713","name":"Odeonsplatz","roadClass":"residential"},"geometry":{"type":"LineString","coordinates":[[11.577897,48.1433],[11.577366,48.143452],[11.577605,48.143935],[11.578153,48.143845]]}},{"type":"Feature","properties":{"kind":"road","osmId":"way/120199715","name":"Oskar-von-Miller-Ring","roadClass":"secondary"},"geometry":{"type":"LineString","coordinates":[[11.573968,48.144094],[11.573813,48.143774]]}},{"type":"Feature","properties":{"kind":"road","osmId":"way/120333567","name":"Maximilianstraße","roadClass":"residential"},"geometry":{"type":"LineString","coordinates":[[11.579945,48.139122],[11.580174,48.13908]]}},{"type":"Feature","properties":{"kind":"road","osmId":"way/120515887","name":"Tattenbachstraße","roadClass":"residential"},"geometry":{"type":"LineString","coordinates":[[11.589237,48.139435],[11.589622,48.139826]]}},{"type":"Feature","properties":{"kind":"road","osmId":"way/123499640","name":"Ludwigstraße","roadClass":"secondary"},"geometry":{"type":"LineString","coordinates":[[11.579302,48.146285],[11.579183,48.146027]]}},{"type":"Feature","properties":{"kind":"park","osmId":"way/124911340"},"geometry":{"type":"Polygon","coordinates":[[[11.581718,48.142386],[11.5821,48.142303],[11.582166,48.142435],[11.582042,48.142374],[11.581824,48.142422],[11.581781,48.142519],[11.581718,48.142386]]]}},{"type":"Feature","properties":{"kind":"park","osmId":"way/124911349"},"geometry":{"type":"Polygon","coordinates":[[[11.581887,48.14273],[11.582269,48.142647],[11.582204,48.142513],[11.582162,48.142619],[11.581944,48.142667],[11.581821,48.142597],[11.581887,48.14273]]]}},{"type":"Feature","properties":{"kind":"park","osmId":"way/124911350"},"geometry":{"type":"Polygon","coordinates":[[[11.582764,48.143085],[11.58192,48.14327],[11.581949,48.143329],[11.582793,48.143144],[11.582764,48.143085]]]}},{"type":"Feature","properties":{"kind":"park","osmId":"way/124911352"},"geometry":{"type":"Polygon","coordinates":[[[11.582112,48.143196],[11.582756,48.143057],[11.582571,48.142676],[11.582454,48.14267],[11.582381,48.142547],[11.582378,48.142658],[11.5819,48.142761],[11.582112,48.143196]]]}},{"type":"Feature","properties":{"kind":"park","osmId":"way/124911356"},"geometry":{"type":"Polygon","coordinates":[[[11.581703,48.142355],[11.58149,48.141921],[11.582124,48.141783],[11.582311,48.142163],[11.582234,48.142206],[11.582285,48.142343],[11.582175,48.142251],[11.581703,48.142355]]]}},{"type":"Feature","properties":{"kind":"park","osmId":"way/124912042"},"geometry":{"type":"Polygon","coordinates":[[[11.583618,48.143152],[11.583757,48.143229],[11.584066,48.14403],[11.583911,48.144172],[11.583365,48.144278],[11.583321,48.14419],[11.583386,48.144176],[11.583236,48.143985],[11.582936,48.144072],[11.58287,48.14394],[11.582031,48.143594],[11.581874,48.143609],[11.581785,48.143421],[11.58334,48.143121],[11.583618,48.143152]]]}},{"type":"Feature","properties":{"kind":"park","osmId":"way/124915412"},"geometry":{"type":"Polygon","coordinates":[[[11.572415,48.147888],[11.573174,48.147714],[11.572484,48.147909],[11.572479,48.147987],[11.572415,48.147888]]]}},{"type":"Feature","properties":{"kind":"road","osmId":"way/125226163","name":"Thierschstraße","roadClass":"residential"},"geometry":{"type":"LineString","coordinates":[[11.588203,48.137874],[11.588714,48.13908]]}},{"type":"Feature","properties":{"kind":"water","osmId":"way/126489049"},"geometry":{"type":"Polygon","coordinates":[[[11.580972,48.150624],[11.581019,48.150713],[11.580911,48.150709],[11.580972,48.150624]]]}},{"type":"Feature","properties":{"kind":"water","osmId":"way/126489050"},"geometry":{"type":"Polygon","coordinates":[[[11.581725,48.150498],[11.581659,48.150583],[11.581588,48.150527],[11.581725,48.150498]]]}},{"type":"Feature","properties":{"kind":"park","osmId":"way/127019356"},"geometry":{"type":"Polygon","coordinates":[[[11.59492,48.141991],[11.59539,48.143078],[11.596323,48.146868],[11.596901,48.147849],[11.598132,48.149241],[11.597738,48.149403],[11.597599,48.149305],[11.596553,48.148128],[11.596141,48.147439],[11.596066,48.147441],[11.595208,48.143417],[11.594673,48.142031],[11.59492,48.141991]]]}},{"type":"Feature","properties":{"kind":"road","osmId":"way/128356918","name":"Oettingenstraße","roadClass":"secondary"},"geometry":{"type":"LineString","coordinates":[[11.59323,48.144097],[11.593198,48.144036]]}},{"type":"Feature","properties":{"kind":"road","osmId":"way/128356961","name":"Oettingenstraße","roadClass":"residential"},"geometry":{"type":"LineString","coordinates":[[11.593223,48.146167],[11.593404,48.145458],[11.593638,48.145383]]}},{"type":"Feature","properties":{"kind":"road","osmId":"way/135588108","name":"Leopoldstraße","roadClass":"secondary"},"geometry":{"type":"LineString","coordinates":[[11.582288,48.152208],[11.582368,48.152471]]}},{"type":"Feature","properties":{"kind":"road","osmId":"way/136778012","name":"Robert-Koch-Straße","roadClass":"residential"},"geometry":{"type":"LineString","coordinates":[[11.590763,48.139314],[11.591044,48.139187]]}},{"type":"Feature","properties":{"kind":"road","osmId":"way/136894679","name":"Alexandrastraße","roadClass":"residential"},"geometry":{"type":"LineString","coordinates":[[11.590425,48.142476],[11.590392,48.142407]]}},{"type":"Feature","properties":{"kind":"road","osmId":"way/138578737","name":"Gabelsbergerstraße","roadClass":"secondary"},"geometry":{"type":"LineString","coordinates":[[11.572841,48.146251],[11.573149,48.146098]]}},{"type":"Feature","properties":{"kind":"road","osmId":"way/141232902","name":"Fürstenstraße","roadClass":"residential"},"geometry":{"type":"LineString","coordinates":[[11.577156,48.146444],[11.57736,48.145681]]}},{"type":"Feature","properties":{"kind":"road","osmId":"way/143299460","name":"Burgstraße","roadClass":"residential"},"geometry":{"type":"LineString","coordinates":[[11.576923,48.136995],[11.577379,48.137332],[11.577947,48.13796]]}},{"type":"Feature","properties":{"kind":"road","osmId":"way/143652213","name":"Bräuhausstraße","roadClass":"residential"},"geometry":{"type":"LineString","coordinates":[[11.580683,48.136888],[11.580325,48.137203],[11.579594,48.137598]]}},{"type":"Feature","properties":{"kind":"road","osmId":"way/143652214","name":"Hofgraben","roadClass":"residential"},"geometry":{"type":"LineString","coordinates":[[11.577277,48.13888],[11.578458,48.138678]]}},{"type":"Feature","properties":{"kind":"road","osmId":"way/143652215","name":"Münzstraße","roadClass":"residential"},"geometry":{"type":"LineString","coordinates":[[11.579594,48.137598],[11.578644,48.137877]]}},{"type":"Feature","properties":{"kind":"park","osmId":"way/144135886","name":"Maximiliansplatz"},"geometry":{"type":"Polygon","coordinates":[[[11.569484,48.141146],[11.572989,48.142211],[11.573203,48.142406],[11.57347,48.143023],[11.573296,48.143073],[11.572832,48.142743],[11.569343,48.141658],[11.569121,48.141498],[11.569103,48.141325],[11.569268,48.141179],[11.569484,48.141146]]]}},{"type":"Feature","properties":{"kind":"road","osmId":"way/144278188","name":"Karl-Scharnagl-Ring","roadClass":"secondary"},"geometry":{"type":"LineString","coordinates":[[11.584632,48.138187],[11.584648,48.138264]]}},{"type":"Feature","properties":{"kind":"road","osmId":"way/144278190","name":"Karl-Scharnagl-Ring","roadClass":"secondary"},"geometry":{"type":"LineString","coordinates":[[11.584632,48.13881],[11.584468,48.138257]]}},{"type":"Feature","properties":{"kind":"road","osmId":"way/144692953","name":"Altstadtringtunnel","roadClass":"secondary"},"geometry":{"type":"LineString","coordinates":[[11.576875,48.145571],[11.577582,48.145555],[11.578864,48.145286]]}},{"type":"Feature","properties":{"kind":"road","osmId":"way/144692954","name":"Altstadtringtunnel","roadClass":"secondary"},"geometry":{"type":"LineString","coordinates":[[11.584589,48.143873],[11.580928,48.144877]]}},{"type":"Feature","properties":{"kind":"road","osmId":"way/144692955","name":"Franz-Josef-Strauß-Ring","roadClass":"secondary"},"geometry":{"type":"LineString","coordinates":[[11.583483,48.142807],[11.583078,48.141756]]}},{"type":"Feature","properties":{"kind":"road","osmId":"way/144698467","name":"Maximiliansplatz","roadClass":"secondary"},"geometry":{"type":"LineString","coordinates":[[11.573594,48.143447],[11.573399,48.143203]]}},{"type":"Feature","properties":{"kind":"road","osmId":"way/144928572","name":"Amiraplatz","roadClass":"residential"},"geometry":{"type":"LineString","coordinates":[[11.575385,48.142289],[11.575359,48.143076]]}},{"type":"Feature","properties":{"kind":"road","osmId":"way/144928573","name":"Maximiliansplatz","roadClass":"secondary"},"geometry":{"type":"LineString","coordinates":[[11.573113,48.14224],[11.573339,48.142485],[11.573587,48.1431]]}},{"type":"Feature","properties":{"kind":"road","osmId":"way/144928578","name":"Rochusberg","roadClass":"residential"},"geometry":{"type":"LineString","coordinates":[[11.573264,48.141845],[11.57192,48.141492]]}},{"type":"Feature","properties":{"kind":"road","osmId":"way/144928579","name":"Salvatorplatz","roadClass":"residential"},"geometry":{"type":"LineString","coordinates":[[11.575385,48.142289],[11.574804,48.14228]]}},{"type":"Feature","properties":{"kind":"road","osmId":"way/144928585","name":"Salvatorplatz","roadClass":"residential"},"geometry":{"type":"LineString","coordinates":[[11.575014,48.141439],[11.575385,48.142289]]}},{"type":"Feature","properties":{"kind":"road","osmId":"way/144928588","name":"Salvatorstraße","roadClass":"residential"},"geometry":{"type":"LineString","coordinates":[[11.574461,48.141612],[11.574109,48.141689]]}},{"type":"Feature","properties":{"kind":"road","osmId":"way/144928594","name":"Salvatorstraße","roadClass":"residential"},"geometry":{"type":"LineString","coordinates":[[11.576376,48.141157],[11.574461,48.141612]]}},{"type":"Feature","properties":{"kind":"road","osmId":"way/145036128","name":"Franz-Josef-Strauß-Ring","roadClass":"secondary"},"geometry":{"type":"LineString","coordinates":[[11.583101,48.141236],[11.583243,48.141711]]}},{"type":"Feature","properties":{"kind":"road","osmId":"way/145036129","name":"Hofgartenstraße","roadClass":"residential"},"geometry":{"type":"LineString","coordinates":[[11.581416,48.141522],[11.582445,48.141251]]}},{"type":"Feature","properties":{"kind":"road","osmId":"way/145431467","name":"Prinzregentenstraße","roadClass":"secondary"},"geometry":{"type":"LineString","coordinates":[[11.58709,48.143332],[11.587333,48.14331]]}},{"type":"Feature","properties":{"kind":"road","osmId":"way/145431468","name":"Prinzregentenstraße","roadClass":"secondary"},"geometry":{"type":"LineString","coordinates":[[11.587333,48.14331],[11.58718,48.143363]]}},{"type":"Feature","properties":{"kind":"road","osmId":"way/145431469","name":"Prinzregentenstraße","roadClass":"secondary"},"geometry":{"type":"LineString","coordinates":[[11.58718,48.143363],[11.584589,48.143873]]}},{"type":"Feature","properties":{"kind":"road","osmId":"way/145431470","name":"Prinzregentenstraße","roadClass":"secondary"},"geometry":{"type":"LineString","coordinates":[[11.58456,48.143808],[11.58709,48.143332]]}},{"type":"Feature","properties":{"kind":"road","osmId":"way/145571046","name":"Hofgraben","roadClass":"residential"},"geometry":{"type":"LineString","coordinates":[[11.578458,48.138678],[11.578882,48.139327]]}},{"type":"Feature","properties":{"kind":"road","osmId":"way/145571048","name":"Maximilianstraße","roadClass":"secondary"},"geometry":{"type":"LineString","coordinates":[[11.584468,48.138257],[11.584632,48.138187]]}},{"type":"Feature","properties":{"kind":"road","osmId":"way/145571054","name":"Thomas-Wimmer-Ring","roadClass":"secondary"},"geometry":{"type":"LineString","coordinates":[[11.584468,48.138257],[11.584441,48.13808]]}},{"type":"Feature","properties":{"kind":"road","osmId":"way/145598914","name":"Jungfernturmstraße","roadClass":"residential"},"geometry":{"type":"LineString","coordinates":[[11.574804,48.14228],[11.573377,48.142064]]}},{"type":"Feature","properties":{"kind":"road","osmId":"way/145598915","name":"Oskar-von-Miller-Ring","roadClass":"secondary"},"geometry":{"type":"LineString","coordinates":[[11.573716,48.143405],[11.573813,48.143774]]}},{"type":"Feature","properties":{"kind":"road","osmId":"way/145786279","name":"Galeriestraße","roadClass":"residential"},"geometry":{"type":"LineString","coordinates":[[11.579588,48.14401],[11.581824,48.14353]]}},{"type":"Feature","properties":{"kind":"road","osmId":"way/145786280","name":"Ludwigstraße","roadClass":"tertiary"},"geometry":{"type":"LineString","coordinates":[[11.578368,48.144275],[11.578618,48.14483]]}},{"type":"Feature","properties":{"kind":"road","osmId":"way/146234212","name":"Luitpoldbrücke","roadClass":"secondary"},"geometry":{"type":"LineString","coordinates":[[11.59566,48.141612],[11.594823,48.141781]]}},{"type":"Feature","properties":{"kind":"road","osmId":"way/146234214","name":"Prinzregentenstraße","roadClass":"secondary"},"geometry":{"type":"LineString","coordinates":[[11.592171,48.142337],[11.590508,48.142661]]}},{"type":"Feature","properties":{"kind":"road","osmId":"way/146234215","name":"Prinzregentenstraße","roadClass":"secondary"},"geometry":{"type":"LineString","coordinates":[[11.59566,48.141612],[11.59588,48.141365],[11.595606,48.140659],[11.595686,48.140481],[11.595903,48.140362],[11.596469,48.140427],[11.596849,48.141029],[11.597124,48.141161]]}},{"type":"Feature","properties":{"kind":"road","osmId":"way/146533713","name":"Türkenstraße","roadClass":"residential"},"geometry":{"type":"LineString","coordinates":[[11.573184,48.146076],[11.573074,48.145864]]}},{"type":"Feature","properties":{"kind":"road","osmId":"way/146533718","name":"Türkenstraße","roadClass":"residential"},"geometry":{"type":"LineString","coordinates":[[11.573074,48.145864],[11.573374,48.145948]]}},{"type":"Feature","properties":{"kind":"road","osmId":"way/147557401","name":"Theresienstraße","roadClass":"secondary"},"geometry":{"type":"LineString","coordinates":[[11.574607,48.148213],[11.574199,48.148328]]}},{"type":"Feature","properties":{"kind":"road","osmId":"way/147855234","name":"Maximilianstraße","roadClass":"secondary"},"geometry":{"type":"LineString","coordinates":[[11.587251,48.137677],[11.587468,48.137625]]}},{"type":"Feature","properties":{"kind":"road","osmId":"way/147855238","name":"Maximilianstraße","roadClass":"secondary"},"geometry":{"type":"LineString","coordinates":[[11.587689,48.137719],[11.587525,48.137729]]}},{"type":"Feature","properties":{"kind":"road","osmId":"way/147855243","name":"Maximilianstraße","roadClass":"secondary"},"geometry":{"type":"LineString","coordinates":[[11.587468,48.137625],[11.588156,48.137422]]}},{"type":"Feature","properties":{"kind":"road","osmId":"way/147942773","name":"Oskar-von-Miller-Ring","roadClass":"secondary"},"geometry":{"type":"LineString","coordinates":[[11.574882,48.145428],[11.575181,48.145508]]}},{"type":"Feature","properties":{"kind":"road","osmId":"way/148121794","name":"Alter Hof","roadClass":"residential"},"geometry":{"type":"LineString","coordinates":[[11.578325,48.138473],[11.578373,48.138546]]}},{"type":"Feature","properties":{"kind":"road","osmId":"way/148121797","name":"Alter Hof","roadClass":"residential"},"geometry":{"type":"LineString","coordinates":[[11.578373,48.138546],[11.578458,48.138678]]}},{"type":"Feature","properties":{"kind":"road","osmId":"way/148121808","name":"Alter Hof","roadClass":"residential"},"geometry":{"type":"LineString","coordinates":[[11.57801,48.138062],[11.578325,48.138473]]}},{"type":"Feature","properties":{"kind":"road","osmId":"way/148121814","name":"Alter Hof","roadClass":"residential"},"geometry":{"type":"LineString","coordinates":[[11.577947,48.13796],[11.57801,48.138062]]}},{"type":"Feature","properties":{"kind":"road","osmId":"way/149782118","name":"Maximiliansplatz","roadClass":"secondary"},"geometry":{"type":"LineString","coordinates":[[11.573399,48.143203],[11.572848,48.142813],[11.570937,48.142194]]}},{"type":"Feature","properties":{"kind":"road","osmId":"way/149929926","name":"Oskar-von-Miller-Ring","roadClass":"secondary"},"geometry":{"type":"LineString","coordinates":[[11.577868,48.145578],[11.57736,48.145681]]}},{"type":"Feature","properties":{"kind":"road","osmId":"way/149929927","name":"Von-der-Tann-Straße","roadClass":"secondary"},"geometry":{"type":"LineString","coordinates":[[11.583776,48.144402],[11.583291,48.144494]]}},{"type":"Feature","properties":{"kind":"road","osmId":"way/149935562","name":"Gabelsbergerstraße","roadClass":"secondary"},"geometry":{"type":"LineString","coordinates":[[11.572841,48.146251],[11.573202,48.146191]]}},{"type":"Feature","properties":{"kind":"road","osmId":"way/149935567","name":"Türkenstraße","roadClass":"secondary"},"geometry":{"type":"LineString","coordinates":[[11.573336,48.14625],[11.57454,48.148115]]}},{"type":"Feature","properties":{"kind":"road","osmId":"way/150394698","name":"Sternstraße","roadClass":"secondary"},"geometry":{"type":"LineString","coordinates":[[11.591242,48.140786],[11.590763,48.139314]]}},{"type":"Feature","properties":{"kind":"road","osmId":"way/150582537","name":"Oettingenstraße","roadClass":"secondary"},"geometry":{"type":"LineString","coordinates":[[11.593773,48.145582],[11.593554,48.145229]]}},{"type":"Feature","properties":{"kind":"road","osmId":"way/150582539","name":"Widenmayerstraße","roadClass":"secondary"},"geometry":{"type":"LineString","coordinates":[[11.595486,48.145269],[11.595581,48.145697]]}},{"type":"Feature","properties":{"kind":"park","osmId":"way/150797532","name":"Hofgarten"},"geometry":{"type":"Polygon","coordinates":[[[11.578933,48.143968],[11.578829,48.143999],[11.577964,48.142166],[11.578973,48.14195],[11.579231,48.141998],[11.579835,48.141884],[11.579806,48.141819],[11.580018,48.141751],[11.580874,48.141587],[11.581129,48.141562],[11.58138,48.14166],[11.582118,48.141474],[11.582569,48.142508],[11.582637,48.142493],[11.582938,48.143106],[11.582953,48.143179],[11.578933,48.143968]]]}},{"type":"Feature","properties":{"kind":"road","osmId":"way/151263120","name":"Leopoldstraße","roadClass":"secondary"},"geometry":{"type":"LineString","coordinates":[[11.582327,48.152732],[11.582036,48.152534]]}},{"type":"Feature","properties":{"kind":"road","osmId":"way/151334113","name":"Ludwigstraße","roadClass":"secondary"},"geometry":{"type":"LineString","coordinates":[[11.581905,48.152284],[11.581905,48.15198],[11.581605,48.151325]]}},{"type":"Feature","properties":{"kind":"road","osmId":"way/151523725","name":"Am Kosttor","roadClass":"residential"},"geometry":{"type":"LineString","coordinates":[[11.581117,48.138317],[11.581029,48.138637]]}},{"type":"Feature","properties":{"kind":"road","osmId":"way/151767202","name":"Maximilianstraße","roadClass":"secondary"},"geometry":{"type":"LineString","coordinates":[[11.58679,48.137858],[11.585542,48.138098]]}},{"type":"Feature","properties":{"kind":"road","osmId":"way/151767203","name":"Maximilianstraße","roadClass":"secondary"},"geometry":{"type":"LineString","coordinates":[[11.584648,48.138264],[11.584468,48.138257]]}},{"type":"Feature","properties":{"kind":"road","osmId":"way/151767204","name":"Sankt-Anna-Straße","roadClass":"residential"},"geometry":{"type":"LineString","coordinates":[[11.58679,48.137858],[11.586774,48.137817]]}},{"type":"Feature","properties":{"kind":"road","osmId":"way/151769268","name":"Sankt-Anna-Straße","roadClass":"residential"},"geometry":{"type":"LineString","coordinates":[[11.586693,48.138158],[11.586836,48.137981]]}},{"type":"Feature","properties":{"kind":"road","osmId":"way/151878378","name":"Brienner Straße","roadClass":"tertiary"},"geometry":{"type":"LineString","coordinates":[[11.577539,48.142662],[11.577414,48.142651]]}},{"type":"Feature","properties":{"kind":"road","osmId":"way/151878388","name":"Brienner Straße","roadClass":"tertiary"},"geometry":{"type":"LineString","coordinates":[[11.576529,48.142826],[11.575911,48.142953]]}},{"type":"Feature","properties":{"kind":"road","osmId":"way/152118091","name":"Amalienstraße","roadClass":"residential"},"geometry":{"type":"LineString","coordinates":[[11.576701,48.147616],[11.5756,48.14592]]}},{"type":"Feature","properties":{"kind":"road","osmId":"way/152118094","name":"Rheinbergerstraße","roadClass":"residential"},"geometry":{"type":"LineString","coordinates":[[11.577201,48.14629],[11.577444,48.146382]]}},{"type":"Feature","properties":{"kind":"road","osmId":"way/152118096","name":"Türkenstraße","roadClass":"residential"},"geometry":{"type":"LineString","coordinates":[[11.574607,48.148213],[11.575921,48.150217]]}},{"type":"Feature","properties":{"kind":"road","osmId":"way/154470138","name":"Adalbertstraße","roadClass":"residential"},"geometry":{"type":"LineString","coordinates":[[11.574733,48.153301],[11.579505,48.151937]]}},{"type":"Feature","properties":{"kind":"road","osmId":"way/154470139","name":"Amalienstraße","roadClass":"residential"},"geometry":{"type":"LineString","coordinates":[[11.57998,48.152661],[11.579505,48.151937]]}},{"type":"Feature","properties":{"kind":"road","osmId":"way/154782349","name":"Akademiestraße","roadClass":"residential"},"geometry":{"type":"LineString","coordinates":[[11.581905,48.152284],[11.581819,48.152293]]}},{"type":"Feature","properties":{"kind":"road","osmId":"way/154782357","name":"Hahnenstraße","roadClass":"residential"},"geometry":{"type":"LineString","coordinates":[[11.581981,48.145693],[11.581662,48.14483]]}},{"type":"Feature","properties":{"kind":"road","osmId":"way/154782359","name":"Kaulbachstraße","roadClass":"residential"},"geometry":{"type":"LineString","coordinates":[[11.583997,48.150146],[11.584529,48.15182]]}},{"type":"Feature","properties":{"kind":"road","osmId":"way/154782362","name":"Königinstraße","roadClass":"residential"},"geometry":{"type":"LineString","coordinates":[[11.584767,48.149218],[11.5849,48.148354],[11.584858,48.147469],[11.584762,48.147011],[11.584065,48.14546]]}},{"type":"Feature","properties":{"kind":"road","osmId":"way/154782363","name":"Schönfeldstraße","roadClass":"residential"},"geometry":{"type":"LineString","coordinates":[[11.579183,48.146027],[11.581981,48.145693]]}},{"type":"Feature","properties":{"kind":"road","osmId":"way/155448733","name":"Maria-Theresia-Straße","roadClass":"residential"},"geometry":{"type":"LineString","coordinates":[[11.59793,48.138887],[11.597161,48.13805],[11.596794,48.137302]]}},{"type":"Feature","properties":{"kind":"road","osmId":"way/156772154","name":"Lerchenfeldstraße","roadClass":"residential"},"geometry":{"type":"LineString","coordinates":[[11.59037,48.143945],[11.591849,48.144838],[11.592351,48.145313],[11.592927,48.146088],[11.593223,48.146167]]}},{"type":"Feature","properties":{"kind":"road","osmId":"way/156822490","name":"Tivolistraße","roadClass":"residential"},"geometry":{"type":"LineString","coordinates":[[11.596892,48.149991],[11.596691,48.150072]]}},{"type":"Feature","properties":{"kind":"road","osmId":"way/156822491","name":"Tivolistraße","roadClass":"residential"},"geometry":{"type":"LineString","coordinates":[[11.596691,48.150072],[11.596319,48.150225]]}},{"type":"Feature","properties":{"kind":"road","osmId":"way/156822495","name":"Tivolistraße","roadClass":"residential"},"geometry":{"type":"LineString","coordinates":[[11.596184,48.150229],[11.595912,48.150358]]}},{"type":"Feature","properties":{"kind":"road","osmId":"way/158399736","name":"Dianastraße","roadClass":"residential"},"geometry":{"type":"LineString","coordinates":[[11.594584,48.147897],[11.59539,48.147532]]}},{"type":"Feature","properties":{"kind":"road","osmId":"way/158399752","name":"Lerchenfeldstraße","roadClass":"residential"},"geometry":{"type":"LineString","coordinates":[[11.595196,48.148431],[11.595364,48.148459]]}},{"type":"Feature","properties":{"kind":"road","osmId":"way/158399756","name":"Lerchenfeldstraße","roadClass":"residential"},"geometry":{"type":"LineString","coordinates":[[11.593228,48.14654],[11.59335,48.14677],[11.595196,48.148431]]}},{"type":"Feature","properties":{"kind":"road","osmId":"way/158399778","name":"Riedlstraße","roadClass":"residential"},"geometry":{"type":"LineString","coordinates":[[11.594968,48.147036],[11.594039,48.147397]]}},{"type":"Feature","properties":{"kind":"park","osmId":"way/158913021"},"geometry":{"type":"Polygon","coordinates":[[[11.571911,48.140321],[11.573352,48.139928],[11.573472,48.139909],[11.573518,48.139999],[11.572112,48.14044],[11.571994,48.14045],[11.571911,48.140321]]]}},{"type":"Feature","properties":{"kind":"park","osmId":"way/159075298","name":"English Garden"},"geometry":{"type":"Polygon","coordinates":[[[11.619468,48.172681],[11.628705,48.183061],[11.621636,48.186067],[11.620544,48.186374],[11.619127,48.186579],[11.618324,48.185767],[11.617827,48.185925],[11.617319,48.185294],[11.616767,48.185248],[11.616711,48.184973],[11.615948,48.184383],[11.615414,48.183829],[11.615222,48.183844],[11.615155,48.183474],[11.614492,48.182187],[11.613562,48.182513],[11.612796,48.181312],[11.612623,48.181402],[11.612223,48.180807],[11.611352,48.181176],[11.610887,48.179783],[11.610426,48.179213],[11.609172,48.179266],[11.609518,48.178435],[11.609513,48.178156],[11.60871,48.177044],[11.60892,48.176846],[11.609561,48.176625],[11.609276,48.17635],[11.610211,48.176097],[11.610242,48.175549],[11.609986,48.175066],[11.609338,48.174324],[11.607145,48.172772],[11.606519,48.172582],[11.605808,48.172224],[11.604974,48.171367],[11.604866,48.171068],[11.605032,48.170481],[11.605209,48.170267],[11.606381,48.16979],[11.606441,48.169621],[11.606352,48.169304],[11.605842,48.168873],[11.604515,48.168708],[11.604676,48.168612],[11.603541,48.167821],[11.602765,48.166726],[11.601078,48.165315],[11.600539,48.164532],[11.600037,48.164108],[11.599847,48.163758],[11.599813,48.163623],[11.600188,48.162605],[11.599949,48.162093],[11.599593,48.161904],[11.598959,48.161859],[11.597655,48.162665],[11.597711,48.162763],[11.597591,48.162804],[11.596502,48.16282],[11.596043,48.1627],[11.594655,48.161659],[11.594439,48.161659],[11.593978,48.161389],[11.59327,48.160558],[11.592608,48.160187],[11.592021,48.1595],[11.591466,48.158543],[11.590901,48.157983],[11.589602,48.157411],[11.589333,48.156775],[11.589763,48.156075],[11.590049,48.155278],[11.589875,48.154446],[11.589118,48.153578],[11.588497,48.15336],[11.587997,48.153324],[11.587906,48.153182],[11.588202,48.152838],[11.587028,48.151661],[11.586851,48.15121],[11.586111,48.150068],[11.585187,48.150138],[11.585113,48.149924],[11.584575,48.150003],[11.584905,48.148951],[11.584988,48.148388],[11.58495,48.147509],[11.584748,48.146749],[11.583737,48.144524],[11.584132,48.144413],[11.584529,48.144109],[11.584664,48.144126],[11.585016,48.144902],[11.586969,48.144509],[11.587401,48.144223],[11.587523,48.143454],[11.588487,48.143234],[11.588763,48.143429],[11.590713,48.144178],[11.591636,48.144788],[11.592279,48.145383],[11.592687,48.145937],[11.592902,48.14643],[11.591663,48.147198],[11.592952,48.148131],[11.594309,48.148596],[11.594474,48.148913],[11.593672,48.149014],[11.593874,48.150618],[11.59433,48.151312],[11.595121,48.150674],[11.595342,48.150828],[11.595474,48.151845],[11.596155,48.152791],[11.596254,48.153408],[11.597453,48.154547],[11.597867,48.154376],[11.598284,48.154812],[11.598737,48.154615],[11.601145,48.15744],[11.602134,48.157076],[11.602053,48.156974],[11.602593,48.156754],[11.603204,48.157912],[11.604038,48.157434],[11.605207,48.156985],[11.609507,48.161846],[11.609593,48.162189],[11.612644,48.165535],[11.61395,48.166789],[11.615536,48.168888],[11.615783,48.169003],[11.616713,48.170041],[11.618153,48.171281],[11.619468,48.172681]]]}},{"type":"Feature","properties":{"kind":"water","osmId":"way/159091564"},"geometry":{"type":"Polygon","coordinates":[[[11.586526,48.145444],[11.586483,48.145368],[11.587178,48.145153],[11.587412,48.145255],[11.587178,48.145232],[11.586526,48.145444]]]}},{"type":"Feature","properties":{"kind":"water","osmId":"way/159091566"},"geometry":{"type":"Polygon","coordinates":[[[11.587624,48.144681],[11.587287,48.145151],[11.587556,48.145395],[11.587925,48.145394],[11.587429,48.145157],[11.587407,48.145084],[11.587633,48.144877],[11.587624,48.144681]]]}},{"type":"Feature","properties":{"kind":"water","osmId":"way/159091576"},"geometry":{"type":"Polygon","coordinates":[[[11.587729,48.149902],[11.587481,48.149651],[11.587615,48.149166],[11.587565,48.147257],[11.587689,48.146444],[11.587667,48.146054],[11.587526,48.146046],[11.58735,48.147171],[11.587433,48.148925],[11.587349,48.149434],[11.587454,48.14991],[11.587729,48.149902]]]}},{"type":"Feature","properties":{"kind":"water","osmId":"way/159091580"},"geometry":{"type":"Polygon","coordinates":[[[11.587675,48.144683],[11.587587,48.145219],[11.587712,48.145295],[11.588253,48.145419],[11.589811,48.14606],[11.592792,48.148182],[11.59438,48.148739],[11.594315,48.148621],[11.592772,48.148096],[11.589863,48.145997],[11.587841,48.145209],[11.587774,48.145128],[11.587808,48.144684],[11.587675,48.144683]]]}},{"type":"Feature","properties":{"kind":"water","osmId":"way/159091596"},"geometry":{"type":"Polygon","coordinates":[[[11.58402,48.144443],[11.58425,48.144706],[11.584132,48.144413],[11.58402,48.144443]]]}},{"type":"Feature","properties":{"kind":"road","osmId":"way/160015853","name":"Brienner Straße","roadClass":"tertiary"},"geometry":{"type":"LineString","coordinates":[[11.574902,48.143143],[11.575167,48.143104]]}},{"type":"Feature","properties":{"kind":"road","osmId":"way/167443077","name":"Franz-Josef-Strauß-Ring","roadClass":"secondary"},"geometry":{"type":"LineString","coordinates":[[11.583818,48.142889],[11.58374,48.142728]]}},{"type":"Feature","properties":{"kind":"road","osmId":"way/167443078","name":"Franz-Josef-Strauß-Ring","roadClass":"secondary"},"geometry":{"type":"LineString","coordinates":[[11.58374,48.142728],[11.583243,48.141711]]}},{"type":"Feature","properties":{"kind":"road","osmId":"way/167443079","name":"Franz-Josef-Strauß-Ring","roadClass":"secondary"},"geometry":{"type":"LineString","coordinates":[[11.584265,48.143795],[11.583818,48.142889]]}},{"type":"Feature","properties":{"kind":"road","osmId":"way/167443080","name":"Franz-Josef-Strauß-Ring","roadClass":"secondary"},"geometry":{"type":"LineString","coordinates":[[11.583243,48.141711],[11.582909,48.141144]]}},{"type":"Feature","properties":{"kind":"road","osmId":"way/167444032","name":"Franz-Josef-Strauß-Ring","roadClass":"secondary"},"geometry":{"type":"LineString","coordinates":[[11.584314,48.143921],[11.584316,48.144135]]}},{"type":"Feature","properties":{"kind":"road","osmId":"way/184641407","name":"Englischer Garten","roadClass":"residential"},"geometry":{"type":"LineString","coordinates":[[11.594138,48.151208],[11.594314,48.151449]]}},{"type":"Feature","properties":{"kind":"road","osmId":"way/192123865","name":"Kaulbachstraße","roadClass":"residential"},"geometry":{"type":"LineString","coordinates":[[11.583997,48.150146],[11.582604,48.145617]]}},{"type":"Feature","properties":{"kind":"road","osmId":"way/196953767","name":"Sankt-Anna-Straße","roadClass":"residential"},"geometry":{"type":"LineString","coordinates":[[11.587015,48.139288],[11.586752,48.138339]]}},{"type":"Feature","properties":{"kind":"waterway","osmId":"way/202707918","name":"Eisbach"},"geometry":{"type":"LineString","coordinates":[[11.587747,48.143406],[11.58767,48.145088],[11.587738,48.145222],[11.589655,48.145943],[11.590319,48.146328],[11.592786,48.14815],[11.59436,48.148673]]}},{"type":"Feature","properties":{"kind":"road","osmId":"way/216110864","name":"Adelgundenstraße","roadClass":"residential"},"geometry":{"type":"LineString","coordinates":[[11.586774,48.137817],[11.586761,48.13778]]}},{"type":"Feature","properties":{"kind":"road","osmId":"way/216110865","name":"Maximilianstraße","roadClass":"secondary"},"geometry":{"type":"LineString","coordinates":[[11.584775,48.13825],[11.584648,48.138264]]}},{"type":"Feature","properties":{"kind":"road","osmId":"way/226616362","name":"Kardinal-Faulhaber-Straße","roadClass":"residential"},"geometry":{"type":"LineString","coordinates":[[11.573757,48.140026],[11.574349,48.140601],[11.575014,48.141439]]}},{"type":"Feature","properties":{"kind":"road","osmId":"way/241324016","name":"Brienner Straße","roadClass":"tertiary"},"geometry":{"type":"LineString","coordinates":[[11.574461,48.143232],[11.573716,48.143405]]}},{"type":"Feature","properties":{"kind":"road","osmId":"way/241324029","name":"Oskar-von-Miller-Ring","roadClass":"secondary"},"geometry":{"type":"LineString","coordinates":[[11.573813,48.143774],[11.573654,48.143543]]}},{"type":"Feature","properties":{"kind":"road","osmId":"way/241674893","name":"Gabelsbergerstraße","roadClass":"secondary"},"geometry":{"type":"LineString","coordinates":[[11.573714,48.145834],[11.574257,48.145678]]}},{"type":"Feature","properties":{"kind":"road","osmId":"way/241674897","name":"Oskar-von-Miller-Ring","roadClass":"secondary"},"geometry":{"type":"LineString","coordinates":[[11.576201,48.14565],[11.575893,48.145637]]}},{"type":"Feature","properties":{"kind":"road","osmId":"way/241674900","name":"Gabelsbergerstraße","roadClass":"secondary"},"geometry":{"type":"LineString","coordinates":[[11.574687,48.145646],[11.573755,48.145895]]}},{"type":"Feature","properties":{"kind":"park","osmId":"way/241674922"},"geometry":{"type":"Polygon","coordinates":[[[11.574364,48.144008],[11.574649,48.14463],[11.574468,48.144681],[11.574111,48.144122],[11.574364,48.144008]]]}},{"type":"Feature","properties":{"kind":"road","osmId":"way/242358060","name":"Ludwigstraße","roadClass":"secondary"},"geometry":{"type":"LineString","coordinates":[[11.579302,48.146285],[11.579556,48.146828]]}},{"type":"Feature","properties":{"kind":"road","osmId":"way/242358064","name":"Ludwigstraße","roadClass":"secondary"},"geometry":{"type":"LineString","coordinates":[[11.580369,48.148566],[11.580564,48.148984]]}},{"type":"Feature","properties":{"kind":"park","osmId":"way/244582809"},"geometry":{"type":"Polygon","coordinates":[[[11.581547,48.153057],[11.582013,48.15296],[11.581814,48.15252],[11.58134,48.152618],[11.581547,48.153057]]]}},{"type":"Feature","properties":{"kind":"road","osmId":"way/247649059","name":"Pfisterstraße","roadClass":"residential"},"geometry":{"type":"LineString","coordinates":[[11.578581,48.138639],[11.578502,48.138664]]}},{"type":"Feature","properties":{"kind":"road","osmId":"way/247649060","name":"Pfisterstraße","roadClass":"residential"},"geometry":{"type":"LineString","coordinates":[[11.578458,48.138678],[11.578502,48.138664]]}},{"type":"Feature","properties":{"kind":"park","osmId":"way/248003727","name":"Garten des Georgianums"},"geometry":{"type":"Polygon","coordinates":[[[11.582202,48.150116],[11.583289,48.149908],[11.583166,48.149454],[11.582524,48.149545],[11.582439,48.149265],[11.581873,48.14936],[11.582202,48.150116]]]}},{"type":"Feature","properties":{"kind":"park","osmId":"way/248275821"},"geometry":{"type":"Polygon","coordinates":[[[11.582015,48.147113],[11.582422,48.14706],[11.582132,48.146173],[11.580791,48.146382],[11.580957,48.146819],[11.581722,48.146658],[11.582015,48.147113]]]}},{"type":"Feature","properties":{"kind":"water","osmId":"way/251829476"},"geometry":{"type":"Polygon","coordinates":[[[11.59257,48.138076],[11.592475,48.138083],[11.592116,48.137383],[11.592197,48.137359],[11.592373,48.137614],[11.59257,48.138076]]]}},{"type":"Feature","properties":{"kind":"road","osmId":"way/257527112","name":"Von-der-Tann-Straße","roadClass":"secondary"},"geometry":{"type":"LineString","coordinates":[[11.582573,48.144486],[11.58374,48.144326]]}},{"type":"Feature","properties":{"kind":"road","osmId":"way/278513972","name":"Odeonsplatz","roadClass":"tertiary"},"geometry":{"type":"LineString","coordinates":[[11.57787,48.143095],[11.577897,48.1433]]}},{"type":"Feature","properties":{"kind":"road","osmId":"way/278513973","name":"Odeonsplatz","roadClass":"tertiary"},"geometry":{"type":"LineString","coordinates":[[11.577696,48.14296],[11.577539,48.142662]]}},{"type":"Feature","properties":{"kind":"road","osmId":"way/292072468","name":"Bruderstraße","roadClass":"residential"},"geometry":{"type":"LineString","coordinates":[[11.587236,48.143184],[11.587386,48.143297]]}},{"type":"Feature","properties":{"kind":"road","osmId":"way/292911360","name":"Widenmayerstraße","roadClass":"secondary"},"geometry":{"type":"LineString","coordinates":[[11.59547,48.147611],[11.59539,48.147532]]}},{"type":"Feature","properties":{"kind":"road","osmId":"way/292948255","name":"Brienner Straße","roadClass":"secondary"},"geometry":{"type":"LineString","coordinates":[[11.573334,48.143521],[11.572375,48.14378]]}},{"type":"Feature","properties":{"kind":"road","osmId":"way/292948256","name":"Maximiliansplatz","roadClass":"secondary"},"geometry":{"type":"LineString","coordinates":[[11.573587,48.1431],[11.573716,48.143405]]}},{"type":"Feature","properties":{"kind":"road","osmId":"way/292960291","name":"Altstadtringtunnel","roadClass":"secondary"},"geometry":{"type":"LineString","coordinates":[[11.580928,48.144877],[11.578881,48.145325]]}},{"type":"Feature","properties":{"kind":"road","osmId":"way/292960292","name":"Altstadtringtunnel","roadClass":"secondary"},"geometry":{"type":"LineString","coordinates":[[11.583034,48.144269],[11.58456,48.143808]]}},{"type":"Feature","properties":{"kind":"road","osmId":"way/292960293","name":"Altstadtringtunnel","roadClass":"secondary"},"geometry":{"type":"LineString","coordinates":[[11.578864,48.145286],[11.583034,48.144269]]}},{"type":"Feature","properties":{"kind":"road","osmId":"way/292960294","name":"Altstadtringtunnel","roadClass":"secondary"},"geometry":{"type":"LineString","coordinates":[[11.578881,48.145325],[11.576879,48.145671]]}},{"type":"Feature","properties":{"kind":"road","osmId":"way/292960295","name":"Kardinal-Döpfner-Straße","roadClass":"residential"},"geometry":{"type":"LineString","coordinates":[[11.577328,48.145372],[11.577379,48.145544]]}},{"type":"Feature","properties":{"kind":"road","osmId":"way/292960296","name":"Karl-Scharnagl-Ring","roadClass":"secondary"},"geometry":{"type":"LineString","coordinates":[[11.584648,48.138264],[11.584744,48.138635]]}},{"type":"Feature","properties":{"kind":"road","osmId":"way/292960297","name":"Oskar-von-Miller-Ring","roadClass":"secondary"},"geometry":{"type":"LineString","coordinates":[[11.577379,48.145544],[11.577727,48.145518]]}},{"type":"Feature","properties":{"kind":"road","osmId":"way/292960298","name":"Von-der-Tann-Straße","roadClass":"secondary"},"geometry":{"type":"LineString","coordinates":[[11.583291,48.144494],[11.580688,48.144978]]}},{"type":"Feature","properties":{"kind":"waterway","osmId":"way/293888644","name":"Westlicher Stadtgraben"},"geometry":{"type":"LineString","coordinates":[[11.567181,48.134411],[11.566291,48.136466],[11.566473,48.137705],[11.566205,48.13782],[11.566281,48.139165],[11.566548,48.139898],[11.566884,48.140146],[11.56966,48.141271],[11.574595,48.142745],[11.576365,48.142588],[11.580737,48.141667],[11.581283,48.141425]]}},{"type":"Feature","properties":{"kind":"waterway","osmId":"way/293889079","name":"Hofbrunnwerkkanal"},"geometry":{"type":"LineString","coordinates":[[11.578703,48.142141],[11.582242,48.143276],[11.583489,48.143823],[11.583687,48.144236],[11.584079,48.144427]]}},{"type":"Feature","properties":{"kind":"road","osmId":"way/308871800","roadClass":"residential"},"geometry":{"type":"LineString","coordinates":[[11.587525,48.137729],[11.587468,48.137625]]}},{"type":"Feature","properties":{"kind":"road","osmId":"way/308879487","name":"Maximilianstraße","roadClass":"residential"},"geometry":{"type":"LineString","coordinates":[[11.58862,48.1374],[11.588648,48.137613],[11.588565,48.137751],[11.587973,48.137908]]}},{"type":"Feature","properties":{"kind":"road","osmId":"way/310971850","name":"Oskar-von-Miller-Ring","roadClass":"secondary"},"geometry":{"type":"LineString","coordinates":[[11.575351,48.145615],[11.574783,48.145544]]}},{"type":"Feature","properties":{"kind":"road","osmId":"way/315220263","name":"Maximilianstraße","roadClass":"secondary"},"geometry":{"type":"LineString","coordinates":[[11.585542,48.138098],[11.584775,48.13825]]}},{"type":"Feature","properties":{"kind":"road","osmId":"way/315220264","name":"Maximilianstraße","roadClass":"secondary"},"geometry":{"type":"LineString","coordinates":[[11.585466,48.138026],[11.586761,48.13778]]}},{"type":"Feature","properties":{"kind":"road","osmId":"way/315220265","name":"Oskar-von-Miller-Ring","roadClass":"secondary"},"geometry":{"type":"LineString","coordinates":[[11.57431,48.144759],[11.574404,48.144932]]}},{"type":"Feature","properties":{"kind":"road","osmId":"way/315220272","name":"Thomas-Wimmer-Ring","roadClass":"secondary"},"geometry":{"type":"LineString","coordinates":[[11.584474,48.13763],[11.584632,48.138187]]}},{"type":"Feature","properties":{"kind":"road","osmId":"way/316667284","name":"Alfons-Goppel-Straße","roadClass":"residential"},"geometry":{"type":"LineString","coordinates":[[11.580915,48.140804],[11.581152,48.141401]]}},{"type":"Feature","properties":{"kind":"road","osmId":"way/332184121","name":"Englischer Garten","roadClass":"unclassified"},"geometry":{"type":"LineString","coordinates":[[11.595215,48.150712],[11.594148,48.151602]]}},{"type":"Feature","properties":{"kind":"road","osmId":"way/356582887","name":"Sparkassenstraße","roadClass":"residential"},"geometry":{"type":"LineString","coordinates":[[11.579064,48.138433],[11.579086,48.138471]]}},{"type":"Feature","properties":{"kind":"road","osmId":"way/365762133","name":"Leopoldstraße","roadClass":"secondary"},"geometry":{"type":"LineString","coordinates":[[11.582368,48.152471],[11.582327,48.152732]]}},{"type":"Feature","properties":{"kind":"road","osmId":"way/365762134","name":"Ludwigstraße","roadClass":"tertiary"},"geometry":{"type":"LineString","coordinates":[[11.578618,48.14483],[11.57884,48.145266]]}},{"type":"Feature","properties":{"kind":"road","osmId":"way/365762135","name":"Odeonsplatz","roadClass":"tertiary"},"geometry":{"type":"LineString","coordinates":[[11.578153,48.143845],[11.578368,48.144275]]}},{"type":"Feature","properties":{"kind":"road","osmId":"way/372000255","name":"Oskar-von-Miller-Ring","roadClass":"secondary"},"geometry":{"type":"LineString","coordinates":[[11.577145,48.145527],[11.577379,48.145544]]}},{"type":"Feature","properties":{"kind":"road","osmId":"way/376401314","name":"Theresienstraße","roadClass":"secondary"},"geometry":{"type":"LineString","coordinates":[[11.573644,48.148484],[11.573288,48.148584]]}},{"type":"Feature","properties":{"kind":"road","osmId":"way/376401315","name":"Theresienstraße","roadClass":"secondary"},"geometry":{"type":"LineString","coordinates":[[11.574199,48.148328],[11.573644,48.148484]]}},{"type":"Feature","properties":{"kind":"road","osmId":"way/376401316","name":"Theresienstraße","roadClass":"secondary"},"geometry":{"type":"LineString","coordinates":[[11.573288,48.148584],[11.57261,48.148774]]}},{"type":"Feature","properties":{"kind":"water","osmId":"way/376680718"},"geometry":{"type":"Polygon","coordinates":[[[11.596554,48.149926],[11.596863,48.150171],[11.597,48.150107],[11.596262,48.149457],[11.595556,48.14902],[11.594315,48.148621],[11.59438,48.148739],[11.595747,48.149286],[11.596554,48.149926]]]}},{"type":"Feature","properties":{"kind":"water","osmId":"way/376680721"},"geometry":{"type":"Polygon","coordinates":[[[11.59743,48.152094],[11.597444,48.152453],[11.59763,48.152385],[11.597626,48.151615],[11.59733,48.150729],[11.597,48.150107],[11.596863,48.150171],[11.597376,48.151229],[11.59743,48.152094]]]}},{"type":"Feature","properties":{"kind":"road","osmId":"way/380407135","name":"Brienner Straße","roadClass":"tertiary"},"geometry":{"type":"LineString","coordinates":[[11.577345,48.142657],[11.576529,48.142826]]}},{"type":"Feature","properties":{"kind":"road","osmId":"way/387011422","name":"Alfons-Goppel-Straße","roadClass":"residential"},"geometry":{"type":"LineString","coordinates":[[11.581152,48.141401],[11.581256,48.141512]]}},{"type":"Feature","properties":{"kind":"road","osmId":"way/392069505","name":"Barer Straße","roadClass":"tertiary"},"geometry":{"type":"LineString","coordinates":[[11.573725,48.151731],[11.574009,48.152174]]}},{"type":"Feature","properties":{"kind":"road","osmId":"way/392069506","name":"Barer Straße","roadClass":"tertiary"},"geometry":{"type":"LineString","coordinates":[[11.573,48.150605],[11.573275,48.151031]]}},{"type":"Feature","properties":{"kind":"road","osmId":"way/392069508","name":"Schellingstraße","roadClass":"residential"},"geometry":{"type":"LineString","coordinates":[[11.573275,48.151031],[11.573088,48.151082]]}},{"type":"Feature","properties":{"kind":"road","osmId":"way/392088973","name":"Schellingstraße","roadClass":"residential"},"geometry":{"type":"LineString","coordinates":[[11.576114,48.150233],[11.575961,48.150278]]}},{"type":"Feature","properties":{"kind":"road","osmId":"way/392088976","name":"Türkenstraße","roadClass":"residential"},"geometry":{"type":"LineString","coordinates":[[11.575921,48.150217],[11.575961,48.150278]]}},{"type":"Feature","properties":{"kind":"road","osmId":"way/392103893","name":"Theresienstraße","roadClass":"residential"},"geometry":{"type":"LineString","coordinates":[[11.576701,48.147616],[11.574607,48.148213]]}},{"type":"Feature","properties":{"kind":"road","osmId":"way/392308252","name":"Thierschstraße","roadClass":"residential"},"geometry":{"type":"LineString","coordinates":[[11.58829,48.137642],[11.588182,48.137828]]}},{"type":"Feature","properties":{"kind":"road","osmId":"way/392308254","name":"Thierschstraße","roadClass":"residential"},"geometry":{"type":"LineString","coordinates":[[11.588182,48.137828],[11.587991,48.137707]]}},{"type":"Feature","properties":{"kind":"road","osmId":"way/394090904","name":"Robert-Koch-Straße","roadClass":"residential"},"geometry":{"type":"LineString","coordinates":[[11.589622,48.139826],[11.590763,48.139314]]}},{"type":"Feature","properties":{"kind":"road","osmId":"way/394090915","name":"Tattenbachstraße","roadClass":"residential"},"geometry":{"type":"LineString","coordinates":[[11.589622,48.139826],[11.589872,48.140101]]}},{"type":"Feature","properties":{"kind":"road","osmId":"way/394090921","name":"Thierschplatz","roadClass":"residential"},"geometry":{"type":"LineString","coordinates":[[11.589093,48.139302],[11.589237,48.139435]]}},{"type":"Feature","properties":{"kind":"road","osmId":"way/400174926","name":"Alexandrastraße","roadClass":"residential"},"geometry":{"type":"LineString","coordinates":[[11.590392,48.142407],[11.590329,48.142264]]}},{"type":"Feature","properties":{"kind":"road","osmId":"way/403255913","name":"Oettingenstraße","roadClass":"secondary"},"geometry":{"type":"LineString","coordinates":[[11.593198,48.144036],[11.59308,48.143832]]}},{"type":"Feature","properties":{"kind":"road","osmId":"way/403255918","name":"Oettingenstraße","roadClass":"secondary"},"geometry":{"type":"LineString","coordinates":[[11.592416,48.142739],[11.592171,48.142337]]}},{"type":"Feature","properties":{"kind":"road","osmId":"way/421460704","name":"Tivolistraße","roadClass":"residential"},"geometry":{"type":"LineString","coordinates":[[11.596319,48.150225],[11.596184,48.150229]]}},{"type":"Feature","properties":{"kind":"road","osmId":"way/428995968","name":"Jägerstraße","roadClass":"residential"},"geometry":{"type":"LineString","coordinates":[[11.574728,48.144662],[11.575678,48.144465]]}},{"type":"Feature","properties":{"kind":"park","osmId":"way/433599192"},"geometry":{"type":"Polygon","coordinates":[[[11.586984,48.143603],[11.587378,48.143514],[11.587337,48.144111],[11.586968,48.144276],[11.586909,48.144148],[11.587098,48.144107],[11.587039,48.143975],[11.587106,48.14396],[11.586984,48.143603]]]}},{"type":"Feature","properties":{"kind":"park","osmId":"way/436942320"},"geometry":{"type":"Polygon","coordinates":[[[11.590061,48.137313],[11.590216,48.137263],[11.593186,48.13919],[11.594248,48.140436],[11.594726,48.141573],[11.594518,48.141632],[11.593971,48.140434],[11.593102,48.139299],[11.590061,48.137313]]]}},{"type":"Feature","properties":{"kind":"road","osmId":"way/444992652","name":"Prinzregentenstraße","roadClass":"secondary"},"geometry":{"type":"LineString","coordinates":[[11.587585,48.143258],[11.587386,48.143297]]}},{"type":"Feature","properties":{"kind":"road","osmId":"way/444992653","name":"Prinzregentenstraße","roadClass":"secondary"},"geometry":{"type":"LineString","coordinates":[[11.587803,48.143215],[11.587585,48.143258]]}},{"type":"Feature","properties":{"kind":"road","osmId":"way/448672564","name":"Brienner Straße","roadClass":"tertiary"},"geometry":{"type":"LineString","coordinates":[[11.577414,48.142651],[11.577345,48.142657]]}},{"type":"Feature","properties":{"kind":"road","osmId":"way/456746069","name":"Amalienstraße","roadClass":"residential"},"geometry":{"type":"LineString","coordinates":[[11.5756,48.14592],[11.5756,48.145807]]}},{"type":"Feature","properties":{"kind":"road","osmId":"way/456746079","name":"Professor-Huber-Platz","roadClass":"residential"},"geometry":{"type":"LineString","coordinates":[[11.582033,48.150453],[11.58199,48.150821],[11.581594,48.151057]]}},{"type":"Feature","properties":{"kind":"road","osmId":"way/456746080","name":"Rheinbergerstraße","roadClass":"residential"},"geometry":{"type":"LineString","coordinates":[[11.577156,48.146444],[11.577444,48.146382]]}},{"type":"Feature","properties":{"kind":"road","osmId":"way/456746083","name":"Schellingstraße","roadClass":"residential"},"geometry":{"type":"LineString","coordinates":[[11.580564,48.148984],[11.580333,48.149043]]}},{"type":"Feature","properties":{"kind":"road","osmId":"way/456746086","name":"Theresienstraße","roadClass":"residential"},"geometry":{"type":"LineString","coordinates":[[11.579556,48.146828],[11.579396,48.146869]]}},{"type":"Feature","properties":{"kind":"water","osmId":"way/469015269"},"geometry":{"type":"Polygon","coordinates":[[[11.587601,48.149964],[11.587866,48.150322],[11.587763,48.150754],[11.58759,48.150961],[11.587085,48.151199],[11.587177,48.151232],[11.587622,48.151008],[11.58796,48.150571],[11.587945,48.150148],[11.587755,48.14991],[11.587601,48.149964]]]}},{"type":"Feature","properties":{"kind":"water","osmId":"way/469015276"},"geometry":{"type":"Polygon","coordinates":[[[11.587667,48.146054],[11.587743,48.145511],[11.587855,48.145419],[11.587637,48.145364],[11.587556,48.145395],[11.587526,48.146046],[11.587667,48.146054]]]}},{"type":"Feature","properties":{"kind":"water","osmId":"way/469015279"},"geometry":{"type":"Polygon","coordinates":[[[11.587808,48.144684],[11.587814,48.143392],[11.587662,48.143425],[11.587624,48.144681],[11.587808,48.144684]]]}},{"type":"Feature","properties":{"kind":"park","osmId":"way/482117458"},"geometry":{"type":"Polygon","coordinates":[[[11.58251,48.152242],[11.582612,48.152465],[11.58304,48.152378],[11.582938,48.152155],[11.58251,48.152242]]]}},{"type":"Feature","properties":{"kind":"road","osmId":"way/482811880","name":"Herzog-Rudolf-Straße","roadClass":"residential"},"geometry":{"type":"LineString","coordinates":[[11.583305,48.13848],[11.583535,48.139227],[11.584049,48.139766]]}},{"type":"Feature","properties":{"kind":"road","osmId":"way/482811881","name":"Seitzstraße","roadClass":"residential"},"geometry":{"type":"LineString","coordinates":[[11.58479,48.140528],[11.584173,48.139931]]}},{"type":"Feature","properties":{"kind":"road","osmId":"way/483091453","name":"Königinstraße","roadClass":"residential"},"geometry":{"type":"LineString","coordinates":[[11.584517,48.150069],[11.584767,48.149218]]}},{"type":"Feature","properties":{"kind":"park","osmId":"way/491673160","name":"Schwindinsel"},"geometry":{"type":"Polygon","coordinates":[[[11.590717,48.137167],[11.591626,48.137835],[11.592733,48.138451],[11.592091,48.137334],[11.592161,48.137298],[11.591919,48.137094],[11.591717,48.136976],[11.590717,48.137167]]]}},{"type":"Feature","properties":{"kind":"road","osmId":"way/497514972","name":"Salvatorstraße","roadClass":"residential"},"geometry":{"type":"LineString","coordinates":[[11.573324,48.141835],[11.573264,48.141845]]}},{"type":"Feature","properties":{"kind":"road","osmId":"way/497514973","name":"Salvatorstraße","roadClass":"residential"},"geometry":{"type":"LineString","coordinates":[[11.573438,48.141813],[11.573324,48.141835]]}},{"type":"Feature","properties":{"kind":"road","osmId":"way/506111188","name":"Nordendstraße","roadClass":"residential"},"geometry":{"type":"LineString","coordinates":[[11.575816,48.152917],[11.57598,48.151861]]}},{"type":"Feature","properties":{"kind":"water","osmId":"way/506156187"},"geometry":{"type":"Polygon","coordinates":[[[11.582642,48.141341],[11.58346,48.143127],[11.583905,48.143773],[11.582642,48.141341]]]}},{"type":"Feature","properties":{"kind":"road","osmId":"way/527887145","name":"Liebigstraße","roadClass":"residential"},"geometry":{"type":"LineString","coordinates":[[11.593426,48.140453],[11.59381,48.140392]]}},{"type":"Feature","properties":{"kind":"road","osmId":"way/535322385","name":"Maximilianstraße","roadClass":"residential"},"geometry":{"type":"LineString","coordinates":[[11.580174,48.13908],[11.580725,48.138973]]}},{"type":"Feature","properties":{"kind":"road","osmId":"way/646878467","name":"Geschwister-Scholl-Platz","roadClass":"residential"},"geometry":{"type":"LineString","coordinates":[[11.580829,48.15021],[11.58094,48.15016]]}},{"type":"Feature","properties":{"kind":"road","osmId":"way/646878469","name":"Geschwister-Scholl-Platz","roadClass":"residential"},"geometry":{"type":"LineString","coordinates":[[11.581384,48.151102],[11.581233,48.151103]]}},{"type":"Feature","properties":{"kind":"road","osmId":"way/681699053","name":"Veterinärstraße","roadClass":"residential"},"geometry":{"type":"LineString","coordinates":[[11.584517,48.150069],[11.583997,48.150146]]}},{"type":"Feature","properties":{"kind":"water","osmId":"way/705282493"},"geometry":{"type":"Polygon","coordinates":[[[11.596755,48.139612],[11.5966,48.139284],[11.596714,48.139315],[11.596826,48.13958],[11.596755,48.139612]]]}},{"type":"Feature","properties":{"kind":"water","osmId":"way/705282494"},"geometry":{"type":"Polygon","coordinates":[[[11.596369,48.139241],[11.596212,48.139029],[11.596473,48.13919],[11.596369,48.139241]]]}},{"type":"Feature","properties":{"kind":"road","osmId":"way/739675291","name":"Oskar-von-Miller-Ring","roadClass":"secondary"},"geometry":{"type":"LineString","coordinates":[[11.574655,48.14558],[11.574621,48.145506]]}},{"type":"Feature","properties":{"kind":"road","osmId":"way/804964244","name":"Oettingenstraße","roadClass":"residential"},"geometry":{"type":"LineString","coordinates":[[11.594612,48.148946],[11.59454,48.148828]]}},{"type":"Feature","properties":{"kind":"road","osmId":"way/863371671","name":"Geschwister-Scholl-Platz","roadClass":"residential"},"geometry":{"type":"LineString","coordinates":[[11.581491,48.15108],[11.581384,48.151102]]}},{"type":"Feature","properties":{"kind":"road","osmId":"way/863371672","name":"Geschwister-Scholl-Platz","roadClass":"residential"},"geometry":{"type":"LineString","coordinates":[[11.581491,48.15108],[11.581594,48.151057]]}},{"type":"Feature","properties":{"kind":"road","osmId":"way/875504529","name":"Hofgartenstraße","roadClass":"residential"},"geometry":{"type":"LineString","coordinates":[[11.581256,48.141512],[11.581416,48.141522]]}},{"type":"Feature","properties":{"kind":"road","osmId":"way/878572896","name":"Gabelsbergerstraße","roadClass":"secondary"},"geometry":{"type":"LineString","coordinates":[[11.575351,48.145615],[11.574687,48.145646]]}},{"type":"Feature","properties":{"kind":"road","osmId":"way/878572897","name":"Oskar-von-Miller-Ring","roadClass":"secondary"},"geometry":{"type":"LineString","coordinates":[[11.574986,48.145775],[11.574687,48.145646]]}},{"type":"Feature","properties":{"kind":"water","osmId":"way/889244435"},"geometry":{"type":"Polygon","coordinates":[[[11.587085,48.151199],[11.586983,48.151407],[11.587055,48.151598],[11.587886,48.152321],[11.588616,48.153304],[11.589115,48.153436],[11.589171,48.153382],[11.588499,48.153014],[11.587792,48.152124],[11.587107,48.151546],[11.587066,48.151423],[11.587177,48.151232],[11.587085,48.151199]]]}},{"type":"Feature","properties":{"kind":"park","osmId":"way/914817046"},"geometry":{"type":"Polygon","coordinates":[[[11.587587,48.145219],[11.587407,48.145084],[11.587633,48.144877],[11.587587,48.145219]]]}},{"type":"Feature","properties":{"kind":"water","osmId":"way/940550622"},"geometry":{"type":"Polygon","coordinates":[[[11.590514,48.152648],[11.590517,48.153096],[11.590443,48.153093],[11.590445,48.152415],[11.590611,48.15208],[11.592067,48.150542],[11.592127,48.1506],[11.591786,48.150846],[11.590587,48.152262],[11.590514,48.152648]]]}},{"type":"Feature","properties":{"kind":"water","osmId":"way/940550623"},"geometry":{"type":"Polygon","coordinates":[[[11.592127,48.1506],[11.592385,48.150508],[11.592891,48.1499],[11.59337,48.14908],[11.593321,48.148962],[11.592704,48.150002],[11.592443,48.150305],[11.592176,48.150396],[11.592067,48.150542],[11.592127,48.1506]]]}},{"type":"Feature","properties":{"kind":"water","osmId":"way/940550624"},"geometry":{"type":"Polygon","coordinates":[[[11.593438,48.149306],[11.593321,48.148962],[11.592993,48.148485],[11.593181,48.148602],[11.593412,48.148981],[11.593696,48.150102],[11.593693,48.150636],[11.593801,48.15098],[11.594073,48.151557],[11.59449,48.15193],[11.594418,48.15199],[11.594018,48.151599],[11.593754,48.151125],[11.593565,48.150393],[11.593565,48.149841],[11.593438,48.149306]]]}},{"type":"Feature","properties":{"kind":"water","osmId":"way/940550625"},"geometry":{"type":"Polygon","coordinates":[[[11.592196,48.150557],[11.593073,48.150521],[11.593248,48.150824],[11.59364,48.150749],[11.593621,48.150669],[11.593275,48.150788],[11.593055,48.150491],[11.592196,48.150557]]]}},{"type":"Feature","properties":{"kind":"water","osmId":"way/940552377"},"geometry":{"type":"Polygon","coordinates":[[[11.59449,48.15193],[11.594567,48.152247],[11.594481,48.152463],[11.593738,48.153024],[11.593761,48.153382],[11.594376,48.154383],[11.595095,48.154874],[11.595366,48.155264],[11.595982,48.155738],[11.596337,48.156264],[11.595806,48.155646],[11.595255,48.15525],[11.594903,48.154777],[11.594238,48.154348],[11.593593,48.153255],[11.593729,48.15289],[11.594443,48.152411],[11.594507,48.152243],[11.594418,48.15199],[11.59449,48.15193]]]}},{"type":"Feature","properties":{"kind":"road","osmId":"way/963477199","name":"Am Gries","roadClass":"residential"},"geometry":{"type":"LineString","coordinates":[[11.594453,48.143614],[11.594559,48.143996]]}},{"type":"Feature","properties":{"kind":"road","osmId":"way/967845509","name":"Maximilianstraße","roadClass":"residential"},"geometry":{"type":"LineString","coordinates":[[11.585165,48.138455],[11.585521,48.138385]]}},{"type":"Feature","properties":{"kind":"road","osmId":"way/990432178","name":"Tivolibrücke","roadClass":"unclassified"},"geometry":{"type":"LineString","coordinates":[[11.594071,48.151701],[11.594039,48.151741]]}},{"type":"Feature","properties":{"kind":"road","osmId":"way/1012878038","name":"Thomas-Wimmer-Ring","roadClass":"secondary"},"geometry":{"type":"LineString","coordinates":[[11.584441,48.13808],[11.584416,48.137988]]}},{"type":"Feature","properties":{"kind":"road","osmId":"way/1055534870","name":"Adalbertstraße","roadClass":"residential"},"geometry":{"type":"LineString","coordinates":[[11.580883,48.15153],[11.581502,48.151351]]}},{"type":"Feature","properties":{"kind":"road","osmId":"way/1055534871","name":"Adalbertstraße","roadClass":"residential"},"geometry":{"type":"LineString","coordinates":[[11.580156,48.151744],[11.580883,48.15153]]}},{"type":"Feature","properties":{"kind":"road","osmId":"way/1080327300","name":"Alfons-Goppel-Straße","roadClass":"residential"},"geometry":{"type":"LineString","coordinates":[[11.580174,48.13908],[11.580208,48.139156]]}},{"type":"Feature","properties":{"kind":"road","osmId":"way/1080327301","name":"Falkenturmstraße","roadClass":"residential"},"geometry":{"type":"LineString","coordinates":[[11.579945,48.139122],[11.579884,48.139051]]}},{"type":"Feature","properties":{"kind":"road","osmId":"way/1081830416","name":"Oettingenstraße","roadClass":"residential"},"geometry":{"type":"LineString","coordinates":[[11.593228,48.14654],[11.593223,48.146167]]}},{"type":"Feature","properties":{"kind":"waterway","osmId":"way/1088131458","name":"Isar"},"geometry":{"type":"LineString","coordinates":[[11.593256,48.138752],[11.594193,48.139927],[11.594992,48.141166],[11.59574,48.142851],[11.596663,48.14684],[11.596906,48.147556],[11.597381,48.148101],[11.598678,48.14926]]}},{"type":"Feature","properties":{"kind":"road","osmId":"way/1103589957","name":"Liebigstraße","roadClass":"residential"},"geometry":{"type":"LineString","coordinates":[[11.586469,48.141464],[11.586096,48.141517]]}},{"type":"Feature","properties":{"kind":"road","osmId":"way/1105728309","name":"Maximilianstraße","roadClass":"secondary"},"geometry":{"type":"LineString","coordinates":[[11.588563,48.137547],[11.588474,48.137576]]}},{"type":"Feature","properties":{"kind":"road","osmId":"way/1107392464","name":"Türkenstraße","roadClass":"secondary"},"geometry":{"type":"LineString","coordinates":[[11.57454,48.148115],[11.574607,48.148213]]}},{"type":"Feature","properties":{"kind":"road","osmId":"way/1154771601","name":"Gabelsbergerstraße","roadClass":"secondary"},"geometry":{"type":"LineString","coordinates":[[11.573334,48.146137],[11.573336,48.14625]]}},{"type":"Feature","properties":{"kind":"road","osmId":"way/1189975803","name":"Galeriestraße","roadClass":"residential"},"geometry":{"type":"LineString","coordinates":[[11.578577,48.14423],[11.579588,48.14401]]}},{"type":"Feature","properties":{"kind":"road","osmId":"way/1189975804","name":"Galeriestraße","roadClass":"residential"},"geometry":{"type":"LineString","coordinates":[[11.578368,48.144275],[11.578577,48.14423]]}},{"type":"Feature","properties":{"kind":"road","osmId":"way/1212520834","name":"Königinstraße","roadClass":"residential"},"geometry":{"type":"LineString","coordinates":[[11.584532,48.150122],[11.584517,48.150069]]}},{"type":"Feature","properties":{"kind":"road","osmId":"way/1264032631","name":"Salvatorstraße","roadClass":"residential"},"geometry":{"type":"LineString","coordinates":[[11.574109,48.141689],[11.573438,48.141813]]}},{"type":"Feature","properties":{"kind":"road","osmId":"way/1265196809","name":"Dienerstraße","roadClass":"residential"},"geometry":{"type":"LineString","coordinates":[[11.577277,48.13888],[11.577151,48.138538]]}},{"type":"Feature","properties":{"kind":"road","osmId":"way/1282385134","name":"Residenzstraße","roadClass":"residential"},"geometry":{"type":"LineString","coordinates":[[11.577298,48.138969],[11.57728,48.138902]]}},{"type":"Feature","properties":{"kind":"road","osmId":"way/1285216788","name":"Thomas-Wimmer-Ring","roadClass":"secondary"},"geometry":{"type":"LineString","coordinates":[[11.584387,48.137347],[11.584474,48.13763]]}},{"type":"Feature","properties":{"kind":"road","osmId":"way/1285216793","name":"Thomas-Wimmer-Ring","roadClass":"secondary"},"geometry":{"type":"LineString","coordinates":[[11.584302,48.137507],[11.584247,48.137292]]}},{"type":"Feature","properties":{"kind":"road","osmId":"way/1285216795","name":"Thomas-Wimmer-Ring","roadClass":"secondary"},"geometry":{"type":"LineString","coordinates":[[11.584416,48.137988],[11.584335,48.137682]]}},{"type":"Feature","properties":{"kind":"road","osmId":"way/1285216796","name":"Thomas-Wimmer-Ring","roadClass":"secondary"},"geometry":{"type":"LineString","coordinates":[[11.584335,48.137682],[11.584302,48.137507]]}},{"type":"Feature","properties":{"kind":"road","osmId":"way/1285234243","name":"Karl-Scharnagl-Ring","roadClass":"secondary"},"geometry":{"type":"LineString","coordinates":[[11.58471,48.139047],[11.584632,48.13881]]}},{"type":"Feature","properties":{"kind":"road","osmId":"way/1285234244","name":"Karl-Scharnagl-Ring","roadClass":"secondary"},"geometry":{"type":"LineString","coordinates":[[11.584713,48.139135],[11.58471,48.139047]]}},{"type":"Feature","properties":{"kind":"road","osmId":"way/1285234245","name":"Karl-Scharnagl-Ring","roadClass":"secondary"},"geometry":{"type":"LineString","coordinates":[[11.584744,48.138635],[11.58491,48.139162]]}},{"type":"Feature","properties":{"kind":"road","osmId":"way/1285234246","name":"Karl-Scharnagl-Ring","roadClass":"secondary"},"geometry":{"type":"LineString","coordinates":[[11.583111,48.141142],[11.583101,48.141236]]}},{"type":"Feature","properties":{"kind":"road","osmId":"way/1285234247","name":"Franz-Josef-Strauß-Ring","roadClass":"secondary"},"geometry":{"type":"LineString","coordinates":[[11.583078,48.141756],[11.583032,48.141681]]}},{"type":"Feature","properties":{"kind":"road","osmId":"way/1285234248","name":"Karl-Scharnagl-Ring","roadClass":"secondary"},"geometry":{"type":"LineString","coordinates":[[11.58323,48.140828],[11.583111,48.141142]]}},{"type":"Feature","properties":{"kind":"road","osmId":"way/1293813046","name":"Maximilianstraße","roadClass":"secondary"},"geometry":{"type":"LineString","coordinates":[[11.587525,48.137729],[11.58679,48.137858]]}},{"type":"Feature","properties":{"kind":"road","osmId":"way/1312379760","name":"Finkenstraße","roadClass":"residential"},"geometry":{"type":"LineString","coordinates":[[11.573968,48.144094],[11.574118,48.144042]]}},{"type":"Feature","properties":{"kind":"road","osmId":"way/1342612381","name":"Brienner Straße","roadClass":"secondary"},"geometry":{"type":"LineString","coordinates":[[11.573497,48.143474],[11.573334,48.143521]]}},{"type":"Feature","properties":{"kind":"road","osmId":"way/1352785137","name":"Widenmayerstraße","roadClass":"secondary"},"geometry":{"type":"LineString","coordinates":[[11.589744,48.137253],[11.590087,48.137472]]}},{"type":"Feature","properties":{"kind":"road","osmId":"way/1354467422","name":"Kaulbachstraße","roadClass":"residential"},"geometry":{"type":"LineString","coordinates":[[11.584529,48.15182],[11.585174,48.153902]]}},{"type":"Feature","properties":{"kind":"road","osmId":"way/1367964126","name":"Sankt-Anna-Straße","roadClass":"residential"},"geometry":{"type":"LineString","coordinates":[[11.587058,48.139389],[11.587015,48.139288]]}},{"type":"Feature","properties":{"kind":"road","osmId":"way/1367964127","name":"Pfarrstraße","roadClass":"residential"},"geometry":{"type":"LineString","coordinates":[[11.587441,48.139401],[11.587428,48.139458]]}},{"type":"Feature","properties":{"kind":"road","osmId":"way/1371601548","name":"Kardinal-Döpfner-Straße","roadClass":"residential"},"geometry":{"type":"LineString","coordinates":[[11.576621,48.143657],[11.576701,48.143828]]}},{"type":"Feature","properties":{"kind":"road","osmId":"way/1389356645","name":"Maximilianstraße","roadClass":"residential"},"geometry":{"type":"LineString","coordinates":[[11.579457,48.139218],[11.579945,48.139122]]}},{"type":"Feature","properties":{"kind":"road","osmId":"way/1416056342","name":"Hofgartenstraße","roadClass":"residential"},"geometry":{"type":"LineString","coordinates":[[11.582445,48.141251],[11.582774,48.141171]]}},{"type":"Feature","properties":{"kind":"road","osmId":"way/1420705736","name":"Widenmayerstraße","roadClass":"secondary"},"geometry":{"type":"LineString","coordinates":[[11.59381,48.140392],[11.594469,48.141854]]}},{"type":"Feature","properties":{"kind":"road","osmId":"way/1420705737","name":"Prinzregentenstraße","roadClass":"secondary"},"geometry":{"type":"LineString","coordinates":[[11.593046,48.142142],[11.592171,48.142337]]}},{"type":"Feature","properties":{"kind":"road","osmId":"way/1420705738","name":"Prinzregentenstraße","roadClass":"secondary"},"geometry":{"type":"LineString","coordinates":[[11.590508,48.142661],[11.589648,48.142835]]}},{"type":"Feature","properties":{"kind":"road","osmId":"way/1420705739","name":"Sternstraße","roadClass":"secondary"},"geometry":{"type":"LineString","coordinates":[[11.590763,48.139314],[11.590496,48.13892]]}},{"type":"Feature","properties":{"kind":"road","osmId":"way/1425793168","name":"Alexandrastraße","roadClass":"residential"},"geometry":{"type":"LineString","coordinates":[[11.590329,48.142264],[11.59026,48.142098]]}},{"type":"Feature","properties":{"kind":"road","osmId":"way/1426642664","name":"Liebigstraße","roadClass":"residential"},"geometry":{"type":"LineString","coordinates":[[11.588821,48.141132],[11.588839,48.14113]]}},{"type":"Feature","properties":{"kind":"road","osmId":"way/1459145473","name":"Thierschplatz","roadClass":"residential"},"geometry":{"type":"LineString","coordinates":[[11.588628,48.139536],[11.588551,48.139718]]}},{"type":"Feature","properties":{"kind":"waterway","osmId":"way/1473924439","name":"Hofbrunnwerkkanal"},"geometry":{"type":"LineString","coordinates":[[11.578571,48.1421],[11.578703,48.142141]]}},{"type":"Feature","properties":{"kind":"road","osmId":"way/1482369037","name":"Sternstraße","roadClass":"secondary"},"geometry":{"type":"LineString","coordinates":[[11.589364,48.13781],[11.589288,48.137656]]}},{"type":"Feature","properties":{"kind":"road","osmId":"way/1503819680","name":"Tivolistraße","roadClass":"residential"},"geometry":{"type":"LineString","coordinates":[[11.595912,48.150358],[11.595312,48.150644]]}},{"type":"Feature","properties":{"kind":"road","osmId":"way/1503826282","name":"Hirschauer Straße","roadClass":"residential"},"geometry":{"type":"LineString","coordinates":[[11.595996,48.152436],[11.596168,48.152649]]}},{"type":"Feature","properties":{"kind":"road","osmId":"way/1503826284","name":"Hirschauer Straße","roadClass":"residential"},"geometry":{"type":"LineString","coordinates":[[11.595475,48.150964],[11.59559,48.151862],[11.595996,48.152436]]}},{"type":"Feature","properties":{"kind":"road","osmId":"way/1503837282","name":"Widenmayerstraße","roadClass":"secondary"},"geometry":{"type":"LineString","coordinates":[[11.596084,48.14782],[11.596387,48.148296]]}},{"type":"Feature","properties":{"kind":"road","osmId":"way/1503864053","name":"Emil-Riedel-Straße","roadClass":"secondary"},"geometry":{"type":"LineString","coordinates":[[11.594841,48.14689],[11.594575,48.146562]]}},{"type":"Feature","properties":{"kind":"road","osmId":"way/1503864054","name":"Oettingenstraße","roadClass":"secondary"},"geometry":{"type":"LineString","coordinates":[[11.593479,48.14505],[11.59323,48.144097]]}},{"type":"Feature","properties":{"kind":"road","osmId":"way/1503864055","name":"Oettingenstraße","roadClass":"secondary"},"geometry":{"type":"LineString","coordinates":[[11.593554,48.145229],[11.593479,48.14505]]}},{"type":"Feature","properties":{"kind":"road","osmId":"way/1503864056","name":"Oettingenstraße","roadClass":"secondary"},"geometry":{"type":"LineString","coordinates":[[11.592737,48.143267],[11.592416,48.142739]]}},{"type":"Feature","properties":{"kind":"road","osmId":"way/1503864057","name":"Oettingenstraße","roadClass":"secondary"},"geometry":{"type":"LineString","coordinates":[[11.59308,48.143832],[11.592737,48.143267]]}},{"type":"Feature","properties":{"kind":"road","osmId":"way/1503864058","name":"Emil-Riedel-Straße","roadClass":"secondary"},"geometry":{"type":"LineString","coordinates":[[11.594575,48.146562],[11.593773,48.145582]]}},{"type":"Feature","properties":{"kind":"road","osmId":"way/1503867306","name":"Oettingenstraße","roadClass":"secondary"},"geometry":{"type":"LineString","coordinates":[[11.591766,48.141682],[11.591242,48.140786]]}},{"type":"Feature","properties":{"kind":"road","osmId":"way/1503867641","name":"Sternstraße","roadClass":"secondary"},"geometry":{"type":"LineString","coordinates":[[11.590496,48.13892],[11.590285,48.138702]]}},{"type":"Feature","properties":{"kind":"road","osmId":"way/1503889208","name":"Widenmayerstraße","roadClass":"secondary"},"geometry":{"type":"LineString","coordinates":[[11.591959,48.138627],[11.592168,48.138755]]}},{"type":"Feature","properties":{"kind":"road","osmId":"way/1503889209","name":"Widenmayerstraße","roadClass":"secondary"},"geometry":{"type":"LineString","coordinates":[[11.592168,48.138755],[11.592312,48.138845]]}},{"type":"Feature","properties":{"kind":"road","osmId":"way/1503889210","name":"Widenmayerstraße","roadClass":"secondary"},"geometry":{"type":"LineString","coordinates":[[11.593655,48.140157],[11.593749,48.140301]]}},{"type":"Feature","properties":{"kind":"road","osmId":"way/1503889211","name":"Widenmayerstraße","roadClass":"secondary"},"geometry":{"type":"LineString","coordinates":[[11.593749,48.140301],[11.59381,48.140392]]}},{"type":"Feature","properties":{"kind":"road","osmId":"way/1503889212","name":"Widenmayerstraße","roadClass":"secondary"},"geometry":{"type":"LineString","coordinates":[[11.594893,48.142906],[11.595168,48.143921]]}},{"type":"Feature","properties":{"kind":"road","osmId":"way/1503889213","name":"Widenmayerstraße","roadClass":"secondary"},"geometry":{"type":"LineString","coordinates":[[11.590369,48.137646],[11.591124,48.138112]]}},{"type":"Feature","properties":{"kind":"road","osmId":"way/1503889214","name":"Widenmayerstraße","roadClass":"secondary"},"geometry":{"type":"LineString","coordinates":[[11.592312,48.138845],[11.593145,48.139497],[11.593655,48.140157]]}},{"type":"Feature","properties":{"kind":"road","osmId":"way/1503889216","name":"Widenmayerstraße","roadClass":"secondary"},"geometry":{"type":"LineString","coordinates":[[11.595168,48.143921],[11.595486,48.145269]]}},{"type":"Feature","properties":{"kind":"road","osmId":"way/1503889217","name":"Widenmayerstraße","roadClass":"secondary"},"geometry":{"type":"LineString","coordinates":[[11.591124,48.138112],[11.591959,48.138627]]}},{"type":"Feature","properties":{"kind":"road","osmId":"way/1503898846","name":"Widenmayerstraße","roadClass":"secondary"},"geometry":{"type":"LineString","coordinates":[[11.595581,48.145697],[11.595715,48.1463]]}},{"type":"Feature","properties":{"kind":"road","osmId":"way/1503898847","name":"Widenmayerstraße","roadClass":"secondary"},"geometry":{"type":"LineString","coordinates":[[11.595715,48.1463],[11.595751,48.14646]]}},{"type":"Feature","properties":{"kind":"road","osmId":"way/1503898848","name":"Widenmayerstraße","roadClass":"secondary"},"geometry":{"type":"LineString","coordinates":[[11.595928,48.147393],[11.595988,48.147625]]}},{"type":"Feature","properties":{"kind":"road","osmId":"way/1503898849","name":"Widenmayerstraße","roadClass":"secondary"},"geometry":{"type":"LineString","coordinates":[[11.595751,48.14646],[11.595904,48.147267]]}},{"type":"Feature","properties":{"kind":"road","osmId":"way/1503898850","name":"Widenmayerstraße","roadClass":"secondary"},"geometry":{"type":"LineString","coordinates":[[11.595904,48.147267],[11.595928,48.147393]]}},{"type":"Feature","properties":{"kind":"road","osmId":"way/1503924887","name":"Paradiesstraße","roadClass":"residential"},"geometry":{"type":"LineString","coordinates":[[11.594747,48.146546],[11.595751,48.14646]]}},{"type":"Feature","properties":{"kind":"road","osmId":"way/1503924888","name":"Reitmorstraße","roadClass":"residential"},"geometry":{"type":"LineString","coordinates":[[11.593048,48.141296],[11.593109,48.141426]]}},{"type":"Feature","properties":{"kind":"road","osmId":"way/1503924889","name":"Crusiusstraße","roadClass":"residential"},"geometry":{"type":"LineString","coordinates":[[11.594559,48.143996],[11.594139,48.14405]]}},{"type":"Feature","properties":{"kind":"road","osmId":"way/1503924890","name":"Robert-Koch-Straße","roadClass":"residential"},"geometry":{"type":"LineString","coordinates":[[11.591044,48.139187],[11.592231,48.138794]]}},{"type":"Feature","properties":{"kind":"road","osmId":"way/1503924891","name":"Reitmorstraße","roadClass":"residential"},"geometry":{"type":"LineString","coordinates":[[11.593816,48.142999],[11.593951,48.143449]]}},{"type":"Feature","properties":{"kind":"road","osmId":"way/1503924892","name":"Am Gries","roadClass":"residential"},"geometry":{"type":"LineString","coordinates":[[11.594058,48.142656],[11.594208,48.142771]]}},{"type":"Feature","properties":{"kind":"road","osmId":"way/1503924893","name":"Reitmorstraße","roadClass":"residential"},"geometry":{"type":"LineString","coordinates":[[11.593109,48.141426],[11.593407,48.142069]]}},{"type":"Feature","properties":{"kind":"road","osmId":"way/1503924894","name":"Liebigstraße","roadClass":"residential"},"geometry":{"type":"LineString","coordinates":[[11.59157,48.140739],[11.592781,48.140552]]}},{"type":"Feature","properties":{"kind":"road","osmId":"way/1503924895","name":"Reitmorstraße","roadClass":"residential"},"geometry":{"type":"LineString","coordinates":[[11.594273,48.144573],[11.594484,48.145401]]}},{"type":"Feature","properties":{"kind":"road","osmId":"way/1503924896","name":"Am Gries","roadClass":"residential"},"geometry":{"type":"LineString","coordinates":[[11.594208,48.142771],[11.594453,48.143614]]}},{"type":"Feature","properties":{"kind":"road","osmId":"way/1504329765","name":"Brienner Straße","roadClass":"tertiary"},"geometry":{"type":"LineString","coordinates":[[11.575167,48.143104],[11.575359,48.143076]]}},{"type":"Feature","properties":{"kind":"road","osmId":"way/1513978711","name":"Oettingenstraße","roadClass":"residential"},"geometry":{"type":"LineString","coordinates":[[11.594995,48.149871],[11.594612,48.148946]]}},{"type":"Feature","properties":{"kind":"road","osmId":"way/1516038507","name":"Seitzstraße","roadClass":"residential"},"geometry":{"type":"LineString","coordinates":[[11.585894,48.143479],[11.585846,48.143418]]}},{"type":"Feature","properties":{"kind":"road","osmId":"way/1516180373","name":"Lerchenfeldstraße","roadClass":"residential"},"geometry":{"type":"LineString","coordinates":[[11.588566,48.143174],[11.588788,48.143351],[11.59037,48.143945]]}},{"type":"Feature","properties":{"kind":"road","osmId":"way/1525507622","name":"Gabelsbergerstraße","roadClass":"secondary"},"geometry":{"type":"LineString","coordinates":[[11.574621,48.145506],[11.574688,48.145478]]}},{"type":"Feature","properties":{"kind":"road","osmId":"way/1525507623","name":"Oskar-von-Miller-Ring","roadClass":"secondary"},"geometry":{"type":"LineString","coordinates":[[11.574621,48.145506],[11.574584,48.145351]]}},{"type":"Feature","properties":{"kind":"road","osmId":"way/1525507624","name":"Gabelsbergerstraße","roadClass":"secondary"},"geometry":{"type":"LineString","coordinates":[[11.574655,48.14558],[11.574783,48.145544]]}},{"type":"Feature","properties":{"kind":"road","osmId":"way/1525507625","name":"Oskar-von-Miller-Ring","roadClass":"secondary"},"geometry":{"type":"LineString","coordinates":[[11.574687,48.145646],[11.574655,48.14558]]}},{"type":"Feature","properties":{"kind":"road","osmId":"way/1525507626","name":"Oskar-von-Miller-Ring","roadClass":"secondary"},"geometry":{"type":"LineString","coordinates":[[11.574584,48.145351],[11.574404,48.144932]]}},{"type":"Feature","properties":{"kind":"road","osmId":"way/1525507627","name":"Oskar-von-Miller-Ring","roadClass":"secondary"},"geometry":{"type":"LineString","coordinates":[[11.574675,48.145277],[11.574697,48.145303]]}},{"type":"Feature","properties":{"kind":"road","osmId":"way/1525556442","name":"Oskar-von-Miller-Ring","roadClass":"secondary"},"geometry":{"type":"LineString","coordinates":[[11.5756,48.145807],[11.574986,48.145775]]}},{"type":"Feature","properties":{"kind":"road","osmId":"way/1531918214","name":"Maximilianstraße","roadClass":"residential"},"geometry":{"type":"LineString","coordinates":[[11.587086,48.138082],[11.586693,48.138158]]}},{"type":"Feature","properties":{"kind":"road","osmId":"way/1534202954","name":"Prinzregentenstraße","roadClass":"secondary"},"geometry":{"type":"LineString","coordinates":[[11.593407,48.142069],[11.593046,48.142142]]}},{"type":"Feature","properties":{"kind":"road","osmId":"way/1534237406","name":"Ludwigstraße","roadClass":"secondary"},"geometry":{"type":"LineString","coordinates":[[11.581605,48.151325],[11.581491,48.15108]]}},{"type":"Feature","properties":{"kind":"road","osmId":"way/1534237407","name":"Ludwigstraße","roadClass":"secondary"},"geometry":{"type":"LineString","coordinates":[[11.581273,48.150499],[11.581594,48.151057]]}},{"type":"Feature","properties":{"kind":"road","osmId":"way/1534237408","name":"Ludwigstraße","roadClass":"secondary"},"geometry":{"type":"LineString","coordinates":[[11.581491,48.15108],[11.581273,48.150499]]}},{"type":"Feature","properties":{"kind":"water","osmId":"relation/1354176"},"geometry":{"type":"MultiPolygon","coordinates":[[[[11.585503,48.145469],[11.586526,48.145444],[11.585693,48.145067],[11.585294,48.145111],[11.585037,48.145287],[11.584802,48.14525],[11.585503,48.145469]],[[11.585899,48.145268],[11.586296,48.145403],[11.585564,48.145376],[11.585693,48.145232],[11.585899,48.145268]]]]}},{"type":"Feature","properties":{"kind":"water","osmId":"relation/1698420"},"geometry":{"type":"MultiPolygon","coordinates":[[[[11.57957,48.12862],[11.578387,48.128056],[11.578568,48.128082],[11.577904,48.127421],[11.577516,48.127376],[11.576381,48.126721],[11.575007,48.126308],[11.57405,48.125897],[11.57288,48.124829],[11.571948,48.124145],[11.57107,48.123729],[11.570185,48.123522],[11.567399,48.122038],[11.565984,48.121436],[11.564569,48.120519],[11.563337,48.119866],[11.562737,48.119311],[11.562592,48.119381],[11.561627,48.118696],[11.561251,48.118861],[11.562413,48.119927],[11.563839,48.120874],[11.567366,48.122835],[11.575806,48.127291],[11.577039,48.128025],[11.579605,48.129156],[11.585061,48.132007],[11.587174,48.134045],[11.590216,48.137263],[11.592383,48.13861],[11.593478,48.138431],[11.593283,48.138208],[11.592556,48.136551],[11.591989,48.136145],[11.591102,48.135235],[11.58987,48.134494],[11.589042,48.133692],[11.589022,48.133831],[11.588515,48.133427],[11.588554,48.133307],[11.588311,48.13281],[11.587344,48.131386],[11.586488,48.131601],[11.588153,48.133435],[11.587459,48.13361],[11.585871,48.132083],[11.585221,48.131586],[11.57957,48.12862]],[[11.590834,48.135853],[11.591328,48.136348],[11.591717,48.136976],[11.592161,48.137298],[11.592091,48.137334],[11.592733,48.138451],[11.591626,48.137835],[11.590717,48.137167],[11.589028,48.135536],[11.588408,48.134727],[11.588588,48.134696],[11.588547,48.134589],[11.588721,48.134479],[11.589101,48.134566],[11.589542,48.134784],[11.589311,48.134782],[11.589698,48.134897],[11.589708,48.135024],[11.590834,48.135853]]]]}}]}
