{"type":"FeatureCollection","attribution":"© OpenStreetMap contributors","license":"https://opendatacommons.org/licenses/odbl/1-0/","source":"https://api.openstreetmap.org/api/0.6/map.json","retrievedAt":"2026-10-08T22:00:46.870377+00:00","bbox":[120.119,30.222,120.161,30.258000000000003],"features":[{"type":"Feature","properties":{"kind":"road","osmId":"way/4324623","name":"Yanggong Causeway","roadClass":"secondary"},"geometry":{"type":"LineString","coordinates":[[120.125549,30.255055],[120.126058,30.25402],[120.126137,30.250919],[120.12662,30.247221],[120.12724,30.245289]]}},{"type":"Feature","properties":{"kind":"road","osmId":"way/4324624","name":"Nanshan Road","roadClass":"secondary"},"geometry":{"type":"LineString","coordinates":[[120.155893,30.250101],[120.156052,30.24886]]}},{"type":"Feature","properties":{"kind":"road","osmId":"way/4325876","name":"Hupao Road","roadClass":"secondary"},"geometry":{"type":"LineString","coordinates":[[120.134606,30.228656],[120.133818,30.227634],[120.133689,30.227235],[120.133673,30.226731]]}},{"type":"Feature","properties":{"kind":"road","osmId":"way/4326973","name":"Gushan Road","roadClass":"unclassified"},"geometry":{"type":"LineString","coordinates":[[120.133434,30.25453],[120.133781,30.254206]]}},{"type":"Feature","properties":{"kind":"road","osmId":"way/4326974","name":"Baidi Causeway","roadClass":"unclassified"},"geometry":{"type":"LineString","coordinates":[[120.140206,30.253512],[120.141282,30.254566]]}},{"type":"Feature","properties":{"kind":"road","osmId":"way/4353193","name":"West Lake Tunnel","roadClass":"primary"},"geometry":{"type":"LineString","coordinates":[[120.158422,30.25276],[120.157942,30.252905],[120.157655,30.253151],[120.154743,30.257944],[120.154541,30.258398],[120.153841,30.261014]]}},{"type":"Feature","properties":{"kind":"road","osmId":"way/4361021","name":"Santaishan Road","roadClass":"tertiary"},"geometry":{"type":"LineString","coordinates":[[120.121766,30.238042],[120.121804,30.237403],[120.122407,30.237111],[120.122658,30.236851],[120.12317,30.235617],[120.124161,30.235174],[120.124711,30.234521],[120.125241,30.234236],[120.125015,30.233375],[120.125891,30.231738],[120.12656,30.231173],[120.127885,30.230888],[120.128217,30.230698],[120.129912,30.228465],[120.130245,30.228148],[120.130478,30.22806],[120.131366,30.228047],[120.13213,30.227639],[120.13312,30.226918],[120.133673,30.226731]]}},{"type":"Feature","properties":{"kind":"road","osmId":"way/4361022","name":"Longjing Branch Road","roadClass":"tertiary"},"geometry":{"type":"LineString","coordinates":[[120.124341,30.23998],[120.123778,30.239839],[120.122096,30.23871]]}},{"type":"Feature","properties":{"kind":"road","osmId":"way/4362902","name":"Xihu Avenue","roadClass":"secondary"},"geometry":{"type":"LineString","coordinates":[[120.156088,30.248239],[120.15622,30.248246]]}},{"type":"Feature","properties":{"kind":"road","osmId":"way/4368447","name":"Lingyin Road","roadClass":"secondary"},"geometry":{"type":"LineString","coordinates":[[120.125258,30.255082],[120.124171,30.255172],[120.12367,30.25511]]}},{"type":"Feature","properties":{"kind":"road","osmId":"way/4368452","name":"Longjing Road","roadClass":"tertiary"},"geometry":{"type":"LineString","coordinates":[[120.117755,30.249489],[120.118539,30.247949],[120.119032,30.246555],[120.119163,30.24554],[120.118858,30.244582],[120.11878,30.243883],[120.118935,30.243061],[120.119291,30.242011]]}},{"type":"Feature","properties":{"kind":"road","osmId":"way/4375779","name":"West Lake Tunnel","roadClass":"primary"},"geometry":{"type":"LineString","coordinates":[[120.153747,30.261003],[120.154316,30.25807],[120.157243,30.253217],[120.157217,30.252745],[120.156731,30.25214],[120.156267,30.251289]]}},{"type":"Feature","properties":{"kind":"road","osmId":"way/4375952","name":"Kaiyuan Road","roadClass":"tertiary"},"geometry":{"type":"LineString","coordinates":[[120.156031,30.250102],[120.159621,30.249969]]}},{"type":"Feature","properties":{"kind":"road","osmId":"way/4375953","name":"Hefang Street","roadClass":"tertiary"},"geometry":{"type":"LineString","coordinates":[[120.153632,30.241664],[120.155373,30.241894],[120.157015,30.24193],[120.157598,30.242051]]}},{"type":"Feature","properties":{"kind":"road","osmId":"way/4375954","name":"Laodong Road","roadClass":"tertiary"},"geometry":{"type":"LineString","coordinates":[[120.157598,30.242051],[120.157637,30.24213]]}},{"type":"Feature","properties":{"kind":"road","osmId":"way/4375955","name":"Gaoyin Street","roadClass":"tertiary"},"geometry":{"type":"LineString","coordinates":[[120.157697,30.243015],[120.160077,30.243029]]}},{"type":"Feature","properties":{"kind":"road","osmId":"way/4397959","name":"Jiangjun Road","roadClass":"tertiary"},"geometry":{"type":"LineString","coordinates":[[120.159562,30.250893],[120.156118,30.250868]]}},{"type":"Feature","properties":{"kind":"road","osmId":"way/4397965","name":"Qiwang Road","roadClass":"unclassified"},"geometry":{"type":"LineString","coordinates":[[120.15709,30.257738],[120.15702,30.259281]]}},{"type":"Feature","properties":{"kind":"road","osmId":"way/4398106","name":"Jiefang Road","roadClass":"secondary"},"geometry":{"type":"LineString","coordinates":[[120.159522,30.252739],[120.158361,30.252931],[120.158168,30.252771]]}},{"type":"Feature","properties":{"kind":"road","osmId":"way/4398107","roadClass":"unclassified"},"geometry":{"type":"LineString","coordinates":[[120.139818,30.253807],[120.140206,30.253512]]}},{"type":"Feature","properties":{"kind":"road","osmId":"way/4421773","name":"Yuquan Road","roadClass":"tertiary"},"geometry":{"type":"LineString","coordinates":[[120.120034,30.256033],[120.120885,30.25589],[120.122302,30.255365],[120.123361,30.255211]]}},{"type":"Feature","properties":{"kind":"road","osmId":"way/4430319","name":"Longjing Branch Road","roadClass":"tertiary"},"geometry":{"type":"LineString","coordinates":[[120.125508,30.240055],[120.124341,30.23998]]}},{"type":"Feature","properties":{"kind":"road","osmId":"way/4430320","name":"Longjing Branch Road","roadClass":"tertiary"},"geometry":{"type":"LineString","coordinates":[[120.124341,30.23998],[120.125055,30.238758]]}},{"type":"Feature","properties":{"kind":"road","osmId":"way/4441663","name":"Waidongshan Alley","roadClass":"tertiary"},"geometry":{"type":"LineString","coordinates":[[120.123854,30.262526],[120.123467,30.261556],[120.12344,30.261093],[120.123766,30.260115],[120.124011,30.259687],[120.125173,30.25837],[120.125361,30.257534],[120.125237,30.256707],[120.125288,30.256366],[120.125648,30.255797]]}},{"type":"Feature","properties":{"kind":"road","osmId":"way/4443896","name":"Yanggong Causeway","roadClass":"secondary"},"geometry":{"type":"LineString","coordinates":[[120.127849,30.24236],[120.127976,30.242225],[120.128124,30.242217]]}},{"type":"Feature","properties":{"kind":"road","osmId":"way/4477338","name":"Yanggong Causeway","roadClass":"secondary"},"geometry":{"type":"LineString","coordinates":[[120.125055,30.238758],[120.125678,30.237716],[120.126297,30.237169],[120.130595,30.234169],[120.133863,30.22969]]}},{"type":"Feature","properties":{"kind":"road","osmId":"way/4477339","name":"Yanggong Causeway","roadClass":"secondary"},"geometry":{"type":"LineString","coordinates":[[120.128733,30.235668],[120.125836,30.237811],[120.125198,30.238796]]}},{"type":"Feature","properties":{"kind":"road","osmId":"way/4477341","name":"Yanggong Causeway","roadClass":"secondary"},"geometry":{"type":"LineString","coordinates":[[120.128254,30.242549],[120.127919,30.243475]]}},{"type":"Feature","properties":{"kind":"road","osmId":"way/4477342","roadClass":"unclassified"},"geometry":{"type":"LineString","coordinates":[[120.128124,30.242217],[120.128478,30.242362]]}},{"type":"Feature","properties":{"kind":"road","osmId":"way/4477343","roadClass":"unclassified"},"geometry":{"type":"LineString","coordinates":[[120.128478,30.242362],[120.129385,30.242645],[120.130265,30.243048],[120.130595,30.243041],[120.131535,30.241912],[120.131846,30.24131],[120.131749,30.241086],[120.130582,30.240112],[120.1299,30.23989],[120.129243,30.239388],[120.128921,30.238929],[120.128911,30.238579],[120.12881,30.238461],[120.127733,30.237798]]}},{"type":"Feature","properties":{"kind":"road","osmId":"way/4477347","name":"Lianhuafeng Road","roadClass":"tertiary"},"geometry":{"type":"LineString","coordinates":[[120.142078,30.221783],[120.143163,30.222663],[120.143535,30.223222],[120.144004,30.223618],[120.144705,30.224027],[120.145383,30.224273],[120.147831,30.224377]]}},{"type":"Feature","properties":{"kind":"road","osmId":"way/4477348","name":"Meishuguan Street","roadClass":"tertiary"},"geometry":{"type":"LineString","coordinates":[[120.154259,30.232104],[120.153523,30.232255],[120.152597,30.232682],[120.150825,30.232426]]}},{"type":"Feature","properties":{"kind":"road","osmId":"way/4477351","name":"Wansongling Tunnel","roadClass":"tertiary"},"geometry":{"type":"LineString","coordinates":[[120.162697,30.231529],[120.162097,30.231277],[120.161458,30.231165],[120.154259,30.232104]]}},{"type":"Feature","properties":{"kind":"road","osmId":"way/4479455","roadClass":"unclassified"},"geometry":{"type":"LineString","coordinates":[[120.128478,30.242362],[120.128254,30.242549]]}},{"type":"Feature","properties":{"kind":"road","osmId":"way/4558298","name":"Putisi Road","roadClass":"unclassified"},"geometry":{"type":"LineString","coordinates":[[120.160306,30.260648],[120.160437,30.257931]]}},{"type":"Feature","properties":{"kind":"road","osmId":"way/4558301","name":"Wushan Road","roadClass":"unclassified"},"geometry":{"type":"LineString","coordinates":[[120.160606,30.249916],[120.160551,30.252753]]}},{"type":"Feature","properties":{"kind":"road","osmId":"way/4576110","roadClass":"primary"},"geometry":{"type":"LineString","coordinates":[[120.159522,30.252739],[120.159079,30.252687],[120.158422,30.25276]]}},{"type":"Feature","properties":{"kind":"road","osmId":"way/4880740","name":"Bapanling Road","roadClass":"tertiary"},"geometry":{"type":"LineString","coordinates":[[120.132079,30.232375],[120.130921,30.232101],[120.130124,30.232202],[120.128693,30.2319],[120.127693,30.230937]]}},{"type":"Feature","properties":{"kind":"road","osmId":"way/4880746","name":"Kaiyuan Road","roadClass":"tertiary"},"geometry":{"type":"LineString","coordinates":[[120.159621,30.249969],[120.159756,30.249965]]}},{"type":"Feature","properties":{"kind":"road","osmId":"way/4958293","name":"Wulaofeng Tunnel Connecting Line","roadClass":"secondary"},"geometry":{"type":"LineString","coordinates":[[120.116506,30.230176],[120.120195,30.227635],[120.12283,30.22663],[120.124528,30.225208],[120.126343,30.222736]]}},{"type":"Feature","properties":{"kind":"road","osmId":"way/4958294","name":"双峰路","roadClass":"secondary"},"geometry":{"type":"LineString","coordinates":[[120.126343,30.222736],[120.126891,30.221493]]}},{"type":"Feature","properties":{"kind":"road","osmId":"way/5091205","name":"嘉禾里","roadClass":"unclassified"},"geometry":{"type":"LineString","coordinates":[[120.157963,30.245663],[120.16,30.245586]]}},{"type":"Feature","properties":{"kind":"road","osmId":"way/7372859","name":"Yan'an Road","roadClass":"secondary"},"geometry":{"type":"LineString","coordinates":[[120.160077,30.243029],[120.160038,30.244745]]}},{"type":"Feature","properties":{"kind":"road","osmId":"way/11749399","name":"Siyi Road","roadClass":"residential"},"geometry":{"type":"LineString","coordinates":[[120.1572,30.241953],[120.157553,30.24053],[120.157429,30.238635],[120.157223,30.238032],[120.156598,30.237227]]}},{"type":"Feature","properties":{"kind":"road","osmId":"way/11749402","name":"Qingbo Street","roadClass":"unclassified"},"geometry":{"type":"LineString","coordinates":[[120.157553,30.24053],[120.156449,30.240544],[120.154586,30.240357],[120.154138,30.240134],[120.153842,30.239804],[120.153619,30.239754]]}},{"type":"Feature","properties":{"kind":"road","osmId":"way/22719403","name":"Liuying Road","roadClass":"tertiary"},"geometry":{"type":"LineString","coordinates":[[120.15757,30.250084],[120.157498,30.252216]]}},{"type":"Feature","properties":{"kind":"road","osmId":"way/24633192","name":"Nanshan Road","roadClass":"secondary"},"geometry":{"type":"LineString","coordinates":[[120.156088,30.248239],[120.155998,30.247882],[120.155513,30.247222],[120.154645,30.245407],[120.153746,30.244069],[120.153265,30.243535],[120.153185,30.243323],[120.153439,30.241635]]}},{"type":"Feature","properties":{"kind":"road","osmId":"way/28538249","name":"Gushan Road","roadClass":"unclassified"},"geometry":{"type":"LineString","coordinates":[[120.134116,30.253892],[120.134113,30.252698],[120.134883,30.252371],[120.137147,30.252353],[120.138646,30.252631]]}},{"type":"Feature","properties":{"kind":"road","osmId":"way/28538250","name":"Xiling Bridge","roadClass":"unclassified"},"geometry":{"type":"LineString","coordinates":[[120.133781,30.254206],[120.134116,30.253892]]}},{"type":"Feature","properties":{"kind":"park","osmId":"way/28538305"},"geometry":{"type":"Polygon","coordinates":[[[120.14664,30.260465],[120.146492,30.260492],[120.14553,30.259447],[120.143968,30.257586],[120.143985,30.257482],[120.144209,30.25743],[120.146732,30.260314],[120.14664,30.260465]]]}},{"type":"Feature","properties":{"kind":"road","osmId":"way/28910537","name":"Meiling Road North","roadClass":"tertiary"},"geometry":{"type":"LineString","coordinates":[[120.119291,30.242011],[120.116906,30.241865],[120.112639,30.241883],[120.111975,30.241974],[120.111091,30.242524]]}},{"type":"Feature","properties":{"kind":"road","osmId":"way/28931148","name":"上香古道","roadClass":"unclassified"},"geometry":{"type":"LineString","coordinates":[[120.119621,30.241349],[120.11924,30.241291],[120.116393,30.24158],[120.115392,30.241745],[120.115298,30.241865]]}},{"type":"Feature","properties":{"kind":"road","osmId":"way/30076236","roadClass":"residential"},"geometry":{"type":"LineString","coordinates":[[120.130478,30.22806],[120.129785,30.228027],[120.12946,30.227916],[120.12877,30.226927]]}},{"type":"Feature","properties":{"kind":"road","osmId":"way/30411528","name":"Yugu Road","roadClass":"tertiary"},"geometry":{"type":"LineString","coordinates":[[120.119861,30.260082],[120.119636,30.259581],[120.11954,30.258457],[120.120034,30.256033]]}},{"type":"Feature","properties":{"kind":"road","osmId":"way/31633099","name":"蔡官巷","roadClass":"unclassified"},"geometry":{"type":"LineString","coordinates":[[120.157223,30.238032],[120.156198,30.238526],[120.156057,30.240489]]}},{"type":"Feature","properties":{"kind":"road","osmId":"way/31658161","name":"粮道山","roadClass":"unclassified"},"geometry":{"type":"LineString","coordinates":[[120.160887,30.239145],[120.160004,30.239663],[120.159943,30.23988],[120.16037,30.24014],[120.160884,30.24011],[120.161152,30.240369],[120.160895,30.241602],[120.161002,30.242129],[120.161183,30.242227],[120.161994,30.242261],[120.162129,30.242344]]}},{"type":"Feature","properties":{"kind":"road","osmId":"way/32005762","roadClass":"residential"},"geometry":{"type":"LineString","coordinates":[[120.12662,30.247221],[120.125909,30.24708]]}},{"type":"Feature","properties":{"kind":"road","osmId":"way/32078512","name":"葛岭路","roadClass":"residential"},"geometry":{"type":"LineString","coordinates":[[120.142146,30.260423],[120.141988,30.26061],[120.140992,30.260226],[120.140002,30.259438],[120.139418,30.258747],[120.138269,30.258217],[120.137045,30.257809],[120.136877,30.257589],[120.136945,30.257409],[120.137195,30.257266]]}},{"type":"Feature","properties":{"kind":"water","osmId":"way/62124950","name":"放生池"},"geometry":{"type":"Polygon","coordinates":[[[120.14392,30.232424],[120.144379,30.232476],[120.144456,30.232204],[120.143991,30.232149],[120.14391,30.232196],[120.14392,30.232424]]]}},{"type":"Feature","properties":{"kind":"road","osmId":"way/158374217","name":"玉皇山路","roadClass":"secondary"},"geometry":{"type":"LineString","coordinates":[[120.150825,30.232426],[120.150876,30.232067],[120.150718,30.231532],[120.149002,30.227903],[120.147831,30.224377]]}},{"type":"Feature","properties":{"kind":"road","osmId":"way/159190068","name":"Yanggong Causeway","roadClass":"secondary"},"geometry":{"type":"LineString","coordinates":[[120.127402,30.244988],[120.127298,30.245302]]}},{"type":"Feature","properties":{"kind":"road","osmId":"way/159190071","name":"Yanggong Causeway","roadClass":"secondary"},"geometry":{"type":"LineString","coordinates":[[120.127919,30.243475],[120.12784,30.243707]]}},{"type":"Feature","properties":{"kind":"road","osmId":"way/159190072","name":"Yanggong Causeway","roadClass":"secondary"},"geometry":{"type":"LineString","coordinates":[[120.12784,30.243707],[120.127402,30.244988]]}},{"type":"Feature","properties":{"kind":"road","osmId":"way/159190074","name":"Yanggong Causeway","roadClass":"secondary"},"geometry":{"type":"LineString","coordinates":[[120.127298,30.245302],[120.126711,30.247231],[120.12659,30.2481],[120.126225,30.250936],[120.126151,30.254013]]}},{"type":"Feature","properties":{"kind":"road","osmId":"way/159190076","name":"Yanggong Causeway","roadClass":"secondary"},"geometry":{"type":"LineString","coordinates":[[120.12724,30.245289],[120.127341,30.244974]]}},{"type":"Feature","properties":{"kind":"road","osmId":"way/159190083","name":"Yanggong Causeway","roadClass":"secondary"},"geometry":{"type":"LineString","coordinates":[[120.127771,30.243696],[120.127855,30.243466]]}},{"type":"Feature","properties":{"kind":"road","osmId":"way/159190088","name":"Yanggong Causeway","roadClass":"secondary"},"geometry":{"type":"LineString","coordinates":[[120.127341,30.244974],[120.127771,30.243696]]}},{"type":"Feature","properties":{"kind":"road","osmId":"way/159190090","name":"Yanggong Causeway","roadClass":"secondary"},"geometry":{"type":"LineString","coordinates":[[120.127855,30.243466],[120.128011,30.242848],[120.127935,30.242568]]}},{"type":"Feature","properties":{"kind":"road","osmId":"way/159196845","roadClass":"residential"},"geometry":{"type":"LineString","coordinates":[[120.136877,30.257589],[120.136384,30.257082]]}},{"type":"Feature","properties":{"kind":"water","osmId":"way/161419343"},"geometry":{"type":"Polygon","coordinates":[[[120.13318,30.227058],[120.132794,30.227304],[120.132413,30.227869],[120.132805,30.228277],[120.133109,30.228145],[120.133154,30.228039],[120.132998,30.227781],[120.132896,30.227892],[120.132746,30.2278],[120.132794,30.227651],[120.133084,30.227656],[120.133377,30.227422],[120.133358,30.227118],[120.13318,30.227058]]]}},{"type":"Feature","properties":{"kind":"water","osmId":"way/161419347","name":"Turtle lake"},"geometry":{"type":"Polygon","coordinates":[[[120.12706,30.233306],[120.126888,30.233844],[120.126711,30.233997],[120.12647,30.234465],[120.126555,30.23471],[120.126859,30.234977],[120.127398,30.235239],[120.127398,30.235378],[120.127167,30.235345],[120.12705,30.235599],[120.127587,30.235627],[120.127855,30.235702],[120.127907,30.235841],[120.128031,30.235795],[120.128165,30.235633],[120.127848,30.235508],[120.127939,30.235424],[120.127674,30.235357],[120.127693,30.235229],[120.128567,30.235193],[120.129801,30.234372],[120.129994,30.234363],[120.130128,30.234479],[120.130257,30.234363],[120.129873,30.234149],[120.129527,30.233809],[120.129903,30.232662],[120.12971,30.232231],[120.129576,30.23218],[120.128969,30.233172],[120.128873,30.233459],[120.128937,30.233751],[120.128653,30.234061],[120.127966,30.234316],[120.127349,30.234265],[120.12703,30.234467],[120.126942,30.234397],[120.127011,30.234122],[120.126945,30.234008],[120.12714,30.23363],[120.12706,30.233306]]]}},{"type":"Feature","properties":{"kind":"water","osmId":"way/161451426"},"geometry":{"type":"Polygon","coordinates":[[[120.137124,30.234503],[120.137256,30.234386],[120.137426,30.234473],[120.137323,30.234611],[120.137124,30.234503]]]}},{"type":"Feature","properties":{"kind":"water","osmId":"way/161451428"},"geometry":{"type":"Polygon","coordinates":[[[120.133223,30.231274],[120.133317,30.231283],[120.133289,30.230994],[120.133223,30.231274]]]}},{"type":"Feature","properties":{"kind":"road","osmId":"way/161451429","roadClass":"residential"},"geometry":{"type":"LineString","coordinates":[[120.129547,30.228964],[120.12815,30.228505]]}},{"type":"Feature","properties":{"kind":"water","osmId":"way/161451435"},"geometry":{"type":"Polygon","coordinates":[[[120.134405,30.227872],[120.134777,30.227897],[120.134929,30.2281],[120.134871,30.228166],[120.134516,30.228034],[120.134405,30.227872]]]}},{"type":"Feature","properties":{"kind":"water","osmId":"way/161451436"},"geometry":{"type":"Polygon","coordinates":[[[120.126274,30.225445],[120.126778,30.225904],[120.126991,30.225838],[120.126865,30.225453],[120.126274,30.225445]]]}},{"type":"Feature","properties":{"kind":"water","osmId":"way/161451437"},"geometry":{"type":"Polygon","coordinates":[[[120.13287,30.23314],[120.133089,30.232819],[120.133045,30.232616],[120.133119,30.232609],[120.13311,30.232946],[120.13287,30.23314]]]}},{"type":"Feature","properties":{"kind":"park","osmId":"way/161451438"},"geometry":{"type":"Polygon","coordinates":[[[120.130261,30.235168],[120.130338,30.234843],[120.130666,30.23469],[120.131167,30.234917],[120.131119,30.235022],[120.130904,30.234945],[120.13081,30.235126],[120.130261,30.235168]]]}},{"type":"Feature","properties":{"kind":"water","osmId":"way/161451441"},"geometry":{"type":"Polygon","coordinates":[[[120.131577,30.234373],[120.131654,30.234202],[120.132089,30.233845],[120.132074,30.233696],[120.13236,30.233306],[120.132556,30.23316],[120.13287,30.23314],[120.131873,30.234537],[120.131577,30.234373]]]}},{"type":"Feature","properties":{"kind":"park","osmId":"way/161451442"},"geometry":{"type":"Polygon","coordinates":[[[120.13114,30.228976],[120.131234,30.228914],[120.131374,30.228976],[120.131221,30.229077],[120.13114,30.228976]]]}},{"type":"Feature","properties":{"kind":"road","osmId":"way/161451443","roadClass":"residential"},"geometry":{"type":"LineString","coordinates":[[120.132173,30.227609],[120.130699,30.226613]]}},{"type":"Feature","properties":{"kind":"water","osmId":"way/161451444"},"geometry":{"type":"Polygon","coordinates":[[[120.134031,30.232393],[120.134052,30.232474],[120.134326,30.232509],[120.134261,30.232398],[120.134031,30.232393]]]}},{"type":"Feature","properties":{"kind":"road","osmId":"way/161451450","roadClass":"residential"},"geometry":{"type":"LineString","coordinates":[[120.132031,30.227511],[120.132717,30.227015],[120.132492,30.226827],[120.13322,30.226235]]}},{"type":"Feature","properties":{"kind":"park","osmId":"way/161451451"},"geometry":{"type":"Polygon","coordinates":[[[120.13047,30.235518],[120.130263,30.235216],[120.130499,30.235249],[120.130636,30.235439],[120.13047,30.235518]]]}},{"type":"Feature","properties":{"kind":"water","osmId":"way/161451452"},"geometry":{"type":"Polygon","coordinates":[[[120.126762,30.226667],[120.126864,30.226717],[120.127371,30.226599],[120.127435,30.226361],[120.127298,30.226217],[120.126943,30.226241],[120.126766,30.226371],[120.126762,30.226667]]]}},{"type":"Feature","properties":{"kind":"water","osmId":"way/161451453"},"geometry":{"type":"Polygon","coordinates":[[[120.132885,30.231835],[120.132943,30.231692],[120.133025,30.231897],[120.133226,30.231964],[120.133142,30.231646],[120.133212,30.231437],[120.133471,30.231583],[120.133401,30.231645],[120.133196,30.231551],[120.133296,30.23196],[120.133111,30.232157],[120.132885,30.231835]]]}},{"type":"Feature","properties":{"kind":"water","osmId":"way/161451456"},"geometry":{"type":"Polygon","coordinates":[[[120.12586,30.226662],[120.126075,30.226796],[120.126191,30.226709],[120.126043,30.226431],[120.12586,30.226662]]]}},{"type":"Feature","properties":{"kind":"road","osmId":"way/161455663","roadClass":"unclassified"},"geometry":{"type":"LineString","coordinates":[[120.119282,30.234383],[120.118587,30.23526],[120.117942,30.235654],[120.116318,30.237007],[120.116213,30.237128],[120.11624,30.23754]]}},{"type":"Feature","properties":{"kind":"road","osmId":"way/161455669","roadClass":"residential"},"geometry":{"type":"LineString","coordinates":[[120.120005,30.239247],[120.119707,30.237587],[120.119925,30.237074]]}},{"type":"Feature","properties":{"kind":"road","osmId":"way/161455711","roadClass":"unclassified"},"geometry":{"type":"LineString","coordinates":[[120.117775,30.237377],[120.117909,30.23708],[120.118413,30.23685],[120.118673,30.236481],[120.119883,30.235672]]}},{"type":"Feature","properties":{"kind":"road","osmId":"way/161455715","roadClass":"residential"},"geometry":{"type":"LineString","coordinates":[[120.125922,30.234134],[120.126104,30.234013],[120.126724,30.233134],[120.127936,30.231893],[120.128498,30.231763]]}},{"type":"Feature","properties":{"kind":"park","osmId":"way/206081945"},"geometry":{"type":"Polygon","coordinates":[[[120.133937,30.230669],[120.133989,30.230543],[120.13423,30.230593],[120.134157,30.230703],[120.133937,30.230669]]]}},{"type":"Feature","properties":{"kind":"water","osmId":"way/206081946"},"geometry":{"type":"Polygon","coordinates":[[[120.138744,30.227957],[120.139049,30.227976],[120.139149,30.22815],[120.139312,30.228172],[120.138988,30.228232],[120.13897,30.228424],[120.138841,30.228519],[120.138837,30.228812],[120.138371,30.228917],[120.138438,30.22913],[120.138349,30.229241],[120.138043,30.229246],[120.13814,30.229403],[120.137952,30.229543],[120.138126,30.229658],[120.137654,30.229577],[120.137848,30.229559],[120.137981,30.229209],[120.138325,30.229155],[120.138288,30.22891],[120.138606,30.228845],[120.138612,30.228669],[120.138796,30.228613],[120.138907,30.228368],[120.138681,30.228154],[120.138744,30.227957]]]}},{"type":"Feature","properties":{"kind":"water","osmId":"way/206081952"},"geometry":{"type":"Polygon","coordinates":[[[120.136993,30.22848],[120.136862,30.228451],[120.136477,30.228731],[120.136254,30.228587],[120.136157,30.228663],[120.136593,30.229084],[120.136967,30.229275],[120.137396,30.229149],[120.136995,30.229173],[120.136915,30.228925],[120.137115,30.228896],[120.137222,30.228691],[120.137448,30.228684],[120.137581,30.229107],[120.137548,30.22939],[120.137618,30.229411],[120.137633,30.229073],[120.137815,30.228796],[120.137803,30.228312],[120.138124,30.228256],[120.138164,30.228006],[120.138336,30.227788],[120.138263,30.227612],[120.138065,30.228166],[120.137813,30.228201],[120.137724,30.228033],[120.137681,30.228166],[120.137568,30.228186],[120.137711,30.228287],[120.137742,30.228469],[120.137564,30.228533],[120.137593,30.228662],[120.137148,30.228676],[120.136993,30.22848]]]}},{"type":"Feature","properties":{"kind":"water","osmId":"way/206081958"},"geometry":{"type":"Polygon","coordinates":[[[120.138505,30.227213],[120.138556,30.227169],[120.138631,30.227329],[120.138518,30.227487],[120.138655,30.22773],[120.138572,30.227809],[120.138542,30.227644],[120.138349,30.227529],[120.138505,30.227213]]]}},{"type":"Feature","properties":{"kind":"water","osmId":"way/206081960"},"geometry":{"type":"Polygon","coordinates":[[[120.137759,30.227647],[120.137839,30.227575],[120.137866,30.227853],[120.137759,30.227647]]]}},{"type":"Feature","properties":{"kind":"park","osmId":"way/206081962"},"geometry":{"type":"Polygon","coordinates":[[[120.13115,30.229774],[120.131053,30.22968],[120.131144,30.229634],[120.13126,30.22973],[120.13115,30.229774]]]}},{"type":"Feature","properties":{"kind":"water","osmId":"way/206082676"},"geometry":{"type":"Polygon","coordinates":[[[120.141715,30.234664],[120.141517,30.234541],[120.141372,30.234784],[120.14193,30.235144],[120.142177,30.235164],[120.142761,30.235496],[120.142139,30.234895],[120.141817,30.234835],[120.141721,30.234932],[120.141624,30.2349],[120.141715,30.234664]]]}},{"type":"Feature","properties":{"kind":"road","osmId":"way/220971923","name":"栖霞岭路","roadClass":"unclassified"},"geometry":{"type":"LineString","coordinates":[[120.128759,30.254213],[120.128926,30.254755],[120.130198,30.256002],[120.130493,30.256499]]}},{"type":"Feature","properties":{"kind":"road","osmId":"way/229406080","roadClass":"residential"},"geometry":{"type":"LineString","coordinates":[[120.148755,30.226998],[120.148053,30.227058],[120.147408,30.227386],[120.146827,30.227537]]}},{"type":"Feature","properties":{"kind":"road","osmId":"way/229406081","roadClass":"residential"},"geometry":{"type":"LineString","coordinates":[[120.147778,30.227141],[120.146949,30.226055]]}},{"type":"Feature","properties":{"kind":"road","osmId":"way/229406082","roadClass":"residential"},"geometry":{"type":"LineString","coordinates":[[120.147398,30.226601],[120.146787,30.226702],[120.146573,30.226901]]}},{"type":"Feature","properties":{"kind":"road","osmId":"way/229406094","roadClass":"residential"},"geometry":{"type":"LineString","coordinates":[[120.147975,30.227082],[120.148464,30.228789]]}},{"type":"Feature","properties":{"kind":"road","osmId":"way/229406095","roadClass":"residential"},"geometry":{"type":"LineString","coordinates":[[120.148152,30.227696],[120.147487,30.228126]]}},{"type":"Feature","properties":{"kind":"road","osmId":"way/229406109","roadClass":"residential"},"geometry":{"type":"LineString","coordinates":[[120.119621,30.241349],[120.120185,30.241641],[120.120627,30.241436]]}},{"type":"Feature","properties":{"kind":"road","osmId":"way/229406110","roadClass":"residential"},"geometry":{"type":"LineString","coordinates":[[120.120185,30.241641],[120.120203,30.242266],[120.121954,30.24288]]}},{"type":"Feature","properties":{"kind":"road","osmId":"way/389682323","name":"Jiefang Road","roadClass":"secondary"},"geometry":{"type":"LineString","coordinates":[[120.158105,30.252545],[120.159504,30.252625]]}},{"type":"Feature","properties":{"kind":"road","osmId":"way/389682324","roadClass":"primary"},"geometry":{"type":"LineString","coordinates":[[120.159522,30.252739],[120.159013,30.252648],[120.158168,30.252771]]}},{"type":"Feature","properties":{"kind":"road","osmId":"way/390043261","name":"Wushan Road","roadClass":"unclassified"},"geometry":{"type":"LineString","coordinates":[[120.160398,30.256435],[120.160413,30.257344]]}},{"type":"Feature","properties":{"kind":"road","osmId":"way/390043262","name":"Pinghai Road","roadClass":"secondary"},"geometry":{"type":"LineString","coordinates":[[120.161445,30.256474],[120.160398,30.256435]]}},{"type":"Feature","properties":{"kind":"road","osmId":"way/403783207","name":"桃源岭","roadClass":"unclassified"},"geometry":{"type":"LineString","coordinates":[[120.119416,30.254661],[120.117892,30.254297],[120.117084,30.253887],[120.115215,30.253718],[120.114414,30.253465],[120.112916,30.252575],[120.112054,30.251764],[120.11162,30.2515],[120.110375,30.25118],[120.110257,30.250947],[120.110232,30.250469],[120.110046,30.250225],[120.108729,30.249351],[120.10871,30.249187]]}},{"type":"Feature","properties":{"kind":"road","osmId":"way/403783208","roadClass":"unclassified"},"geometry":{"type":"LineString","coordinates":[[120.119416,30.254661],[120.119927,30.254638]]}},{"type":"Feature","properties":{"kind":"road","osmId":"way/429911037","name":"Renhe Road","roadClass":"unclassified"},"geometry":{"type":"LineString","coordinates":[[120.160429,30.25515],[120.162259,30.255229]]}},{"type":"Feature","properties":{"kind":"road","osmId":"way/429911041","name":"Wushan Road","roadClass":"unclassified"},"geometry":{"type":"LineString","coordinates":[[120.160429,30.25515],[120.160398,30.256435]]}},{"type":"Feature","properties":{"kind":"road","osmId":"way/429911042","name":"Renhe Road","roadClass":"unclassified"},"geometry":{"type":"LineString","coordinates":[[120.160429,30.25515],[120.159527,30.255122]]}},{"type":"Feature","properties":{"kind":"road","osmId":"way/429911045","name":"Wushan Road","roadClass":"unclassified"},"geometry":{"type":"LineString","coordinates":[[120.160455,30.253997],[120.160429,30.25515]]}},{"type":"Feature","properties":{"kind":"road","osmId":"way/474592738","name":"Xiaozifang","roadClass":"unclassified"},"geometry":{"type":"LineString","coordinates":[[120.15462,30.241809],[120.154586,30.240357]]}},{"type":"Feature","properties":{"kind":"road","osmId":"way/474592739","name":"Tieye Road","roadClass":"unclassified"},"geometry":{"type":"LineString","coordinates":[[120.154558,30.24031],[120.15468,30.239908]]}},{"type":"Feature","properties":{"kind":"road","osmId":"way/484947147","name":"红门局","roadClass":"residential"},"geometry":{"type":"LineString","coordinates":[[120.159873,30.246692],[120.158897,30.24669],[120.158794,30.246589],[120.158012,30.246618]]}},{"type":"Feature","properties":{"kind":"road","osmId":"way/484947149","roadClass":"residential"},"geometry":{"type":"LineString","coordinates":[[120.158861,30.248242],[120.158902,30.246286],[120.159224,30.24598],[120.159216,30.245616]]}},{"type":"Feature","properties":{"kind":"road","osmId":"way/484947151","name":"紫薇街","roadClass":"residential"},"geometry":{"type":"LineString","coordinates":[[120.160002,30.243775],[120.1593,30.243688],[120.157795,30.243717]]}},{"type":"Feature","properties":{"kind":"road","osmId":"way/484949589","roadClass":"unclassified"},"geometry":{"type":"LineString","coordinates":[[120.152046,30.237421],[120.152627,30.237675],[120.152941,30.238443]]}},{"type":"Feature","properties":{"kind":"park","osmId":"way/484949590","name":"浙江省革命烈士纪念馆"},"geometry":{"type":"Polygon","coordinates":[[[120.158654,30.232784],[120.158581,30.233542],[120.158248,30.233929],[120.157931,30.234069],[120.157605,30.233964],[120.157321,30.233613],[120.1575,30.232355],[120.158654,30.232784]]]}},{"type":"Feature","properties":{"kind":"road","osmId":"way/499897445","name":"Jiefang Road","roadClass":"secondary"},"geometry":{"type":"LineString","coordinates":[[120.161757,30.25281],[120.159624,30.252739]]}},{"type":"Feature","properties":{"kind":"road","osmId":"way/504559388","name":"Pinghai Road","roadClass":"secondary"},"geometry":{"type":"LineString","coordinates":[[120.160398,30.256435],[120.159468,30.256393]]}},{"type":"Feature","properties":{"kind":"road","osmId":"way/504559389","name":"Yan'an Road","roadClass":"secondary"},"geometry":{"type":"LineString","coordinates":[[120.159797,30.24824],[120.159947,30.245065]]}},{"type":"Feature","properties":{"kind":"road","osmId":"way/504559390","name":"Xihu Avenue","roadClass":"secondary"},"geometry":{"type":"LineString","coordinates":[[120.159797,30.24824],[120.159856,30.248241]]}},{"type":"Feature","properties":{"kind":"road","osmId":"way/504562824","name":"Xihu Avenue","roadClass":"secondary"},"geometry":{"type":"LineString","coordinates":[[120.159749,30.248334],[120.157893,30.248351]]}},{"type":"Feature","properties":{"kind":"road","osmId":"way/504562825","name":"Wushan Road","roadClass":"unclassified"},"geometry":{"type":"LineString","coordinates":[[120.160551,30.252753],[120.160455,30.253997]]}},{"type":"Feature","properties":{"kind":"road","osmId":"way/504564910","name":"Yanggong Causeway","roadClass":"secondary"},"geometry":{"type":"LineString","coordinates":[[120.128254,30.242549],[120.127935,30.242568]]}},{"type":"Feature","properties":{"kind":"road","osmId":"way/504564911","name":"Yanggong Causeway","roadClass":"secondary"},"geometry":{"type":"LineString","coordinates":[[120.127935,30.242568],[120.127849,30.24236]]}},{"type":"Feature","properties":{"kind":"road","osmId":"way/504564912","name":"Yanggong Causeway","roadClass":"secondary"},"geometry":{"type":"LineString","coordinates":[[120.128124,30.242217],[120.128255,30.242367],[120.128254,30.242549]]}},{"type":"Feature","properties":{"kind":"road","osmId":"way/504565894","name":"Beishan Street","roadClass":"secondary"},"geometry":{"type":"LineString","coordinates":[[120.126678,30.254515],[120.127122,30.254367],[120.127944,30.254393],[120.128899,30.25417],[120.129565,30.254175],[120.130524,30.253935],[120.133434,30.25453]]}},{"type":"Feature","properties":{"kind":"road","osmId":"way/504565895","name":"Beishan Street","roadClass":"secondary"},"geometry":{"type":"LineString","coordinates":[[120.125667,30.255044],[120.126678,30.254515]]}},{"type":"Feature","properties":{"kind":"road","osmId":"way/504566480","name":"Longjing Road","roadClass":"tertiary"},"geometry":{"type":"LineString","coordinates":[[120.12152,30.238234],[120.121136,30.236921],[120.120073,30.235945],[120.119883,30.235672],[120.119469,30.234596],[120.118234,30.233345],[120.117833,30.232253],[120.116816,30.231805],[120.116141,30.231232],[120.115546,30.230956]]}},{"type":"Feature","properties":{"kind":"road","osmId":"way/515470733","name":"Renhe Road","roadClass":"unclassified"},"geometry":{"type":"LineString","coordinates":[[120.159407,30.255116],[120.158117,30.255089]]}},{"type":"Feature","properties":{"kind":"road","osmId":"way/515470734","name":"红门局","roadClass":"unclassified"},"geometry":{"type":"LineString","coordinates":[[120.161822,30.247055],[120.160091,30.246987],[120.159928,30.247124]]}},{"type":"Feature","properties":{"kind":"road","osmId":"way/515470735","name":"国货路","roadClass":"unclassified"},"geometry":{"type":"LineString","coordinates":[[120.159663,30.251472],[120.163722,30.25159]]}},{"type":"Feature","properties":{"kind":"road","osmId":"way/515470739","name":"Yan'an Road","roadClass":"secondary"},"geometry":{"type":"LineString","coordinates":[[120.159131,30.260636],[120.159522,30.252739]]}},{"type":"Feature","properties":{"kind":"road","osmId":"way/515470742","name":"Youdian Road","roadClass":"tertiary"},"geometry":{"type":"LineString","coordinates":[[120.159567,30.253984],[120.160455,30.253997]]}},{"type":"Feature","properties":{"kind":"road","osmId":"way/517675472","name":"旧藩署","roadClass":"residential"},"geometry":{"type":"LineString","coordinates":[[120.160735,30.243033],[120.160662,30.243977],[120.160076,30.24391]]}},{"type":"Feature","properties":{"kind":"road","osmId":"way/517675496","roadClass":"residential"},"geometry":{"type":"LineString","coordinates":[[120.157658,30.242494],[120.157216,30.24251]]}},{"type":"Feature","properties":{"kind":"road","osmId":"way/517675500","roadClass":"residential"},"geometry":{"type":"LineString","coordinates":[[120.157934,30.247971],[120.158769,30.247892]]}},{"type":"Feature","properties":{"kind":"road","osmId":"way/534051124","name":"府学巷","roadClass":"unclassified"},"geometry":{"type":"LineString","coordinates":[[120.157742,30.243475],[120.156919,30.243467],[120.156029,30.243329]]}},{"type":"Feature","properties":{"kind":"road","osmId":"way/536237358","name":"Nanshan Road","roadClass":"secondary"},"geometry":{"type":"LineString","coordinates":[[120.156213,30.250993],[120.15699,30.2519],[120.157568,30.252255]]}},{"type":"Feature","properties":{"kind":"road","osmId":"way/537432960","name":"清波桥河下","roadClass":"unclassified"},"geometry":{"type":"LineString","coordinates":[[120.153619,30.239754],[120.153376,30.239702],[120.153117,30.239782],[120.152109,30.240473],[120.151454,30.240666],[120.150845,30.240613],[120.150366,30.240205]]}},{"type":"Feature","properties":{"kind":"road","osmId":"way/548309841","name":"南山路","roadClass":"secondary"},"geometry":{"type":"LineString","coordinates":[[120.158168,30.252771],[120.15746,30.252317]]}},{"type":"Feature","properties":{"kind":"road","osmId":"way/548309842","name":"南山路","roadClass":"secondary"},"geometry":{"type":"LineString","coordinates":[[120.15131,30.235629],[120.15169,30.236044],[120.152046,30.237421],[120.153089,30.238447],[120.153842,30.239804],[120.153632,30.241664]]}},{"type":"Feature","properties":{"kind":"road","osmId":"way/548309843","name":"Nanshan Road","roadClass":"secondary"},"geometry":{"type":"LineString","coordinates":[[120.150977,30.235518],[120.150708,30.235032],[120.150561,30.234496],[120.150791,30.233215],[120.150825,30.232426]]}},{"type":"Feature","properties":{"kind":"road","osmId":"way/548331892","roadClass":"residential"},"geometry":{"type":"LineString","coordinates":[[120.138892,30.253008],[120.13893,30.252831]]}},{"type":"Feature","properties":{"kind":"road","osmId":"way/550439269","roadClass":"unclassified"},"geometry":{"type":"LineString","coordinates":[[120.154919,30.231868],[120.154299,30.231854],[120.152807,30.232266]]}},{"type":"Feature","properties":{"kind":"water","osmId":"way/550439279","name":"半月池"},"geometry":{"type":"Polygon","coordinates":[[[120.156499,30.229558],[120.156396,30.229396],[120.156542,30.229457],[120.156499,30.229558]]]}},{"type":"Feature","properties":{"kind":"road","osmId":"way/565661260","name":"Gushan Road","roadClass":"unclassified"},"geometry":{"type":"LineString","coordinates":[[120.139142,30.252735],[120.139467,30.252838],[120.139847,30.253184]]}},{"type":"Feature","properties":{"kind":"road","osmId":"way/565661262","name":"Beishan Street","roadClass":"secondary"},"geometry":{"type":"LineString","coordinates":[[120.133434,30.25453],[120.134254,30.255081],[120.135985,30.256815],[120.136384,30.257082],[120.137917,30.257479],[120.13933,30.258092],[120.139826,30.25842],[120.140683,30.259316],[120.14174,30.260159],[120.142146,30.260423],[120.142659,30.260591],[120.143912,30.261455],[120.144814,30.261502],[120.145461,30.261773],[120.146616,30.261989],[120.146965,30.261994],[120.147597,30.261613],[120.147831,30.261606],[120.149806,30.262356]]}},{"type":"Feature","properties":{"kind":"road","osmId":"way/565661265","name":"Jiefang Road","roadClass":"secondary"},"geometry":{"type":"LineString","coordinates":[[120.159504,30.252625],[120.161763,30.252735]]}},{"type":"Feature","properties":{"kind":"road","osmId":"way/565661268","name":"Yan'an Road","roadClass":"secondary"},"geometry":{"type":"LineString","coordinates":[[120.159562,30.250893],[120.159749,30.248334]]}},{"type":"Feature","properties":{"kind":"road","osmId":"way/565661276","name":"玉皇山路","roadClass":"secondary"},"geometry":{"type":"LineString","coordinates":[[120.147831,30.224377],[120.147704,30.223525],[120.146972,30.222036],[120.146858,30.221578],[120.146937,30.22074]]}},{"type":"Feature","properties":{"kind":"road","osmId":"way/565661278","name":"Nanshan Road","roadClass":"secondary"},"geometry":{"type":"LineString","coordinates":[[120.150825,30.232426],[120.147563,30.231887],[120.147199,30.231886],[120.145896,30.232181],[120.144473,30.231989]]}},{"type":"Feature","properties":{"kind":"road","osmId":"way/566000832","name":"Shuguang Road","roadClass":"secondary"},"geometry":{"type":"LineString","coordinates":[[120.126307,30.261735],[120.126417,30.26007],[120.126088,30.258971],[120.1262,30.257138],[120.125648,30.255797],[120.125506,30.255212]]}},{"type":"Feature","properties":{"kind":"road","osmId":"way/571884283","name":"Hupao Road","roadClass":"secondary"},"geometry":{"type":"LineString","coordinates":[[120.133673,30.226731],[120.133677,30.226387],[120.13335,30.225544],[120.133102,30.224535],[120.1317,30.221584],[120.130856,30.219414],[120.130877,30.218823]]}},{"type":"Feature","properties":{"kind":"road","osmId":"way/572765030","name":"Yan'an Road","roadClass":"secondary"},"geometry":{"type":"LineString","coordinates":[[120.159856,30.248241],[120.159835,30.248335]]}},{"type":"Feature","properties":{"kind":"road","osmId":"way/572765031","name":"Xihu Avenue","roadClass":"secondary"},"geometry":{"type":"LineString","coordinates":[[120.159856,30.248241],[120.161807,30.248254]]}},{"type":"Feature","properties":{"kind":"road","osmId":"way/572765032","name":"Kaiyuan Road","roadClass":"tertiary"},"geometry":{"type":"LineString","coordinates":[[120.159756,30.249965],[120.161529,30.24988],[120.161711,30.24979]]}},{"type":"Feature","properties":{"kind":"road","osmId":"way/572765033","name":"Yan'an Road","roadClass":"secondary"},"geometry":{"type":"LineString","coordinates":[[120.159756,30.249965],[120.159624,30.252739]]}},{"type":"Feature","properties":{"kind":"road","osmId":"way/572765039","name":"Yan'an Road","roadClass":"secondary"},"geometry":{"type":"LineString","coordinates":[[120.159522,30.252739],[120.159504,30.252625]]}},{"type":"Feature","properties":{"kind":"road","osmId":"way/572766866","name":"Xihu Avenue","roadClass":"secondary"},"geometry":{"type":"LineString","coordinates":[[120.15622,30.248246],[120.159797,30.24824]]}},{"type":"Feature","properties":{"kind":"road","osmId":"way/572766867","name":"南山路","roadClass":"secondary"},"geometry":{"type":"LineString","coordinates":[[120.156031,30.250102],[120.156118,30.250868]]}},{"type":"Feature","properties":{"kind":"road","osmId":"way/572780602","name":"Yan'an Road","roadClass":"secondary"},"geometry":{"type":"LineString","coordinates":[[120.159624,30.252739],[120.159259,30.26064]]}},{"type":"Feature","properties":{"kind":"road","osmId":"way/572780603","name":"Pinghai Road","roadClass":"secondary"},"geometry":{"type":"LineString","coordinates":[[120.159468,30.256393],[120.159354,30.256332]]}},{"type":"Feature","properties":{"kind":"road","osmId":"way/572780604","name":"Pinghai Road","roadClass":"secondary"},"geometry":{"type":"LineString","coordinates":[[120.159354,30.256332],[120.159492,30.256266],[120.162482,30.25638]]}},{"type":"Feature","properties":{"kind":"road","osmId":"way/577741899","name":"Xueshi Rd","roadClass":"unclassified"},"geometry":{"type":"LineString","coordinates":[[120.156343,30.257726],[120.15709,30.257738]]}},{"type":"Feature","properties":{"kind":"road","osmId":"way/577741902","name":"Baifu Rd","roadClass":"unclassified"},"geometry":{"type":"LineString","coordinates":[[120.15627,30.259255],[120.156343,30.257726]]}},{"type":"Feature","properties":{"kind":"road","osmId":"way/579793084","name":"Gaoyin Street","roadClass":"tertiary"},"geometry":{"type":"LineString","coordinates":[[120.160077,30.243029],[120.161436,30.243086],[120.162098,30.243013]]}},{"type":"Feature","properties":{"kind":"road","osmId":"way/579793085","name":"Laodong Road","roadClass":"tertiary"},"geometry":{"type":"LineString","coordinates":[[120.157697,30.243015],[120.158022,30.246779],[120.157893,30.248351]]}},{"type":"Feature","properties":{"kind":"road","osmId":"way/579793086","name":"Laodong Road","roadClass":"tertiary"},"geometry":{"type":"LineString","coordinates":[[120.157651,30.242223],[120.157697,30.243015]]}},{"type":"Feature","properties":{"kind":"road","osmId":"way/581139449","name":"Yan'an Road","roadClass":"secondary"},"geometry":{"type":"LineString","coordinates":[[120.159961,30.244737],[120.160077,30.243029]]}},{"type":"Feature","properties":{"kind":"road","osmId":"way/582232159","name":"Xihu Avenue","roadClass":"secondary"},"geometry":{"type":"LineString","coordinates":[[120.1617,30.248383],[120.159835,30.248335]]}},{"type":"Feature","properties":{"kind":"road","osmId":"way/582232163","name":"Huimin Road","roadClass":"unclassified"},"geometry":{"type":"LineString","coordinates":[[120.1619,30.244964],[120.160707,30.244804]]}},{"type":"Feature","properties":{"kind":"road","osmId":"way/582232167","name":"Yan'an Road","roadClass":"secondary"},"geometry":{"type":"LineString","coordinates":[[120.159967,30.246312],[120.159856,30.248241]]}},{"type":"Feature","properties":{"kind":"road","osmId":"way/582232171","name":"Huimin Road","roadClass":"unclassified"},"geometry":{"type":"LineString","coordinates":[[120.160038,30.244745],[120.159961,30.244737]]}},{"type":"Feature","properties":{"kind":"water","osmId":"way/583095693"},"geometry":{"type":"Polygon","coordinates":[[[120.124859,30.248246],[120.124802,30.248177],[120.12488,30.24812],[120.125348,30.248192],[120.124859,30.248246]]]}},{"type":"Feature","properties":{"kind":"water","osmId":"way/583102350"},"geometry":{"type":"Polygon","coordinates":[[[120.124428,30.249723],[120.123591,30.249782],[120.122729,30.249559],[120.122978,30.249539],[120.122904,30.249412],[120.122733,30.249416],[120.122692,30.249511],[120.12219,30.249368],[120.12159,30.249392],[120.120282,30.249658],[120.118363,30.249828],[120.120399,30.249602],[120.122003,30.249217],[120.122854,30.249341],[120.123695,30.249717],[120.124028,30.249647],[120.124428,30.249723]]]}},{"type":"Feature","properties":{"kind":"water","osmId":"way/583608991"},"geometry":{"type":"Polygon","coordinates":[[[120.118342,30.243017],[120.117511,30.242856],[120.11728,30.242697],[120.117114,30.242754],[120.116747,30.242645],[120.116565,30.242433],[120.116203,30.242473],[120.116476,30.242357],[120.116375,30.242269],[120.115974,30.242441],[120.116084,30.241974],[120.116375,30.241956],[120.116475,30.242271],[120.116624,30.242214],[120.116721,30.242032],[120.117177,30.242087],[120.117301,30.242303],[120.117548,30.242369],[120.117403,30.242641],[120.117502,30.242743],[120.117646,30.242656],[120.117692,30.242481],[120.117848,30.242514],[120.117924,30.242437],[120.117831,30.242229],[120.117511,30.242156],[120.117494,30.242076],[120.119009,30.242105],[120.118819,30.242824],[120.118448,30.242875],[120.118342,30.243017]]]}},{"type":"Feature","properties":{"kind":"road","osmId":"way/583612071","name":"赵公堤路","roadClass":"unclassified"},"geometry":{"type":"LineString","coordinates":[[120.118263,30.249977],[120.120038,30.249762],[120.120653,30.249786],[120.122223,30.249515],[120.123611,30.249857],[120.124484,30.249822]]}},{"type":"Feature","properties":{"kind":"road","osmId":"way/583612072","roadClass":"unclassified"},"geometry":{"type":"LineString","coordinates":[[120.121504,30.250699],[120.121211,30.251538],[120.121102,30.252197],[120.121507,30.252671],[120.121673,30.253327],[120.121902,30.253424]]}},{"type":"Feature","properties":{"kind":"road","osmId":"way/583612073","roadClass":"unclassified"},"geometry":{"type":"LineString","coordinates":[[120.12183,30.253954],[120.121902,30.253424]]}},{"type":"Feature","properties":{"kind":"road","osmId":"way/583612098","roadClass":"residential"},"geometry":{"type":"LineString","coordinates":[[120.118638,30.250941],[120.120415,30.251253],[120.120578,30.251539],[120.120399,30.252293]]}},{"type":"Feature","properties":{"kind":"road","osmId":"way/583612099","roadClass":"residential"},"geometry":{"type":"LineString","coordinates":[[120.11934,30.251057],[120.119212,30.251732],[120.119412,30.252057],[120.120399,30.252293]]}},{"type":"Feature","properties":{"kind":"road","osmId":"way/583612100","roadClass":"residential"},"geometry":{"type":"LineString","coordinates":[[120.119085,30.252077],[120.119364,30.251979]]}},{"type":"Feature","properties":{"kind":"road","osmId":"way/583612101","roadClass":"residential"},"geometry":{"type":"LineString","coordinates":[[120.120272,30.251219],[120.120356,30.250862]]}},{"type":"Feature","properties":{"kind":"road","osmId":"way/583612103","roadClass":"residential"},"geometry":{"type":"LineString","coordinates":[[120.11887,30.250949],[120.119252,30.250223],[120.12021,30.250285]]}},{"type":"Feature","properties":{"kind":"road","osmId":"way/583612109","roadClass":"residential"},"geometry":{"type":"LineString","coordinates":[[120.120318,30.25151],[120.12051,30.251399]]}},{"type":"Feature","properties":{"kind":"water","osmId":"way/583620300"},"geometry":{"type":"Polygon","coordinates":[[[120.121178,30.25121],[120.120771,30.250831],[120.120841,30.250785],[120.120929,30.250919],[120.12122,30.250946],[120.121318,30.250606],[120.121083,30.250458],[120.121037,30.250279],[120.121206,30.250194],[120.121332,30.250376],[120.121357,30.250661],[120.121178,30.25121]]]}},{"type":"Feature","properties":{"kind":"road","osmId":"way/583658085","roadClass":"residential"},"geometry":{"type":"LineString","coordinates":[[120.119764,30.256031],[120.120034,30.256033]]}},{"type":"Feature","properties":{"kind":"road","osmId":"way/583931338","roadClass":"residential"},"geometry":{"type":"LineString","coordinates":[[120.125887,30.251267],[120.126027,30.25127]]}},{"type":"Feature","properties":{"kind":"water","osmId":"way/583931351"},"geometry":{"type":"Polygon","coordinates":[[[120.125247,30.251152],[120.125253,30.250991],[120.125461,30.251046],[120.125455,30.251168],[120.125247,30.251152]]]}},{"type":"Feature","properties":{"kind":"water","osmId":"way/583931356"},"geometry":{"type":"Polygon","coordinates":[[[120.125061,30.252477],[120.125064,30.252363],[120.125143,30.252363],[120.125138,30.252477],[120.125061,30.252477]]]}},{"type":"Feature","properties":{"kind":"water","osmId":"way/583931359"},"geometry":{"type":"Polygon","coordinates":[[[120.125789,30.253641],[120.126001,30.253561],[120.125769,30.253504],[120.125789,30.253641]]]}},{"type":"Feature","properties":{"kind":"road","osmId":"way/584334892","name":"Yugu Road","roadClass":"tertiary"},"geometry":{"type":"LineString","coordinates":[[120.120004,30.255347],[120.119927,30.254638]]}},{"type":"Feature","properties":{"kind":"road","osmId":"way/584334971","name":"Lingyin Road","roadClass":"secondary"},"geometry":{"type":"LineString","coordinates":[[120.1235,30.255003],[120.123264,30.254856],[120.122833,30.254343],[120.122136,30.253941],[120.120829,30.254066],[120.120079,30.253992],[120.119716,30.253837]]}},{"type":"Feature","properties":{"kind":"road","osmId":"way/586574679","name":"Xueshi Rd","roadClass":"unclassified"},"geometry":{"type":"LineString","coordinates":[[120.160437,30.257931],[120.162949,30.257995]]}},{"type":"Feature","properties":{"kind":"road","osmId":"way/586574682","name":"Yan'an Road","roadClass":"secondary"},"geometry":{"type":"LineString","coordinates":[[120.159835,30.248335],[120.159756,30.249965]]}},{"type":"Feature","properties":{"kind":"road","osmId":"way/586574683","name":"Xihu Avenue","roadClass":"secondary"},"geometry":{"type":"LineString","coordinates":[[120.159835,30.248335],[120.159749,30.248334]]}},{"type":"Feature","properties":{"kind":"road","osmId":"way/586574685","name":"Jiefang Road","roadClass":"primary"},"geometry":{"type":"LineString","coordinates":[[120.159624,30.252739],[120.159522,30.252739]]}},{"type":"Feature","properties":{"kind":"road","osmId":"way/589384551","name":"Nanshan Road","roadClass":"secondary"},"geometry":{"type":"LineString","coordinates":[[120.140255,30.231206],[120.137123,30.229709],[120.134718,30.228713]]}},{"type":"Feature","properties":{"kind":"road","osmId":"way/589390768","name":"Nanshan Road","roadClass":"secondary"},"geometry":{"type":"LineString","coordinates":[[120.153527,30.240714],[120.153619,30.239754],[120.153357,30.239114],[120.152987,30.238482],[120.152155,30.237789],[120.151901,30.237414],[120.151497,30.236073],[120.151219,30.235772]]}},{"type":"Feature","properties":{"kind":"road","osmId":"way/589390770","name":"南山路","roadClass":"secondary"},"geometry":{"type":"LineString","coordinates":[[120.153455,30.242661],[120.153401,30.243418],[120.15426,30.244489],[120.155595,30.247124],[120.156123,30.247812],[120.15622,30.248246]]}},{"type":"Feature","properties":{"kind":"road","osmId":"way/639122681","roadClass":"residential"},"geometry":{"type":"LineString","coordinates":[[120.132808,30.226585],[120.132135,30.22605]]}},{"type":"Feature","properties":{"kind":"road","osmId":"way/639122682","roadClass":"residential"},"geometry":{"type":"LineString","coordinates":[[120.132653,30.226704],[120.132121,30.226361],[120.131989,30.226107],[120.131814,30.226004]]}},{"type":"Feature","properties":{"kind":"road","osmId":"way/639122684","roadClass":"residential"},"geometry":{"type":"LineString","coordinates":[[120.126604,30.222138],[120.126778,30.222279],[120.127038,30.222322],[120.127379,30.222652],[120.128032,30.222755],[120.129316,30.223192],[120.129398,30.223127]]}},{"type":"Feature","properties":{"kind":"road","osmId":"way/639361608","roadClass":"residential"},"geometry":{"type":"LineString","coordinates":[[120.150188,30.238659],[120.151714,30.238312],[120.152396,30.237976]]}},{"type":"Feature","properties":{"kind":"road","osmId":"way/672625138","roadClass":"unclassified"},"geometry":{"type":"LineString","coordinates":[[120.145485,30.235584],[120.145501,30.235321],[120.14568,30.235241],[120.145805,30.235304],[120.145822,30.235527],[120.145485,30.235584]]}},{"type":"Feature","properties":{"kind":"road","osmId":"way/672625139","roadClass":"unclassified"},"geometry":{"type":"LineString","coordinates":[[120.145769,30.23527],[120.146176,30.234924],[120.146561,30.23486],[120.146763,30.234925],[120.147562,30.234092],[120.148084,30.233307],[120.148501,30.232325],[120.148537,30.232029]]}},{"type":"Feature","properties":{"kind":"road","osmId":"way/672625146","roadClass":"unclassified"},"geometry":{"type":"LineString","coordinates":[[120.144619,30.23652],[120.144989,30.236515],[120.145292,30.23633],[120.145298,30.236204],[120.145117,30.235962],[120.144645,30.235656],[120.144117,30.235762],[120.143969,30.23602],[120.144619,30.23652]]}},{"type":"Feature","properties":{"kind":"road","osmId":"way/672625147","roadClass":"unclassified"},"geometry":{"type":"LineString","coordinates":[[120.144203,30.236183],[120.144956,30.23604],[120.145355,30.235822],[120.145485,30.235584]]}},{"type":"Feature","properties":{"kind":"waterway","osmId":"way/675828164"},"geometry":{"type":"LineString","coordinates":[[120.137451,30.234714],[120.137787,30.234223]]}},{"type":"Feature","properties":{"kind":"waterway","osmId":"way/675828170"},"geometry":{"type":"LineString","coordinates":[[120.135863,30.231994],[120.135623,30.231592]]}},{"type":"Feature","properties":{"kind":"water","osmId":"way/675833194"},"geometry":{"type":"Polygon","coordinates":[[[120.131976,30.233129],[120.132086,30.233156],[120.132243,30.232951],[120.132137,30.232834],[120.131996,30.232866],[120.131976,30.233129]]]}},{"type":"Feature","properties":{"kind":"water","osmId":"way/675833195"},"geometry":{"type":"Polygon","coordinates":[[[120.131731,30.233103],[120.131753,30.233025],[120.131863,30.23304],[120.131796,30.233295],[120.13206,30.233357],[120.131642,30.233349],[120.131731,30.233103]]]}},{"type":"Feature","properties":{"kind":"water","osmId":"way/676314607"},"geometry":{"type":"Polygon","coordinates":[[[120.141273,30.230841],[120.141592,30.230966],[120.141679,30.230828],[120.142016,30.230776],[120.141938,30.230501],[120.142099,30.230477],[120.142137,30.230351],[120.141928,30.230347],[120.141923,30.230253],[120.14173,30.230175],[120.141783,30.230716],[120.141662,30.230731],[120.141531,30.230579],[120.141451,30.230696],[120.14134,30.230657],[120.141273,30.230841]]]}},{"type":"Feature","properties":{"kind":"water","osmId":"way/676314608"},"geometry":{"type":"Polygon","coordinates":[[[120.141374,30.230369],[120.141608,30.230331],[120.141448,30.23008],[120.141257,30.229997],[120.141016,30.230125],[120.140959,30.230289],[120.141374,30.230369]]]}},{"type":"Feature","properties":{"kind":"waterway","osmId":"way/676314609"},"geometry":{"type":"LineString","coordinates":[[120.141553,30.230268],[120.141686,30.230294]]}},{"type":"Feature","properties":{"kind":"road","osmId":"way/686829709","roadClass":"residential"},"geometry":{"type":"LineString","coordinates":[[120.122417,30.221227],[120.122356,30.221422],[120.122826,30.2219],[120.123688,30.222254],[120.124822,30.222016],[120.124959,30.221766]]}},{"type":"Feature","properties":{"kind":"road","osmId":"way/686829711","roadClass":"residential"},"geometry":{"type":"LineString","coordinates":[[120.123808,30.221729],[120.123739,30.222152],[120.123238,30.222784],[120.123082,30.223214]]}},{"type":"Feature","properties":{"kind":"park","osmId":"way/687893194","name":"Chiangao Stream Eco-park"},"geometry":{"type":"Polygon","coordinates":[[[120.147453,30.225866],[120.147685,30.226427],[120.147412,30.226525],[120.147765,30.2271],[120.148003,30.227041],[120.148517,30.228824],[120.148834,30.228896],[120.148976,30.229781],[120.148877,30.229858],[120.148915,30.230294],[120.148824,30.230767],[120.14904,30.23094],[120.149741,30.23103],[120.15036,30.230801],[120.149116,30.228337],[120.148249,30.225737],[120.148135,30.225636],[120.147887,30.2258],[120.147453,30.225866]]]}},{"type":"Feature","properties":{"kind":"road","osmId":"way/688076186","name":"法相巷","roadClass":"residential"},"geometry":{"type":"LineString","coordinates":[[120.127693,30.230937],[120.127162,30.230078],[120.126221,30.229846],[120.125137,30.229434]]}},{"type":"Feature","properties":{"kind":"road","osmId":"way/688274912","name":"Xueshi Rd","roadClass":"unclassified"},"geometry":{"type":"LineString","coordinates":[[120.159392,30.257917],[120.160437,30.257931]]}},{"type":"Feature","properties":{"kind":"road","osmId":"way/688274916","name":"Youdian Road","roadClass":"tertiary"},"geometry":{"type":"LineString","coordinates":[[120.158829,30.25394],[120.159459,30.253966]]}},{"type":"Feature","properties":{"kind":"road","osmId":"way/692105784","name":"Gushan Road","roadClass":"unclassified"},"geometry":{"type":"LineString","coordinates":[[120.138646,30.252631],[120.139142,30.252735]]}},{"type":"Feature","properties":{"kind":"water","osmId":"way/706922809"},"geometry":{"type":"Polygon","coordinates":[[[120.138393,30.258072],[120.138485,30.258119],[120.138548,30.258033],[120.138445,30.257981],[120.138393,30.258072]]]}},{"type":"Feature","properties":{"kind":"road","osmId":"way/743663851","name":"阔石板路","roadClass":"residential"},"geometry":{"type":"LineString","coordinates":[[120.148548,30.231026],[120.148863,30.230445],[120.148924,30.229793],[120.148837,30.229154],[120.148948,30.229033],[120.149434,30.228907]]}},{"type":"Feature","properties":{"kind":"road","osmId":"way/743663855","name":"汪庄幼儿园路","roadClass":"residential"},"geometry":{"type":"LineString","coordinates":[[120.148266,30.231989],[120.148221,30.231453],[120.148448,30.231316],[120.148548,30.231026]]}},{"type":"Feature","properties":{"kind":"water","osmId":"way/743663858"},"geometry":{"type":"Polygon","coordinates":[[[120.149191,30.230368],[120.149165,30.230599],[120.149308,30.23073],[120.149451,30.230705],[120.149425,30.230455],[120.149518,30.230379],[120.149587,30.230393],[120.149526,30.230622],[120.149878,30.230754],[120.1498,30.230487],[120.149451,30.230249],[120.149248,30.229613],[120.149124,30.230246],[120.149191,30.230368]]]}},{"type":"Feature","properties":{"kind":"road","osmId":"way/832181799","name":"Yanggong Causeway","roadClass":"secondary"},"geometry":{"type":"LineString","coordinates":[[120.13393,30.229604],[120.134606,30.228656]]}},{"type":"Feature","properties":{"kind":"road","osmId":"way/832181800","name":"Yanggong Causeway","roadClass":"secondary"},"geometry":{"type":"LineString","coordinates":[[120.133863,30.22969],[120.13393,30.229604]]}},{"type":"Feature","properties":{"kind":"road","osmId":"way/833784382","name":"Yanggong Causeway","roadClass":"secondary"},"geometry":{"type":"LineString","coordinates":[[120.134036,30.229638],[120.133946,30.229766]]}},{"type":"Feature","properties":{"kind":"road","osmId":"way/833784383","name":"Yanggong Causeway","roadClass":"secondary"},"geometry":{"type":"LineString","coordinates":[[120.134718,30.228713],[120.134036,30.229638]]}},{"type":"Feature","properties":{"kind":"road","osmId":"way/835702024","name":"赵公堤路","roadClass":"unclassified"},"geometry":{"type":"LineString","coordinates":[[120.124614,30.249843],[120.125986,30.250214],[120.126214,30.250398]]}},{"type":"Feature","properties":{"kind":"road","osmId":"way/835702025","name":"赵公堤路","roadClass":"unclassified"},"geometry":{"type":"LineString","coordinates":[[120.124484,30.249822],[120.124614,30.249843]]}},{"type":"Feature","properties":{"kind":"road","osmId":"way/838870320","roadClass":"residential"},"geometry":{"type":"LineString","coordinates":[[120.126027,30.25127],[120.126121,30.251275]]}},{"type":"Feature","properties":{"kind":"road","osmId":"way/838870321","roadClass":"residential"},"geometry":{"type":"LineString","coordinates":[[120.125785,30.251275],[120.125887,30.251267]]}},{"type":"Feature","properties":{"kind":"water","osmId":"way/866158870"},"geometry":{"type":"Polygon","coordinates":[[[120.128004,30.25381],[120.128131,30.253415],[120.128632,30.253297],[120.12889,30.253466],[120.129118,30.25348],[120.129232,30.253627],[120.128575,30.253401],[120.128316,30.253463],[120.128208,30.253751],[120.128004,30.25381]]]}},{"type":"Feature","properties":{"kind":"road","osmId":"way/886674447","roadClass":"residential"},"geometry":{"type":"LineString","coordinates":[[120.117938,30.238884],[120.118652,30.238945],[120.119027,30.239236],[120.119829,30.238531]]}},{"type":"Feature","properties":{"kind":"road","osmId":"way/909496421","roadClass":"residential"},"geometry":{"type":"LineString","coordinates":[[120.119781,30.235063],[120.120707,30.234695],[120.120926,30.234415]]}},{"type":"Feature","properties":{"kind":"road","osmId":"way/909496422","roadClass":"residential"},"geometry":{"type":"LineString","coordinates":[[120.122992,30.235307],[120.122278,30.235129],[120.121326,30.234525],[120.120363,30.234264],[120.12015,30.234267],[120.119825,30.234557],[120.119753,30.234772],[120.119901,30.235019]]}},{"type":"Feature","properties":{"kind":"road","osmId":"way/973021516","roadClass":"unclassified"},"geometry":{"type":"LineString","coordinates":[[120.159316,30.257844],[120.159392,30.257917]]}},{"type":"Feature","properties":{"kind":"road","osmId":"way/975338141","roadClass":"unclassified"},"geometry":{"type":"LineString","coordinates":[[120.12881,30.238461],[120.129297,30.238325],[120.129873,30.237834],[120.130051,30.237012],[120.130528,30.236402],[120.130343,30.235637],[120.129239,30.235164]]}},{"type":"Feature","properties":{"kind":"road","osmId":"way/975338143","name":"Yanggong Causeway","roadClass":"secondary"},"geometry":{"type":"LineString","coordinates":[[120.133946,30.229766],[120.130708,30.234225],[120.128733,30.235668]]}},{"type":"Feature","properties":{"kind":"road","osmId":"way/975338144","roadClass":"unclassified"},"geometry":{"type":"LineString","coordinates":[[120.131846,30.24131],[120.131908,30.241033]]}},{"type":"Feature","properties":{"kind":"road","osmId":"way/975338145","roadClass":"unclassified"},"geometry":{"type":"LineString","coordinates":[[120.131749,30.241086],[120.131899,30.241075]]}},{"type":"Feature","properties":{"kind":"road","osmId":"way/975338146","roadClass":"unclassified"},"geometry":{"type":"LineString","coordinates":[[120.131908,30.241033],[120.13205,30.240752]]}},{"type":"Feature","properties":{"kind":"road","osmId":"way/975338147","roadClass":"unclassified"},"geometry":{"type":"LineString","coordinates":[[120.130413,30.240033],[120.13049,30.239897]]}},{"type":"Feature","properties":{"kind":"road","osmId":"way/975338148","roadClass":"unclassified"},"geometry":{"type":"LineString","coordinates":[[120.13049,30.239897],[120.130604,30.239702]]}},{"type":"Feature","properties":{"kind":"road","osmId":"way/975338153","roadClass":"unclassified"},"geometry":{"type":"LineString","coordinates":[[120.129734,30.237964],[120.129834,30.238048]]}},{"type":"Feature","properties":{"kind":"road","osmId":"way/975338154","roadClass":"unclassified"},"geometry":{"type":"LineString","coordinates":[[120.129834,30.238048],[120.130064,30.238253]]}},{"type":"Feature","properties":{"kind":"water","osmId":"way/975338234"},"geometry":{"type":"Polygon","coordinates":[[[120.128648,30.237284],[120.128292,30.236922],[120.128366,30.236808],[120.128316,30.2367],[120.128604,30.237067],[120.128709,30.236993],[120.128885,30.23717],[120.128747,30.237337],[120.128648,30.237284]]]}},{"type":"Feature","properties":{"kind":"water","osmId":"way/975338235"},"geometry":{"type":"Polygon","coordinates":[[[120.12901,30.236959],[120.128961,30.236825],[120.129258,30.236662],[120.129134,30.236773],[120.129188,30.236849],[120.12901,30.236959]]]}},{"type":"Feature","properties":{"kind":"road","osmId":"way/975338250","roadClass":"unclassified"},"geometry":{"type":"LineString","coordinates":[[120.127733,30.237798],[120.126786,30.23749],[120.126335,30.237731],[120.125915,30.237506]]}},{"type":"Feature","properties":{"kind":"water","osmId":"way/975339621"},"geometry":{"type":"Polygon","coordinates":[[[120.131617,30.24152],[120.13152,30.241477],[120.131617,30.241336],[120.13171,30.241393],[120.131617,30.24152]]]}},{"type":"Feature","properties":{"kind":"water","osmId":"way/975339628"},"geometry":{"type":"Polygon","coordinates":[[[120.12361,30.240415],[120.123412,30.240365],[120.123468,30.240214],[120.123738,30.240311],[120.12375,30.240418],[120.12361,30.240415]]]}},{"type":"Feature","properties":{"kind":"park","osmId":"way/975340430","name":"Viewing Fish at Flower Pond"},"geometry":{"type":"Polygon","coordinates":[[[120.130383,30.234571],[120.131018,30.234738],[120.131258,30.234897],[120.131092,30.235212],[120.131162,30.23558],[120.131375,30.235688],[120.131536,30.235623],[120.133042,30.233935],[120.133636,30.233899],[120.133785,30.233663],[120.134822,30.23448],[120.134899,30.234656],[120.135406,30.234743],[120.136565,30.234562],[120.137387,30.23482],[120.137802,30.234129],[120.137729,30.234074],[120.137796,30.233893],[120.137653,30.2334],[120.136857,30.233027],[120.135981,30.2315],[120.137265,30.229898],[120.135017,30.228904],[120.134699,30.228874],[120.130383,30.234571]]]}},{"type":"Feature","properties":{"kind":"road","osmId":"way/975343811","roadClass":"unclassified"},"geometry":{"type":"LineString","coordinates":[[120.124157,30.234902],[120.124342,30.235003]]}},{"type":"Feature","properties":{"kind":"road","osmId":"way/975343812","roadClass":"unclassified"},"geometry":{"type":"LineString","coordinates":[[120.122992,30.235307],[120.123137,30.235658]]}},{"type":"Feature","properties":{"kind":"water","osmId":"way/975343820"},"geometry":{"type":"Polygon","coordinates":[[[120.123793,30.234871],[120.123786,30.234714],[120.123944,30.234769],[120.123793,30.234871]]]}},{"type":"Feature","properties":{"kind":"road","osmId":"way/975346191","roadClass":"residential"},"geometry":{"type":"LineString","coordinates":[[120.125266,30.234166],[120.125421,30.234142],[120.125345,30.233981],[120.125484,30.233923],[120.125657,30.234112],[120.125922,30.234134],[120.125788,30.234299],[120.12593,30.234778],[120.126344,30.235091],[120.126937,30.235323]]}},{"type":"Feature","properties":{"kind":"water","osmId":"way/975346721"},"geometry":{"type":"Polygon","coordinates":[[[120.126737,30.245193],[120.127875,30.245393],[120.127891,30.245314],[120.127853,30.245219],[120.1268,30.244991],[120.126737,30.245193]]]}},{"type":"Feature","properties":{"kind":"road","osmId":"way/975356949","roadClass":"unclassified"},"geometry":{"type":"LineString","coordinates":[[120.139912,30.227981],[120.140369,30.228412],[120.141002,30.229613],[120.141628,30.230017],[120.141696,30.231387]]}},{"type":"Feature","properties":{"kind":"park","osmId":"way/975356953","name":"太子湾公园"},"geometry":{"type":"Polygon","coordinates":[[[120.13485,30.228678],[120.136467,30.227618],[120.137642,30.227105],[120.138665,30.2269],[120.138928,30.227068],[120.138928,30.227677],[120.139195,30.227901],[120.140218,30.228407],[120.140396,30.228832],[120.139204,30.23057],[120.13749,30.229759],[120.13485,30.228678]]]}},{"type":"Feature","properties":{"kind":"park","osmId":"way/975360503","name":"Three Ponds Mirroring the Moon"},"geometry":{"type":"Polygon","coordinates":[[[120.139519,30.242609],[120.138481,30.240984],[120.138402,30.240492],[120.139173,30.238867],[120.139562,30.238674],[120.140175,30.238761],[120.142366,30.239944],[120.142575,30.240648],[120.142265,30.24208],[120.141948,30.242453],[120.141162,30.242921],[120.140413,30.24302],[120.140002,30.24297],[120.139519,30.242609]]]}},{"type":"Feature","properties":{"kind":"park","osmId":"way/975360504","name":"Leifeng Pagoda in Evening Glow"},"geometry":{"type":"Polygon","coordinates":[[[120.140701,30.234434],[120.140658,30.234135],[120.140737,30.233836],[120.141739,30.232703],[120.141162,30.232086],[120.141379,30.231713],[120.141985,30.231655],[120.14575,30.232331],[120.147595,30.232024],[120.148464,30.232146],[120.148053,30.233274],[120.147522,30.234073],[120.146812,30.234831],[120.146071,30.234521],[120.145425,30.235072],[120.145099,30.235209],[120.144462,30.235164],[120.144175,30.235257],[120.144145,30.235667],[120.143738,30.236046],[120.143134,30.235761],[120.142328,30.235602],[120.141471,30.235172],[120.140701,30.234434]]]}},{"type":"Feature","properties":{"kind":"road","osmId":"way/975710338","roadClass":"unclassified"},"geometry":{"type":"LineString","coordinates":[[120.132757,30.231208],[120.132568,30.230958],[120.132327,30.230909],[120.131763,30.231377]]}},{"type":"Feature","properties":{"kind":"park","osmId":"way/975710349","name":"三台云水"},"geometry":{"type":"Polygon","coordinates":[[[120.127763,30.23103],[120.128208,30.230796],[120.130238,30.22821],[120.131402,30.228105],[120.132404,30.227566],[120.133198,30.22693],[120.133645,30.226783],[120.133754,30.22762],[120.134537,30.228668],[120.133313,30.230441],[120.132401,30.229858],[120.131992,30.229756],[120.131645,30.229827],[120.130082,30.231402],[120.129638,30.232049],[120.128682,30.231824],[120.127763,30.23103]]]}},{"type":"Feature","properties":{"kind":"park","osmId":"way/975710351","name":"Wind and Lotus at the Crooked Courtyard"},"geometry":{"type":"Polygon","coordinates":[[[120.126689,30.254468],[120.126226,30.253992],[120.126187,30.253225],[120.12624,30.251297],[120.12655,30.248939],[120.128543,30.248996],[120.129358,30.249222],[120.129697,30.249587],[120.131011,30.250131],[120.130946,30.250373],[120.13163,30.25064],[120.130856,30.253034],[120.130952,30.253301],[120.130767,30.253877],[120.129578,30.254113],[120.128888,30.254113],[120.127978,30.254339],[120.127104,30.254319],[120.126689,30.254468]]]}},{"type":"Feature","properties":{"kind":"water","osmId":"way/975710363"},"geometry":{"type":"Polygon","coordinates":[[[120.127561,30.246397],[120.127154,30.246291],[120.127231,30.245976],[120.127422,30.245881],[120.127307,30.245809],[120.127345,30.245666],[120.127513,30.245662],[120.127576,30.245761],[120.127407,30.245994],[120.127665,30.246101],[120.127561,30.246397]]]}},{"type":"Feature","properties":{"kind":"water","osmId":"way/975717949"},"geometry":{"type":"Polygon","coordinates":[[[120.126253,30.230393],[120.126213,30.230206],[120.12635,30.23019],[120.126383,30.230374],[120.126253,30.230393]]]}},{"type":"Feature","properties":{"kind":"road","osmId":"way/975722387","roadClass":"unclassified"},"geometry":{"type":"LineString","coordinates":[[120.127287,30.230234],[120.127818,30.229763],[120.127905,30.229581],[120.127883,30.228912],[120.128101,30.228221],[120.129075,30.227644]]}},{"type":"Feature","properties":{"kind":"road","osmId":"way/975722388","roadClass":"unclassified"},"geometry":{"type":"LineString","coordinates":[[120.128085,30.22825],[120.126878,30.227009]]}},{"type":"Feature","properties":{"kind":"road","osmId":"way/975722410","roadClass":"unclassified"},"geometry":{"type":"LineString","coordinates":[[120.126878,30.227009],[120.126355,30.226779],[120.126302,30.226586],[120.126673,30.226127],[120.127144,30.226009],[120.12736,30.226039],[120.127637,30.226249],[120.128246,30.226351],[120.12877,30.226927]]}},{"type":"Feature","properties":{"kind":"road","osmId":"way/975875387","roadClass":"unclassified"},"geometry":{"type":"LineString","coordinates":[[120.134272,30.256222],[120.134951,30.256717],[120.136384,30.257082]]}},{"type":"Feature","properties":{"kind":"water","osmId":"way/976000561"},"geometry":{"type":"Polygon","coordinates":[[[120.122976,30.253188],[120.122971,30.253034],[120.123153,30.253097],[120.123212,30.253036],[120.123206,30.253187],[120.122976,30.253188]]]}},{"type":"Feature","properties":{"kind":"road","osmId":"way/976000565","roadClass":"unclassified"},"geometry":{"type":"LineString","coordinates":[[120.121902,30.253424],[120.121915,30.2533]]}},{"type":"Feature","properties":{"kind":"road","osmId":"way/976816600","name":"Nanshan Road","roadClass":"secondary"},"geometry":{"type":"LineString","coordinates":[[120.156024,30.250922],[120.155893,30.250101]]}},{"type":"Feature","properties":{"kind":"road","osmId":"way/976816607","name":"Nanshan Road","roadClass":"secondary"},"geometry":{"type":"LineString","coordinates":[[120.156052,30.24886],[120.156085,30.24835]]}},{"type":"Feature","properties":{"kind":"park","osmId":"way/976816615","name":"Changqiao Park"},"geometry":{"type":"Polygon","coordinates":[[[120.150461,30.235012],[120.14967,30.23407],[120.149527,30.233776],[120.1494,30.232825],[120.148517,30.232392],[120.148655,30.232112],[120.150739,30.23251],[120.150709,30.233322],[120.150527,30.234413],[120.150659,30.23498],[120.150461,30.235012]]]}},{"type":"Feature","properties":{"kind":"water","osmId":"way/979195312"},"geometry":{"type":"Polygon","coordinates":[[[120.154751,30.250349],[120.155692,30.250149],[120.154754,30.250245],[120.154703,30.250387],[120.154751,30.250349]]]}},{"type":"Feature","properties":{"kind":"road","osmId":"way/979207039","name":"绿杨路","roadClass":"unclassified"},"geometry":{"type":"LineString","coordinates":[[120.155451,30.247098],[120.154335,30.2475]]}},{"type":"Feature","properties":{"kind":"water","osmId":"way/979207060"},"geometry":{"type":"Polygon","coordinates":[[[120.15234,30.245575],[120.152265,30.245421],[120.152437,30.245362],[120.152501,30.245516],[120.15234,30.245575]]]}},{"type":"Feature","properties":{"kind":"water","osmId":"way/979207061"},"geometry":{"type":"Polygon","coordinates":[[[120.152255,30.245373],[120.15219,30.245234],[120.152353,30.245175],[120.15242,30.245317],[120.152255,30.245373]]]}},{"type":"Feature","properties":{"kind":"park","osmId":"way/979207133","name":"五公园"},"geometry":{"type":"Polygon","coordinates":[[[120.154805,30.25913],[120.154317,30.258955],[120.154274,30.258747],[120.15484,30.25842],[120.155372,30.257492],[120.155843,30.257686],[120.154805,30.25913]]]}},{"type":"Feature","properties":{"kind":"park","osmId":"way/979538002"},"geometry":{"type":"Polygon","coordinates":[[[120.123437,30.249249],[120.123437,30.249135],[120.123596,30.249148],[120.123587,30.24925],[120.123437,30.249249]]]}},{"type":"Feature","properties":{"kind":"park","osmId":"way/979538003"},"geometry":{"type":"Polygon","coordinates":[[[120.123615,30.249538],[120.12362,30.24939],[120.123934,30.249413],[120.124012,30.249226],[120.123972,30.249545],[120.123841,30.249477],[120.123615,30.249538]]]}},{"type":"Feature","properties":{"kind":"water","osmId":"way/979538042"},"geometry":{"type":"Polygon","coordinates":[[[120.121492,30.247545],[120.121433,30.247423],[120.121568,30.247019],[120.121393,30.24688],[120.121598,30.246879],[120.121492,30.247545]]]}},{"type":"Feature","properties":{"kind":"road","osmId":"way/979542930","roadClass":"unclassified"},"geometry":{"type":"LineString","coordinates":[[120.12087,30.244862],[120.12114,30.245272],[120.124343,30.246044]]}},{"type":"Feature","properties":{"kind":"road","osmId":"way/979542936","roadClass":"unclassified"},"geometry":{"type":"LineString","coordinates":[[120.121955,30.245468],[120.121634,30.246454]]}},{"type":"Feature","properties":{"kind":"road","osmId":"way/979542949","roadClass":"unclassified"},"geometry":{"type":"LineString","coordinates":[[120.122776,30.245654],[120.122893,30.245481],[120.123237,30.245428],[120.123557,30.245563],[120.123602,30.245838]]}},{"type":"Feature","properties":{"kind":"road","osmId":"way/979542950","roadClass":"unclassified"},"geometry":{"type":"LineString","coordinates":[[120.123319,30.245448],[120.123444,30.24502]]}},{"type":"Feature","properties":{"kind":"road","osmId":"way/979542951","roadClass":"unclassified"},"geometry":{"type":"LineString","coordinates":[[120.121955,30.245468],[120.121915,30.245095],[120.122413,30.244757]]}},{"type":"Feature","properties":{"kind":"road","osmId":"way/979542952","roadClass":"unclassified"},"geometry":{"type":"LineString","coordinates":[[120.122413,30.244757],[120.123444,30.24502]]}},{"type":"Feature","properties":{"kind":"road","osmId":"way/979542955","roadClass":"unclassified"},"geometry":{"type":"LineString","coordinates":[[120.122413,30.244757],[120.122678,30.244213]]}},{"type":"Feature","properties":{"kind":"water","osmId":"way/979542972"},"geometry":{"type":"Polygon","coordinates":[[[120.124724,30.246263],[120.124601,30.246223],[120.124611,30.2461],[120.124853,30.246125],[120.124838,30.246257],[120.124724,30.246263]]]}},{"type":"Feature","properties":{"kind":"water","osmId":"way/979542973"},"geometry":{"type":"Polygon","coordinates":[[[120.125004,30.246951],[120.124878,30.246711],[120.124972,30.246584],[120.125131,30.246858],[120.125004,30.246951]]]}},{"type":"Feature","properties":{"kind":"water","osmId":"way/979543006"},"geometry":{"type":"Polygon","coordinates":[[[120.125966,30.244624],[120.125769,30.244535],[120.126033,30.244487],[120.126004,30.244273],[120.126162,30.244259],[120.126372,30.244407],[120.126233,30.24461],[120.125966,30.244624]]]}},{"type":"Feature","properties":{"kind":"water","osmId":"way/979543007"},"geometry":{"type":"Polygon","coordinates":[[[120.125714,30.244312],[120.125756,30.24415],[120.125875,30.244125],[120.125714,30.244312]]]}},{"type":"Feature","properties":{"kind":"water","osmId":"way/979543008"},"geometry":{"type":"Polygon","coordinates":[[[120.124783,30.245791],[120.12458,30.245688],[120.124464,30.245289],[120.124586,30.24505],[120.125334,30.245275],[120.125398,30.245184],[120.125244,30.245],[120.125466,30.245033],[120.125576,30.244841],[120.125505,30.244791],[120.126127,30.244908],[120.126427,30.244855],[120.126609,30.244289],[120.126478,30.244861],[120.126601,30.244999],[120.126564,30.245124],[120.126388,30.245139],[120.12623,30.245423],[120.126372,30.245573],[120.125885,30.245412],[120.125817,30.245248],[120.125463,30.245217],[120.125234,30.245387],[120.125302,30.245668],[120.125118,30.245791],[120.124783,30.245791]]]}},{"type":"Feature","properties":{"kind":"road","osmId":"way/979543010","roadClass":"unclassified"},"geometry":{"type":"LineString","coordinates":[[120.126228,30.245836],[120.126507,30.24589]]}},{"type":"Feature","properties":{"kind":"road","osmId":"way/979543011","roadClass":"unclassified"},"geometry":{"type":"LineString","coordinates":[[120.126507,30.24589],[120.126992,30.245976]]}},{"type":"Feature","properties":{"kind":"road","osmId":"way/979543012","roadClass":"unclassified"},"geometry":{"type":"LineString","coordinates":[[120.126228,30.245836],[120.125904,30.245824]]}},{"type":"Feature","properties":{"kind":"road","osmId":"way/979543013","roadClass":"unclassified"},"geometry":{"type":"LineString","coordinates":[[120.124343,30.246044],[120.124626,30.245917],[120.125904,30.245824]]}},{"type":"Feature","properties":{"kind":"road","osmId":"way/981498813","roadClass":"unclassified"},"geometry":{"type":"LineString","coordinates":[[120.120627,30.241436],[120.121957,30.242651],[120.121954,30.24288]]}},{"type":"Feature","properties":{"kind":"road","osmId":"way/981498833","roadClass":"unclassified"},"geometry":{"type":"LineString","coordinates":[[120.119825,30.240555],[120.120327,30.240619],[120.120654,30.240848],[120.120627,30.241436]]}},{"type":"Feature","properties":{"kind":"road","osmId":"way/981498845","roadClass":"unclassified"},"geometry":{"type":"LineString","coordinates":[[120.11908,30.240168],[120.11934,30.240409],[120.119825,30.240555]]}},{"type":"Feature","properties":{"kind":"water","osmId":"way/981501694"},"geometry":{"type":"Polygon","coordinates":[[[120.119509,30.242766],[120.119624,30.242325],[120.11971,30.24229],[120.119689,30.24252],[120.119509,30.242766]]]}},{"type":"Feature","properties":{"kind":"water","osmId":"way/981501716"},"geometry":{"type":"Polygon","coordinates":[[[120.120036,30.241281],[120.119958,30.241062],[120.120117,30.240948],[120.120169,30.241005],[120.120036,30.241281]]]}},{"type":"Feature","properties":{"kind":"water","osmId":"way/981501717"},"geometry":{"type":"Polygon","coordinates":[[[120.12033,30.24097],[120.120221,30.240911],[120.120475,30.240909],[120.12033,30.24097]]]}},{"type":"Feature","properties":{"kind":"road","osmId":"way/981507994","roadClass":"unclassified"},"geometry":{"type":"LineString","coordinates":[[120.125946,30.237479],[120.125836,30.237375]]}},{"type":"Feature","properties":{"kind":"road","osmId":"way/981507995","roadClass":"unclassified"},"geometry":{"type":"LineString","coordinates":[[120.124679,30.237055],[120.124789,30.237227],[120.125647,30.237486],[120.126079,30.237136],[120.126174,30.236637],[120.125741,30.236217],[120.124961,30.236201],[120.124782,30.236438],[120.124679,30.237055]]}},{"type":"Feature","properties":{"kind":"road","osmId":"way/981507996","roadClass":"unclassified"},"geometry":{"type":"LineString","coordinates":[[120.124876,30.23623],[120.124992,30.23564],[120.125757,30.235733],[120.125741,30.236217]]}},{"type":"Feature","properties":{"kind":"road","osmId":"way/981507997","roadClass":"unclassified"},"geometry":{"type":"LineString","coordinates":[[120.125142,30.238569],[120.124416,30.238472],[120.124178,30.238337],[120.123804,30.237941],[120.123876,30.237409],[120.123712,30.237198],[120.124063,30.236772],[120.124889,30.236174]]}},{"type":"Feature","properties":{"kind":"water","osmId":"way/981508084"},"geometry":{"type":"Polygon","coordinates":[[[120.125014,30.235148],[120.124961,30.235112],[120.125128,30.234737],[120.125539,30.234805],[120.125582,30.234997],[120.125014,30.235148]]]}},{"type":"Feature","properties":{"kind":"water","osmId":"way/981508097"},"geometry":{"type":"Polygon","coordinates":[[[120.125655,30.237296],[120.125638,30.237199],[120.125769,30.237189],[120.125655,30.237296]]]}},{"type":"Feature","properties":{"kind":"road","osmId":"way/981517129","roadClass":"unclassified"},"geometry":{"type":"LineString","coordinates":[[120.12087,30.244862],[120.12036,30.244701]]}},{"type":"Feature","properties":{"kind":"road","osmId":"way/981517130","roadClass":"unclassified"},"geometry":{"type":"LineString","coordinates":[[120.122678,30.244213],[120.123376,30.244438],[120.12316,30.244948]]}},{"type":"Feature","properties":{"kind":"road","osmId":"way/981517131","roadClass":"residential"},"geometry":{"type":"LineString","coordinates":[[120.118576,30.23821],[120.119297,30.238176],[120.119639,30.23802],[120.11985,30.238108]]}},{"type":"Feature","properties":{"kind":"water","osmId":"way/981517168"},"geometry":{"type":"Polygon","coordinates":[[[120.118493,30.234768],[120.118421,30.234611],[120.118486,30.234441],[120.118726,30.2342],[120.119106,30.234328],[120.119026,30.234555],[120.118953,30.234542],[120.118943,30.234774],[120.118854,30.234553],[120.118671,30.234588],[120.118493,30.234768]]]}},{"type":"Feature","properties":{"kind":"road","osmId":"way/981626783","name":"Longjingzhi Road","roadClass":"tertiary"},"geometry":{"type":"LineString","coordinates":[[120.122054,30.238675],[120.12152,30.238234]]}},{"type":"Feature","properties":{"kind":"road","osmId":"way/981626784","name":"Longjingzhi Road","roadClass":"tertiary"},"geometry":{"type":"LineString","coordinates":[[120.122096,30.23871],[120.122054,30.238675]]}},{"type":"Feature","properties":{"kind":"road","osmId":"way/981626785","name":"Santaishan Road","roadClass":"tertiary"},"geometry":{"type":"LineString","coordinates":[[120.12152,30.238234],[120.121724,30.238075]]}},{"type":"Feature","properties":{"kind":"road","osmId":"way/981626786","name":"Santaishan Road","roadClass":"tertiary"},"geometry":{"type":"LineString","coordinates":[[120.121724,30.238075],[120.121766,30.238042]]}},{"type":"Feature","properties":{"kind":"road","osmId":"way/981626787","roadClass":"residential"},"geometry":{"type":"LineString","coordinates":[[120.119656,30.235108],[120.119728,30.235082]]}},{"type":"Feature","properties":{"kind":"road","osmId":"way/981626788","roadClass":"residential"},"geometry":{"type":"LineString","coordinates":[[120.119728,30.235082],[120.119781,30.235063]]}},{"type":"Feature","properties":{"kind":"park","osmId":"way/1107037577","name":"万松书院"},"geometry":{"type":"Polygon","coordinates":[[[120.155783,30.230521],[120.155098,30.231219],[120.154731,30.230796],[120.155355,30.230232],[120.155621,30.229769],[120.155245,30.229169],[120.154645,30.229016],[120.154477,30.228448],[120.154533,30.227989],[120.154703,30.227564],[120.155393,30.227307],[120.155781,30.22741],[120.156216,30.22768],[120.157359,30.229255],[120.157279,30.22977],[120.157095,30.229995],[120.155783,30.230521]]]}},{"type":"Feature","properties":{"kind":"water","osmId":"way/1107037582"},"geometry":{"type":"Polygon","coordinates":[[[120.148828,30.226211],[120.148578,30.225828],[120.14958,30.224948],[120.149637,30.22516],[120.149456,30.225807],[120.148828,30.226211]]]}},{"type":"Feature","properties":{"kind":"road","osmId":"way/1107037586","roadClass":"residential"},"geometry":{"type":"LineString","coordinates":[[120.149434,30.228907],[120.15058,30.228567],[120.151595,30.228099],[120.151514,30.227404],[120.151878,30.227426],[120.152281,30.227801],[120.152878,30.228746]]}},{"type":"Feature","properties":{"kind":"road","osmId":"way/1107432231","name":"West Lake Tunnel","roadClass":"primary"},"geometry":{"type":"LineString","coordinates":[[120.156267,30.251289],[120.156133,30.251051]]}},{"type":"Feature","properties":{"kind":"park","osmId":"way/1151997701","name":"Zizhu Garden"},"geometry":{"type":"Polygon","coordinates":[[[120.15664,30.248417],[120.156272,30.248441],[120.156247,30.248656],[120.156551,30.248679],[120.156452,30.24886],[120.156577,30.248865],[120.15664,30.248417]]]}},{"type":"Feature","properties":{"kind":"road","osmId":"way/1217844587","name":"Wansongling Road","roadClass":"tertiary"},"geometry":{"type":"LineString","coordinates":[[120.16385,30.228227],[120.162791,30.228128],[120.162431,30.228175],[120.161156,30.2289],[120.159265,30.229629],[120.157496,30.229983],[120.156268,30.230386],[120.155597,30.230783],[120.154919,30.231868]]}},{"type":"Feature","properties":{"kind":"road","osmId":"way/1363549454","name":"桃源岭","roadClass":"unclassified"},"geometry":{"type":"LineString","coordinates":[[120.119556,30.254845],[120.119416,30.254661]]}},{"type":"Feature","properties":{"kind":"road","osmId":"way/1363549455","name":"桃源岭","roadClass":"unclassified"},"geometry":{"type":"LineString","coordinates":[[120.120004,30.255347],[120.119556,30.254845]]}},{"type":"Feature","properties":{"kind":"road","osmId":"way/1363549456","name":"Yugu Road","roadClass":"tertiary"},"geometry":{"type":"LineString","coordinates":[[120.119927,30.254638],[120.119716,30.253837]]}},{"type":"Feature","properties":{"kind":"road","osmId":"way/1363549457","name":"Yugu Road","roadClass":"tertiary"},"geometry":{"type":"LineString","coordinates":[[120.120034,30.256033],[120.120004,30.255347]]}},{"type":"Feature","properties":{"kind":"road","osmId":"way/1363790563","name":"Lingyin Road","roadClass":"secondary"},"geometry":{"type":"LineString","coordinates":[[120.12367,30.25511],[120.1235,30.255003]]}},{"type":"Feature","properties":{"kind":"road","osmId":"way/1363790573","name":"Longjing Road","roadClass":"tertiary"},"geometry":{"type":"LineString","coordinates":[[120.119291,30.242011],[120.119569,30.241498],[120.119794,30.240703],[120.11985,30.239478],[120.120183,30.239109],[120.12152,30.238234]]}},{"type":"Feature","properties":{"kind":"road","osmId":"way/1363790580","name":"Nanshan Road","roadClass":"primary"},"geometry":{"type":"LineString","coordinates":[[120.151219,30.235772],[120.150977,30.235518]]}},{"type":"Feature","properties":{"kind":"road","osmId":"way/1363790590","name":"Kaiyuan Road","roadClass":"tertiary"},"geometry":{"type":"LineString","coordinates":[[120.155893,30.250101],[120.156031,30.250102]]}},{"type":"Feature","properties":{"kind":"road","osmId":"way/1363790591","name":"南山路","roadClass":"secondary"},"geometry":{"type":"LineString","coordinates":[[120.156215,30.248349],[120.156031,30.250102]]}},{"type":"Feature","properties":{"kind":"road","osmId":"way/1363790592","name":"南山路","roadClass":"primary"},"geometry":{"type":"LineString","coordinates":[[120.150977,30.235518],[120.15131,30.235629]]}},{"type":"Feature","properties":{"kind":"road","osmId":"way/1363790593","name":"Wansongling Road","roadClass":"tertiary"},"geometry":{"type":"LineString","coordinates":[[120.15131,30.235629],[120.151219,30.235772]]}},{"type":"Feature","properties":{"kind":"road","osmId":"way/1363867509","name":"Nanshan Road","roadClass":"secondary"},"geometry":{"type":"LineString","coordinates":[[120.156085,30.24835],[120.156088,30.248239]]}},{"type":"Feature","properties":{"kind":"road","osmId":"way/1363867510","name":"南山路","roadClass":"secondary"},"geometry":{"type":"LineString","coordinates":[[120.15671,30.251753],[120.156024,30.250922]]}},{"type":"Feature","properties":{"kind":"road","osmId":"way/1365049194","name":"Nanshan Road","roadClass":"secondary"},"geometry":{"type":"LineString","coordinates":[[120.153439,30.241635],[120.153527,30.240714]]}},{"type":"Feature","properties":{"kind":"road","osmId":"way/1365049195","name":"南山路","roadClass":"secondary"},"geometry":{"type":"LineString","coordinates":[[120.153632,30.241664],[120.153455,30.242661]]}},{"type":"Feature","properties":{"kind":"road","osmId":"way/1365049201","name":"Yan'an Road","roadClass":"secondary"},"geometry":{"type":"LineString","coordinates":[[120.159749,30.248334],[120.159797,30.24824]]}},{"type":"Feature","properties":{"kind":"road","osmId":"way/1366299783","name":"Yan'an Road","roadClass":"secondary"},"geometry":{"type":"LineString","coordinates":[[120.160038,30.244745],[120.159983,30.245952]]}},{"type":"Feature","properties":{"kind":"road","osmId":"way/1366299787","name":"Nanshan Road","roadClass":"secondary"},"geometry":{"type":"LineString","coordinates":[[120.141693,30.231572],[120.141073,30.231514],[120.140255,30.231206]]}},{"type":"Feature","properties":{"kind":"road","osmId":"way/1366299788","name":"Nanshan Road","roadClass":"secondary"},"geometry":{"type":"LineString","coordinates":[[120.144473,30.231989],[120.141693,30.231572]]}},{"type":"Feature","properties":{"kind":"road","osmId":"way/1366299789","roadClass":"unclassified"},"geometry":{"type":"LineString","coordinates":[[120.141696,30.231387],[120.141693,30.231572]]}},{"type":"Feature","properties":{"kind":"road","osmId":"way/1366299790","name":"Yanggong Causeway","roadClass":"secondary"},"geometry":{"type":"LineString","coordinates":[[120.127849,30.24236],[120.125303,30.240094],[120.125072,30.239688],[120.124974,30.239232],[120.125055,30.238758]]}},{"type":"Feature","properties":{"kind":"road","osmId":"way/1366299791","name":"Longjingzhi Road","roadClass":"tertiary"},"geometry":{"type":"LineString","coordinates":[[120.125055,30.238758],[120.125198,30.238796]]}},{"type":"Feature","properties":{"kind":"road","osmId":"way/1366299797","name":"Yanggong Causeway","roadClass":"secondary"},"geometry":{"type":"LineString","coordinates":[[120.125198,30.238796],[120.125097,30.239234],[120.125198,30.239617],[120.125508,30.240055],[120.128124,30.242217]]}},{"type":"Feature","properties":{"kind":"road","osmId":"way/1366299798","name":"Nanshan Road","roadClass":"secondary"},"geometry":{"type":"LineString","coordinates":[[120.134718,30.228713],[120.134606,30.228656]]}},{"type":"Feature","properties":{"kind":"road","osmId":"way/1366299799","name":"南山路","roadClass":"secondary"},"geometry":{"type":"LineString","coordinates":[[120.15746,30.252317],[120.156908,30.251981],[120.15671,30.251753]]}},{"type":"Feature","properties":{"kind":"road","osmId":"way/1366658370","name":"Yan'an Road","roadClass":"secondary"},"geometry":{"type":"LineString","coordinates":[[120.159983,30.245952],[120.159967,30.246312]]}},{"type":"Feature","properties":{"kind":"road","osmId":"way/1366658371","name":"Yan'an Road","roadClass":"secondary"},"geometry":{"type":"LineString","coordinates":[[120.159947,30.245065],[120.159955,30.244873]]}},{"type":"Feature","properties":{"kind":"road","osmId":"way/1366658374","name":"Wushan Road","roadClass":"unclassified"},"geometry":{"type":"LineString","coordinates":[[120.160425,30.257661],[120.160437,30.257931]]}},{"type":"Feature","properties":{"kind":"road","osmId":"way/1366658375","name":"Wushan Road","roadClass":"unclassified"},"geometry":{"type":"LineString","coordinates":[[120.16042,30.257557],[120.160425,30.257661]]}},{"type":"Feature","properties":{"kind":"road","osmId":"way/1366658376","name":"Wushan Road","roadClass":"unclassified"},"geometry":{"type":"LineString","coordinates":[[120.160416,30.257466],[120.16042,30.257557]]}},{"type":"Feature","properties":{"kind":"road","osmId":"way/1366658377","name":"Wushan Road","roadClass":"unclassified"},"geometry":{"type":"LineString","coordinates":[[120.160413,30.257344],[120.160416,30.257466]]}},{"type":"Feature","properties":{"kind":"road","osmId":"way/1366658387","name":"Hefang Street","roadClass":"tertiary"},"geometry":{"type":"LineString","coordinates":[[120.153439,30.241635],[120.153632,30.241664]]}},{"type":"Feature","properties":{"kind":"road","osmId":"way/1370934396","name":"Yuquan Road","roadClass":"tertiary"},"geometry":{"type":"LineString","coordinates":[[120.123361,30.255211],[120.12367,30.25511]]}},{"type":"Feature","properties":{"kind":"road","osmId":"way/1371577798","name":"南山路","roadClass":"primary"},"geometry":{"type":"LineString","coordinates":[[120.156118,30.250868],[120.156213,30.250993]]}},{"type":"Feature","properties":{"kind":"road","osmId":"way/1371577799","name":"Jiangjun Road","roadClass":"tertiary"},"geometry":{"type":"LineString","coordinates":[[120.156118,30.250868],[120.155988,30.250867]]}},{"type":"Feature","properties":{"kind":"road","osmId":"way/1371577800","name":"Jiangjun Road","roadClass":"tertiary"},"geometry":{"type":"LineString","coordinates":[[120.16173,30.250859],[120.159562,30.250893]]}},{"type":"Feature","properties":{"kind":"road","osmId":"way/1371577801","name":"Yan'an Road","roadClass":"secondary"},"geometry":{"type":"LineString","coordinates":[[120.159504,30.252625],[120.159562,30.250893]]}},{"type":"Feature","properties":{"kind":"water","osmId":"way/1373341971"},"geometry":{"type":"Polygon","coordinates":[[[120.148403,30.226967],[120.148418,30.226511],[120.148063,30.226095],[120.147858,30.226194],[120.147796,30.226269],[120.147952,30.226795],[120.148403,30.226967]]]}},{"type":"Feature","properties":{"kind":"road","osmId":"way/1374185747","name":"Yan'an Road","roadClass":"secondary"},"geometry":{"type":"LineString","coordinates":[[120.159955,30.244873],[120.159961,30.244737]]}},{"type":"Feature","properties":{"kind":"road","osmId":"way/1374971780","name":"Nanshan Road","roadClass":"secondary"},"geometry":{"type":"LineString","coordinates":[[120.157833,30.252389],[120.158105,30.252545]]}},{"type":"Feature","properties":{"kind":"road","osmId":"way/1374971790","name":"Nanshan Road","roadClass":"secondary"},"geometry":{"type":"LineString","coordinates":[[120.157568,30.252255],[120.157833,30.252389]]}},{"type":"Feature","properties":{"kind":"road","osmId":"way/1374971791","name":"南山路","roadClass":"secondary"},"geometry":{"type":"LineString","coordinates":[[120.15622,30.248246],[120.156215,30.248349]]}},{"type":"Feature","properties":{"kind":"road","osmId":"way/1374971792","name":"Xihu Avenue","roadClass":"secondary"},"geometry":{"type":"LineString","coordinates":[[120.156215,30.248349],[120.156085,30.24835]]}},{"type":"Feature","properties":{"kind":"road","osmId":"way/1395935481","name":"Youdian Road","roadClass":"tertiary"},"geometry":{"type":"LineString","coordinates":[[120.160455,30.253997],[120.161749,30.25402]]}},{"type":"Feature","properties":{"kind":"road","osmId":"way/1408713282","name":"Fuqian Street","roadClass":"unclassified"},"geometry":{"type":"LineString","coordinates":[[120.156057,30.240489],[120.156068,30.241924]]}},{"type":"Feature","properties":{"kind":"road","osmId":"way/1423000702","name":"Lingyin Road","roadClass":"secondary"},"geometry":{"type":"LineString","coordinates":[[120.119716,30.253837],[120.119489,30.253453],[120.119034,30.251895],[120.11878,30.251369]]}},{"type":"Feature","properties":{"kind":"road","osmId":"way/1423000709","name":"Gushan Road","roadClass":"unclassified"},"geometry":{"type":"LineString","coordinates":[[120.140041,30.253362],[120.140206,30.253512]]}},{"type":"Feature","properties":{"kind":"road","osmId":"way/1423000710","name":"Gushan Road","roadClass":"unclassified"},"geometry":{"type":"LineString","coordinates":[[120.139847,30.253184],[120.140041,30.253362]]}},{"type":"Feature","properties":{"kind":"park","osmId":"way/1432259361"},"geometry":{"type":"Polygon","coordinates":[[[120.156144,30.24972],[120.156273,30.249728],[120.156311,30.249401],[120.15618,30.249388],[120.156144,30.24972]]]}},{"type":"Feature","properties":{"kind":"road","osmId":"way/1443179210","roadClass":"residential"},"geometry":{"type":"LineString","coordinates":[[120.132121,30.226361],[120.131766,30.226276],[120.131666,30.226208],[120.131698,30.226075]]}},{"type":"Feature","properties":{"kind":"road","osmId":"way/1453032096","name":"Xihu Avenue","roadClass":"secondary"},"geometry":{"type":"LineString","coordinates":[[120.157893,30.248351],[120.156215,30.248349]]}},{"type":"Feature","properties":{"kind":"road","osmId":"way/1453032097","name":"Laodong Road","roadClass":"tertiary"},"geometry":{"type":"LineString","coordinates":[[120.157637,30.24213],[120.157651,30.242223]]}},{"type":"Feature","properties":{"kind":"road","osmId":"way/1458187380","roadClass":"secondary"},"geometry":{"type":"LineString","coordinates":[[120.125667,30.255044],[120.125549,30.255055]]}},{"type":"Feature","properties":{"kind":"road","osmId":"way/1458187381","name":"Shuguang Road","roadClass":"secondary"},"geometry":{"type":"LineString","coordinates":[[120.125667,30.255044],[120.125615,30.255204],[120.125764,30.255771],[120.126274,30.257126],[120.126154,30.258928],[120.126499,30.260069],[120.126458,30.261674]]}},{"type":"Feature","properties":{"kind":"water","osmId":"way/1459205328"},"geometry":{"type":"Polygon","coordinates":[[[120.125555,30.247573],[120.125601,30.247924],[120.125636,30.247604],[120.125555,30.247573]]]}},{"type":"Feature","properties":{"kind":"water","osmId":"way/1459205329"},"geometry":{"type":"Polygon","coordinates":[[[120.125503,30.248828],[120.125569,30.24848],[120.125584,30.248808],[120.125503,30.248828]]]}},{"type":"Feature","properties":{"kind":"road","osmId":"way/1463033438","name":"Huimin Road","roadClass":"unclassified"},"geometry":{"type":"LineString","coordinates":[[120.160707,30.244804],[120.160038,30.244745]]}},{"type":"Feature","properties":{"kind":"road","osmId":"way/1470810037","name":"Yanggong Causeway","roadClass":"secondary"},"geometry":{"type":"LineString","coordinates":[[120.126151,30.254013],[120.125667,30.255044]]}},{"type":"Feature","properties":{"kind":"road","osmId":"way/1470810038","roadClass":"secondary"},"geometry":{"type":"LineString","coordinates":[[120.125549,30.255055],[120.125258,30.255082]]}},{"type":"Feature","properties":{"kind":"road","osmId":"way/1470810039","name":"Yanggong Causeway","roadClass":"secondary"},"geometry":{"type":"LineString","coordinates":[[120.125506,30.255212],[120.125549,30.255055]]}},{"type":"Feature","properties":{"kind":"park","osmId":"way/1476880969"},"geometry":{"type":"Polygon","coordinates":[[[120.135943,30.230532],[120.135531,30.230113],[120.135705,30.229987],[120.13608,30.230155],[120.136124,30.230303],[120.135924,30.230313],[120.135871,30.230412],[120.135991,30.23046],[120.135943,30.230532]]]}},{"type":"Feature","properties":{"kind":"park","osmId":"way/1476880970"},"geometry":{"type":"Polygon","coordinates":[[[120.134104,30.22971],[120.134758,30.228899],[120.135026,30.228948],[120.136987,30.229854],[120.13661,30.230074],[120.136712,30.230165],[120.136675,30.230241],[120.136139,30.230732],[120.135943,30.230532],[120.136124,30.230303],[120.136299,30.230339],[120.136376,30.230175],[120.136263,30.229996],[120.135973,30.229998],[120.135742,30.229858],[120.135554,30.229552],[120.13534,30.229718],[120.134355,30.229764],[120.134469,30.229858],[120.134282,30.230338],[120.134181,30.230389],[120.134037,30.230354],[120.134153,30.230285],[120.134176,30.229785],[120.134104,30.22971]]]}},{"type":"Feature","properties":{"kind":"park","osmId":"way/1476880971"},"geometry":{"type":"Polygon","coordinates":[[[120.134577,30.230196],[120.13472,30.230076],[120.13511,30.230003],[120.135281,30.230103],[120.135332,30.230282],[120.135069,30.230336],[120.134577,30.230196]]]}},{"type":"Feature","properties":{"kind":"park","osmId":"way/1476880973"},"geometry":{"type":"Polygon","coordinates":[[[120.135652,30.230772],[120.135799,30.230824],[120.135859,30.231009],[120.136086,30.231048],[120.136082,30.230885],[120.135458,30.230263],[120.135118,30.230421],[120.135283,30.230603],[120.135596,30.230538],[120.135695,30.230647],[120.135604,30.230686],[120.135652,30.230772]]]}},{"type":"Feature","properties":{"kind":"park","osmId":"way/1476880974"},"geometry":{"type":"Polygon","coordinates":[[[120.135293,30.231216],[120.135585,30.231318],[120.135554,30.231183],[120.135663,30.231001],[120.135436,30.230933],[120.135293,30.231216]]]}},{"type":"Feature","properties":{"kind":"park","osmId":"way/1476880975"},"geometry":{"type":"Polygon","coordinates":[[[120.134787,30.230946],[120.134382,30.230738],[120.134476,30.230336],[120.134923,30.23036],[120.134896,30.230555],[120.134722,30.230678],[120.134787,30.230946]]]}},{"type":"Feature","properties":{"kind":"road","osmId":"way/1566536082","name":"Wansongling Road","roadClass":"tertiary"},"geometry":{"type":"LineString","coordinates":[[120.154919,30.231868],[120.154826,30.232127]]}},{"type":"Feature","properties":{"kind":"road","osmId":"way/1566536083","name":"老玉皇山路","roadClass":"unclassified"},"geometry":{"type":"LineString","coordinates":[[120.147579,30.220328],[120.147859,30.220363],[120.148386,30.220961],[120.148455,30.221989],[120.148915,30.222508],[120.148604,30.222939],[120.148379,30.222962],[120.148061,30.222512],[120.147878,30.221535],[120.147623,30.221433],[120.147595,30.222611],[120.147704,30.223525]]}},{"type":"Feature","properties":{"kind":"road","osmId":"way/1566536084","name":"Wansongling Road","roadClass":"tertiary"},"geometry":{"type":"LineString","coordinates":[[120.154826,30.232127],[120.154839,30.233567],[120.154677,30.233922],[120.152837,30.235206],[120.15131,30.235629]]}},{"type":"Feature","properties":{"kind":"water","osmId":"relation/2134798"},"geometry":{"type":"MultiPolygon","coordinates":[[[[120.134794,30.232964],[120.135078,30.232557],[120.135445,30.232588],[120.135626,30.232493],[120.135651,30.232153],[120.13593,30.231985],[120.136123,30.232334],[120.135889,30.232926],[120.136466,30.233182],[120.136288,30.233475],[120.135533,30.233454],[120.134794,30.232964]],[[120.135395,30.232633],[120.13567,30.232709],[120.135675,30.233052],[120.135781,30.23313],[120.136295,30.233113],[120.136198,30.233336],[120.136007,30.23323],[120.135705,30.233258],[120.135535,30.233124],[120.135068,30.233009],[120.135355,30.23281],[120.135296,30.232638],[120.135395,30.232633]]]]}},{"type":"Feature","properties":{"kind":"water","osmId":"relation/2162646","name":"浴鹄湾"},"geometry":{"type":"MultiPolygon","coordinates":[[[[120.129656,30.231916],[120.129903,30.231095],[120.130632,30.230548],[120.130766,30.23033],[120.130729,30.23002],[120.130938,30.22983],[120.130884,30.229626],[120.131282,30.229362],[120.131255,30.229223],[120.13074,30.228986],[120.130611,30.228574],[120.13067,30.228453],[120.131963,30.228087],[120.132784,30.228365],[120.132724,30.228523],[120.132794,30.228699],[120.132969,30.228775],[120.133229,30.228518],[120.133452,30.228928],[120.133785,30.229202],[120.133477,30.22959],[120.133618,30.229626],[120.133578,30.229686],[120.133336,30.229797],[120.133331,30.230108],[120.132944,30.229886],[120.13251,30.229288],[120.1328,30.228949],[120.13266,30.228773],[120.132521,30.229014],[120.132408,30.229014],[120.132365,30.229224],[120.132129,30.229323],[120.13212,30.229443],[120.131426,30.229663],[120.130949,30.230284],[120.130944,30.230599],[120.130665,30.230882],[120.130643,30.231077],[120.130294,30.23129],[120.129742,30.231953],[120.129656,30.231916]],[[120.13115,30.229774],[120.131053,30.22968],[120.131144,30.229634],[120.13126,30.22973],[120.13115,30.229774]],[[120.13114,30.228976],[120.131234,30.228914],[120.131374,30.228976],[120.131221,30.229077],[120.13114,30.228976]]]]}},{"type":"Feature","properties":{"kind":"water","osmId":"relation/2162647"},"geometry":{"type":"MultiPolygon","coordinates":[[[[120.129863,30.235176],[120.130085,30.234819],[120.130093,30.234977],[120.130246,30.23497],[120.130258,30.234618],[120.130375,30.234511],[120.130796,30.234615],[120.130891,30.23472],[120.131139,30.23458],[120.131213,30.234368],[120.13141,30.234448],[120.131481,30.234364],[120.131493,30.234543],[120.131617,30.234631],[120.131794,30.234594],[120.131668,30.234784],[120.131711,30.234917],[120.131231,30.234958],[120.131129,30.235208],[120.131329,30.235636],[120.131239,30.235772],[120.131108,30.235603],[120.130488,30.235554],[120.13014,30.235351],[120.130014,30.235154],[120.129863,30.235176]],[[120.130261,30.235168],[120.130338,30.234843],[120.130666,30.23469],[120.131167,30.234917],[120.131119,30.235022],[120.130904,30.234945],[120.13081,30.235126],[120.130261,30.235168]],[[120.13047,30.235518],[120.130263,30.235216],[120.130499,30.235249],[120.130636,30.235439],[120.13047,30.235518]]]]}},{"type":"Feature","properties":{"kind":"water","osmId":"relation/2308774","name":"West Lake"},"geometry":{"type":"MultiPolygon","coordinates":[[[[120.141629,30.240891],[120.141612,30.240762],[120.141771,30.240718],[120.141784,30.240241],[120.141595,30.240103],[120.140985,30.240053],[120.139678,30.240336],[120.139282,30.240828],[120.139454,30.241347],[120.139546,30.241378],[120.140552,30.240985],[120.140483,30.240654],[120.140775,30.240644],[120.140947,30.240889],[120.141505,30.240762],[120.14155,30.240931],[120.141031,30.24105],[120.140895,30.241215],[120.140196,30.241288],[120.139544,30.24154],[120.140105,30.242184],[120.14063,30.242416],[120.141155,30.242159],[120.141329,30.241891],[120.141263,30.241759],[120.140969,30.241776],[120.140878,30.2416],[120.141239,30.241512],[120.141599,30.241823],[120.141813,30.241221],[120.141803,30.240853],[120.141629,30.240891]],[[120.140486,30.24037],[120.140359,30.240416],[120.140406,30.240541],[120.140522,30.240477],[120.140486,30.24037]]],[[[120.12802,30.250905],[120.127735,30.251396],[120.127811,30.251985],[120.1275,30.25195],[120.127402,30.252037],[120.127516,30.252175],[120.127976,30.252244],[120.127903,30.252403],[120.127703,30.252388],[120.127803,30.252749],[120.128059,30.252633],[120.128179,30.252247],[120.128301,30.252192],[120.129021,30.252051],[120.129419,30.252087],[120.129737,30.25197],[120.129859,30.251842],[120.129972,30.251422],[120.129917,30.250322],[120.130068,30.250166],[120.130837,30.250232],[120.130855,30.250133],[120.130248,30.249938],[120.129828,30.249688],[120.128897,30.249643],[120.128654,30.249545],[120.128684,30.249433],[120.128517,30.249361],[120.128361,30.249438],[120.128288,30.249204],[120.127914,30.249],[120.127906,30.247356],[120.127804,30.246644],[120.12769,30.246538],[120.127847,30.246317],[120.127736,30.246001],[120.127841,30.245262],[120.128227,30.24384],[120.127695,30.243615],[120.127395,30.243609],[120.127307,30.243687],[120.127119,30.24397],[120.126447,30.24592],[120.126161,30.246279],[120.126014,30.24631],[120.125783,30.246556],[120.125812,30.247169],[120.126202,30.247277],[120.125987,30.249271],[120.125784,30.249383],[120.125702,30.249778],[120.12591,30.249901],[120.126021,30.250113],[120.126216,30.250149],[120.125907,30.250129],[120.125869,30.250246],[120.12607,30.250649],[120.126008,30.251347],[120.125862,30.251722],[120.125947,30.252095],[120.12576,30.252577],[120.125829,30.252972],[120.125638,30.253138],[120.125794,30.253769],[120.125489,30.25432],[120.125282,30.254254],[120.125443,30.253915],[120.125658,30.253929],[120.125676,30.253588],[120.125501,30.253559],[120.125462,30.253254],[120.123821,30.252648],[120.123341,30.252842],[120.123149,30.252686],[120.122454,30.252573],[120.122364,30.252349],[120.122485,30.251667],[120.123143,30.251282],[120.123357,30.251255],[120.123845,30.250785],[120.1234,30.250278],[120.121831,30.250188],[120.121778,30.249959],[120.121895,30.250067],[120.123457,30.25016],[120.123599,30.250419],[120.123867,30.250593],[120.124092,30.250456],[120.124388,30.250427],[120.124504,30.249791],[120.124373,30.249676],[120.124319,30.249275],[120.125311,30.249506],[120.125764,30.249248],[120.125735,30.248995],[120.125916,30.248836],[120.126003,30.24782],[120.125939,30.247398],[120.125679,30.247122],[120.125715,30.246575],[120.125923,30.246326],[120.125998,30.245997],[120.1263,30.245892],[120.12688,30.244154],[120.126731,30.244087],[120.126557,30.244294],[120.126436,30.243992],[120.125872,30.243808],[120.12574,30.24388],[120.125556,30.24437],[120.125437,30.244404],[120.124802,30.244276],[120.124477,30.244017],[120.124264,30.244131],[120.124225,30.244201],[120.124538,30.244432],[120.125505,30.244791],[120.125112,30.244852],[120.124908,30.244649],[120.12438,30.244384],[120.123506,30.244111],[120.122788,30.243393],[120.122646,30.243496],[120.122546,30.243276],[120.122165,30.243095],[120.121975,30.243248],[120.121794,30.243251],[120.121588,30.243545],[120.121461,30.243488],[120.121403,30.243579],[120.121568,30.243651],[120.121369,30.243928],[120.12084,30.243773],[120.120877,30.243633],[120.12046,30.243591],[120.12048,30.243449],[120.119476,30.24309],[120.118993,30.243065],[120.11958,30.242991],[120.119784,30.242719],[120.119914,30.242294],[120.121158,30.242638],[120.121797,30.242981],[120.122483,30.242912],[120.122428,30.242537],[120.122183,30.242537],[120.122159,30.242424],[120.121906,30.242288],[120.121588,30.241934],[120.121185,30.241772],[120.12105,30.241617],[120.120929,30.240985],[120.121351,30.240592],[120.121364,30.240529],[120.12114,30.24052],[120.121315,30.240467],[120.121303,30.240329],[120.120638,30.240054],[120.120397,30.239817],[120.120125,30.239275],[120.12019,30.23923],[120.120193,30.239453],[120.120443,30.239753],[120.120895,30.239804],[120.121205,30.239539],[120.121133,30.239305],[120.121246,30.239104],[120.121611,30.23898],[120.121887,30.239177],[120.122131,30.23894],[120.122231,30.238991],[120.121996,30.239242],[120.122281,30.23997],[120.122269,30.240299],[120.122416,30.240479],[120.123722,30.241022],[120.12413,30.241332],[120.12432,30.241374],[120.125156,30.241228],[120.125628,30.241278],[120.126363,30.241785],[120.127203,30.242172],[120.127261,30.242547],[120.127663,30.242687],[120.127471,30.243408],[120.128222,30.24364],[120.128654,30.242483],[120.129645,30.242842],[120.129695,30.242948],[120.130152,30.243155],[120.130565,30.243173],[120.131245,30.242869],[120.131732,30.242356],[120.131953,30.241874],[120.132329,30.241433],[120.132275,30.241011],[120.131664,30.240829],[120.13131,30.240612],[120.129592,30.239104],[120.129431,30.239159],[120.129107,30.238866],[120.12907,30.23867],[120.129161,30.238497],[120.130043,30.237887],[120.130367,30.237172],[120.131088,30.23729],[120.131155,30.236738],[120.13081,30.236416],[120.13145,30.235538],[120.131392,30.235122],[120.131748,30.23514],[120.132053,30.234641],[120.132171,30.234633],[120.132694,30.234188],[120.13296,30.233815],[120.133482,30.233801],[120.133708,30.233471],[120.134885,30.23438],[120.134947,30.234528],[120.135345,30.234606],[120.135455,30.234518],[120.13652,30.234406],[120.137416,30.234693],[120.136296,30.236739],[120.136451,30.236877],[120.13666,30.236674],[120.138742,30.2332],[120.138717,30.233041],[120.138474,30.23307],[120.137884,30.234169],[120.137665,30.234198],[120.137715,30.233803],[120.137614,30.233531],[120.137245,30.233306],[120.137187,30.233395],[120.136798,30.233272],[120.136464,30.232533],[120.135784,30.231559],[120.13551,30.231583],[120.135404,30.231411],[120.135159,30.231418],[120.134273,30.230797],[120.134203,30.230899],[120.134054,30.230899],[120.133742,30.230656],[120.133666,30.230351],[120.134011,30.229879],[120.134,30.229763],[120.133779,30.229619],[120.133477,30.22959],[120.133677,30.229279],[120.133756,30.229511],[120.134176,30.229785],[120.134153,30.230285],[120.134034,30.230325],[120.134089,30.230388],[120.134282,30.230338],[120.134469,30.229858],[120.134355,30.229764],[120.13534,30.229718],[120.135554,30.229552],[120.1357,30.229702],[120.135502,30.229742],[120.135398,30.229906],[120.136139,30.230732],[120.136444,30.23051],[120.136479,30.23036],[120.136741,30.230103],[120.137051,30.230023],[120.137142,30.22985],[120.139275,30.230836],[120.138951,30.231717],[120.138822,30.232408],[120.138625,30.232788],[120.138759,30.232933],[120.13893,30.232871],[120.139672,30.231623],[120.141278,30.232005],[120.141934,30.232657],[120.14261,30.232433],[120.142906,30.232169],[120.143053,30.232246],[120.143271,30.232109],[120.143457,30.23217],[120.143391,30.232404],[120.143051,30.232331],[120.142783,30.232403],[120.14175,30.2329],[120.140957,30.233805],[120.140834,30.234139],[120.141054,30.234568],[120.14182,30.235234],[120.143635,30.235897],[120.144647,30.236626],[120.144584,30.237051],[120.145009,30.237476],[120.145435,30.237322],[120.145694,30.23709],[120.146381,30.236037],[120.146283,30.235933],[120.146683,30.235542],[120.146951,30.235498],[120.147089,30.23522],[120.147403,30.235136],[120.147345,30.235042],[120.147487,30.234999],[120.147659,30.23514],[120.147818,30.235108],[120.147956,30.234916],[120.147927,30.234762],[120.148474,30.23439],[120.148785,30.23391],[120.148967,30.233826],[120.149154,30.233305],[120.148882,30.233106],[120.149104,30.233074],[120.149153,30.232689],[120.149409,30.232868],[120.149816,30.232976],[120.150098,30.232901],[120.150178,30.232707],[120.150466,30.232682],[120.150531,30.232847],[120.150414,30.233125],[120.15017,30.233111],[120.150147,30.232939],[120.149946,30.233025],[120.14943,30.232974],[120.149527,30.233776],[120.14967,30.23407],[120.150461,30.235012],[120.15039,30.23534],[120.150713,30.235465],[120.150941,30.235761],[120.150996,30.236028],[120.151226,30.236184],[120.151359,30.236442],[120.151399,30.236661],[120.151147,30.237125],[120.15125,30.237357],[120.151076,30.237657],[120.151521,30.237966],[120.151707,30.237927],[120.152182,30.23821],[120.152153,30.238435],[120.152726,30.238807],[120.152777,30.238963],[120.152578,30.239369],[120.152705,30.239561],[120.152663,30.239703],[120.152238,30.239861],[120.15168,30.239191],[120.150649,30.238968],[120.149703,30.2389],[120.149511,30.239705],[120.149694,30.239971],[120.149797,30.24082],[120.149912,30.240855],[120.150064,30.2407],[120.150119,30.240885],[120.150907,30.240906],[120.151139,30.241056],[120.152163,30.241173],[120.152288,30.241244],[120.152444,30.241586],[120.152395,30.241783],[120.152141,30.241831],[120.15218,30.241366],[120.152033,30.241237],[120.151178,30.241097],[120.151117,30.241235],[120.15102,30.241241],[120.150914,30.241176],[120.150981,30.241036],[120.150903,30.240953],[120.15038,30.240922],[120.150461,30.241676],[120.150671,30.242008],[120.150663,30.242381],[120.1509,30.242576],[120.150911,30.242752],[120.150736,30.242863],[120.150645,30.242726],[120.150623,30.241972],[120.150381,30.241702],[120.150327,30.241189],[120.150094,30.240939],[120.149833,30.240946],[120.149716,30.241023],[120.149486,30.241606],[120.149748,30.242887],[120.149965,30.243344],[120.15172,30.245164],[120.151995,30.245607],[120.152157,30.245571],[120.153559,30.246805],[120.154003,30.247369],[120.154941,30.24821],[120.155215,30.248604],[120.155765,30.248739],[120.155717,30.249261],[120.155572,30.249228],[120.155437,30.248946],[120.155091,30.248933],[120.154701,30.248767],[120.154574,30.248588],[120.154141,30.248521],[120.153448,30.248592],[120.153299,30.248948],[120.153504,30.249385],[120.15404,30.250087],[120.154619,30.250059],[120.154737,30.25018],[120.154703,30.250387],[120.154348,30.250556],[120.155066,30.251704],[120.155588,30.25194],[120.155997,30.251528],[120.155981,30.25143],[120.156127,30.251387],[120.156169,30.251577],[120.155898,30.25169],[120.155607,30.251998],[120.156708,30.252617],[120.156867,30.252531],[120.156868,30.252838],[120.157659,30.253229],[120.157808,30.25342],[120.157907,30.25382],[120.157279,30.254841],[120.155372,30.257492],[120.15484,30.25842],[120.154491,30.258687],[120.15356,30.258801],[120.152525,30.260019],[120.152407,30.260001],[120.152226,30.26031],[120.152446,30.260498],[120.152047,30.261393],[120.152392,30.261625],[120.152872,30.26157],[120.153032,30.261671],[120.152783,30.262343],[120.152991,30.262591],[120.152806,30.262679],[120.152642,30.262528],[120.152892,30.261684],[120.15274,30.261639],[120.152547,30.261743],[120.152087,30.26159],[120.151967,30.261612],[120.151798,30.262593],[120.151684,30.262609],[120.150326,30.262078],[120.149211,30.261909],[120.147553,30.261307],[120.147154,30.261555],[120.147274,30.261659],[120.146825,30.261872],[120.145497,30.261716],[120.144883,30.261411],[120.143945,30.261379],[120.142839,30.260575],[120.142171,30.260306],[120.141704,30.259995],[120.141096,30.259524],[120.139636,30.258113],[120.138168,30.257448],[120.137137,30.25715],[120.136643,30.256826],[120.135933,30.256045],[120.133867,30.254335],[120.133724,30.254107],[120.133222,30.253936],[120.131991,30.253752],[120.13145,30.253509],[120.131366,30.252923],[120.131274,30.252869],[120.131006,30.25297],[120.130906,30.253213],[120.129966,30.253288],[120.129848,30.25313],[120.129722,30.253227],[120.129592,30.253092],[120.129631,30.253224],[120.128678,30.253046],[120.12794,30.253271],[120.127174,30.253712],[120.126657,30.253809],[120.126527,30.253663],[120.126707,30.253005],[120.126479,30.253027],[120.126389,30.252903],[120.126556,30.252555],[120.126473,30.252207],[120.127033,30.252135],[120.127103,30.251411],[120.127647,30.251122],[120.12792,30.250687],[120.128108,30.250857],[120.12802,30.250905]],[[120.152247,30.239676],[120.152166,30.239659],[120.152164,30.239507],[120.152447,30.239545],[120.152403,30.239666],[120.152247,30.239676]],[[120.151923,30.239308],[120.151719,30.239159],[120.151634,30.238892],[120.15169,30.238787],[120.151925,30.238737],[120.152088,30.239075],[120.151923,30.239308]],[[120.126173,30.24375],[120.126496,30.243879],[120.126551,30.243741],[120.126342,30.243586],[120.126173,30.24375]],[[120.125351,30.244032],[120.12487,30.243652],[120.125047,30.243286],[120.125921,30.24361],[120.125891,30.243722],[120.125669,30.243645],[120.125582,30.24406],[120.125351,30.244032]],[[120.123844,30.243471],[120.123638,30.243305],[120.123937,30.243204],[120.123942,30.243438],[120.123844,30.243471]],[[120.123567,30.244074],[120.123228,30.243734],[120.123546,30.243495],[120.123752,30.243537],[120.12388,30.243706],[120.124246,30.243708],[120.124363,30.243931],[120.124129,30.244137],[120.123567,30.244074]],[[120.127611,30.251703],[120.127551,30.251612],[120.127617,30.251602],[120.127611,30.251703]],[[120.124768,30.241684],[120.124759,30.2414],[120.124999,30.241477],[120.12507,30.241603],[120.125052,30.241734],[120.124768,30.241684]],[[120.132379,30.239846],[120.132318,30.239634],[120.132072,30.239572],[120.131847,30.239659],[120.131617,30.239563],[120.131658,30.23946],[120.131483,30.23918],[120.131528,30.238905],[120.13132,30.238716],[120.131385,30.238552],[120.131049,30.238466],[120.130964,30.238319],[120.13054,30.238277],[120.130431,30.238358],[120.130479,30.238476],[120.130688,30.238515],[120.130898,30.238416],[120.131043,30.238536],[120.130749,30.238552],[120.130964,30.238699],[120.13091,30.238984],[120.130737,30.239225],[120.130479,30.239379],[120.130364,30.239387],[120.129979,30.239073],[120.129552,30.238979],[120.129461,30.238641],[120.130222,30.238099],[120.130704,30.237555],[120.131007,30.237536],[120.131067,30.237701],[120.130737,30.237829],[120.13114,30.23824],[120.132134,30.238727],[120.132306,30.239075],[120.132452,30.239835],[120.132379,30.239846]],[[120.131298,30.238754],[120.131476,30.238925],[120.131352,30.239277],[120.131564,30.239353],[120.131503,30.239553],[120.131798,30.23981],[120.132337,30.239853],[120.132206,30.24079],[120.131864,30.240769],[120.131746,30.240594],[120.131473,30.240617],[120.131028,30.240293],[120.130446,30.239651],[120.13067,30.239311],[120.131025,30.239261],[120.131031,30.23889],[120.131298,30.238754]],[[120.123824,30.251281],[120.124142,30.251175],[120.124086,30.250892],[120.12395,30.250823],[120.123671,30.251096],[120.123824,30.251281]],[[120.123968,30.252333],[120.123737,30.252068],[120.123709,30.251709],[120.123968,30.251546],[120.123959,30.251285],[120.124181,30.251228],[120.124431,30.251399],[120.124507,30.252203],[120.124393,30.252346],[120.123968,30.252333]],[[120.123633,30.252611],[120.123302,30.252517],[120.123302,30.25235],[120.123562,30.252346],[120.123822,30.252521],[120.123633,30.252611]],[[120.125381,30.25266],[120.1257,30.252585],[120.12588,30.25218],[120.125772,30.25166],[120.125996,30.251076],[120.126024,30.250664],[120.125906,30.250526],[120.125691,30.250522],[120.125676,30.250423],[120.124908,30.25032],[120.124549,30.250446],[120.124265,30.250862],[120.124332,30.251213],[120.124528,30.251445],[120.124503,30.252478],[120.124688,30.25264],[120.125381,30.25266]],[[120.124985,30.250267],[120.124623,30.250321],[120.124567,30.249899],[120.124722,30.249641],[120.125001,30.249592],[120.125146,30.249731],[120.12556,30.249807],[120.125866,30.250066],[120.125793,30.250222],[120.125296,30.250312],[120.124985,30.250267]],[[120.122734,30.251993],[120.122568,30.251935],[120.122625,30.251667],[120.123008,30.251604],[120.122982,30.251922],[120.122734,30.251993]],[[120.140486,30.24037],[120.140359,30.240416],[120.140406,30.240541],[120.140522,30.240477],[120.140486,30.24037]],[[120.133937,30.230669],[120.133989,30.230543],[120.13423,30.230593],[120.134157,30.230703],[120.133937,30.230669]],[[120.134688,30.241251],[120.134864,30.241447],[120.134985,30.241327],[120.135534,30.239504],[120.135751,30.239207],[120.135705,30.238932],[120.136384,30.237166],[120.136275,30.236946],[120.136141,30.237018],[120.135408,30.23886],[120.135207,30.239102],[120.135232,30.239428],[120.134688,30.241251]],[[120.133193,30.245908],[120.133126,30.246219],[120.133532,30.246313],[120.134901,30.241686],[120.134843,30.241512],[120.1346,30.241566],[120.133435,30.245521],[120.133193,30.245908]],[[120.131147,30.250209],[120.131264,30.250401],[120.131999,30.250619],[120.13215,30.250528],[120.132677,30.248911],[120.132933,30.248506],[120.13292,30.248252],[120.133477,30.246617],[120.133423,30.246462],[120.133272,30.246415],[120.133126,30.246563],[120.132577,30.248148],[120.13238,30.248423],[120.13238,30.248669],[120.131982,30.249852],[120.131563,30.250134],[120.131147,30.250209]],[[120.131103,30.252449],[120.131132,30.252627],[120.131299,30.252742],[120.131488,30.25263],[120.132045,30.250951],[120.131969,30.25072],[120.131672,30.250753],[120.131103,30.252449]],[[120.139671,30.255969],[120.14106,30.254861],[120.1413,30.255033],[120.141479,30.254894],[120.142214,30.255502],[120.143139,30.256596],[120.143375,30.256492],[120.142497,30.255375],[120.141239,30.254324],[120.140179,30.253179],[120.140097,30.252929],[120.139702,30.252701],[120.139591,30.252788],[120.139176,30.25264],[120.136868,30.252221],[120.136552,30.252315],[120.134853,30.252285],[120.134107,30.252581],[120.134013,30.252696],[120.13395,30.253352],[120.134033,30.253879],[120.134159,30.253955],[120.134388,30.253865],[120.135399,30.253992],[120.136529,30.254552],[120.136594,30.254756],[120.136117,30.255201],[120.136298,30.255401],[120.137745,30.255826],[120.139246,30.256049],[120.139671,30.255969]],[[120.14664,30.260465],[120.146492,30.260492],[120.14553,30.259447],[120.143968,30.257586],[120.143985,30.257482],[120.144209,30.25743],[120.146732,30.260314],[120.14664,30.260465]],[[120.142009,30.241716],[120.142183,30.240696],[120.142097,30.240355],[120.141848,30.240132],[120.142011,30.240029],[120.14163,30.239751],[120.141428,30.239702],[120.140611,30.23985],[120.139038,30.240402],[120.138844,30.240599],[120.138904,30.241031],[120.139253,30.241716],[120.139768,30.242367],[120.140235,30.24272],[120.141187,30.242585],[120.141556,30.242357],[120.141708,30.242146],[120.14188,30.242143],[120.142019,30.242018],[120.142009,30.241716]],[[120.13995,30.248207],[120.139509,30.248156],[120.139408,30.248228],[120.139298,30.248501],[120.139345,30.248751],[120.13998,30.248904],[120.140203,30.248333],[120.13995,30.248207]],[[120.137278,30.248782],[120.137226,30.248567],[120.137064,30.248445],[120.136679,30.24838],[120.136306,30.248677],[120.136368,30.248997],[120.136729,30.249221],[120.137086,30.24915],[120.137278,30.248782]],[[120.12782,30.253002],[120.126994,30.253056],[120.127028,30.253381],[120.127112,30.253471],[120.127443,30.253457],[120.127787,30.253185],[120.12782,30.253002]],[[120.126724,30.252402],[120.126672,30.252849],[120.127182,30.252613],[120.127145,30.252475],[120.12684,30.252323],[120.126724,30.252402]],[[120.149542,30.238548],[120.150079,30.238773],[120.150511,30.238809],[120.151618,30.2388],[120.152127,30.238562],[120.152065,30.238336],[120.15187,30.238289],[120.151762,30.238023],[120.151614,30.238059],[120.151334,30.237815],[120.150961,30.237686],[120.151133,30.237395],[120.151066,30.237105],[120.151255,30.236554],[120.151203,30.236314],[120.150959,30.236083],[120.150836,30.235674],[120.15053,30.235398],[120.150287,30.235564],[120.150222,30.235989],[120.150719,30.236051],[120.150251,30.236112],[120.150057,30.236],[120.149543,30.237257],[120.14943,30.237782],[120.149434,30.238237],[120.149542,30.238548]],[[120.151961,30.239403],[120.152418,30.239406],[120.1526,30.239169],[120.152214,30.238677],[120.15199,30.238733],[120.152143,30.239125],[120.151961,30.239403]],[[120.135018,30.231041],[120.135745,30.231427],[120.135928,30.231306],[120.135862,30.231257],[120.136086,30.231048],[120.136082,30.230885],[120.135194,30.229949],[120.134889,30.229873],[120.134691,30.229979],[120.134409,30.23038],[120.134367,30.230686],[120.135018,30.231041]],[[120.141614,30.25429],[120.141648,30.25435],[120.141462,30.254506],[120.141295,30.254357],[120.14148,30.254202],[120.141614,30.25429]]]]}},{"type":"Feature","properties":{"kind":"park","osmId":"relation/5740510","name":"小瀛洲"},"geometry":{"type":"MultiPolygon","coordinates":[[[[120.142009,30.241716],[120.142183,30.240696],[120.142097,30.240355],[120.141848,30.240132],[120.142011,30.240029],[120.14163,30.239751],[120.141428,30.239702],[120.140611,30.23985],[120.139038,30.240402],[120.138844,30.240599],[120.138904,30.241031],[120.139253,30.241716],[120.139768,30.242367],[120.140235,30.24272],[120.141187,30.242585],[120.141556,30.242357],[120.141708,30.242146],[120.14188,30.242143],[120.142019,30.242018],[120.142009,30.241716]],[[120.141629,30.240891],[120.141612,30.240762],[120.141771,30.240718],[120.141784,30.240241],[120.141595,30.240103],[120.140985,30.240053],[120.139678,30.240336],[120.139282,30.240828],[120.139454,30.241347],[120.139546,30.241378],[120.140552,30.240985],[120.140483,30.240654],[120.140775,30.240644],[120.140947,30.240889],[120.141505,30.240762],[120.14155,30.240931],[120.141031,30.24105],[120.140895,30.241215],[120.140196,30.241288],[120.139544,30.24154],[120.140105,30.242184],[120.14063,30.242416],[120.141155,30.242159],[120.141329,30.241891],[120.141263,30.241759],[120.140969,30.241776],[120.140878,30.2416],[120.141239,30.241512],[120.141599,30.241823],[120.141813,30.241221],[120.141803,30.240853],[120.141629,30.240891]]]]}},{"type":"Feature","properties":{"kind":"water","osmId":"relation/13119311"},"geometry":{"type":"MultiPolygon","coordinates":[[[[120.128335,30.249406],[120.128322,30.249291],[120.127983,30.249599],[120.127937,30.250003],[120.127607,30.250251],[120.126768,30.250262],[120.126713,30.250167],[120.126886,30.248874],[120.127869,30.248882],[120.127873,30.248703],[120.1277,30.248801],[120.12689,30.248779],[120.126781,30.248677],[120.127148,30.246495],[120.127766,30.246514],[120.127089,30.246444],[120.126874,30.24718],[120.126667,30.248688],[120.126785,30.24883],[120.126642,30.250244],[120.126405,30.250324],[120.127688,30.250298],[120.128088,30.250018],[120.128126,30.249595],[120.128335,30.249406]]]]}},{"type":"Feature","properties":{"kind":"water","osmId":"relation/13121618"},"geometry":{"type":"MultiPolygon","coordinates":[[[[120.128307,30.250795],[120.1282,30.250536],[120.128264,30.250281],[120.129793,30.250225],[120.129917,30.250322],[120.130068,30.250166],[120.128182,30.250223],[120.12809,30.2505],[120.127688,30.250298],[120.127449,30.250314],[120.128182,30.250602],[120.128218,30.250856],[120.12802,30.250905],[120.128569,30.251124],[120.128688,30.251507],[120.129192,30.251821],[120.129419,30.252087],[120.129513,30.252053],[120.129235,30.251728],[120.128975,30.251652],[120.128655,30.251399],[120.128618,30.251182],[120.128701,30.251056],[120.128429,30.251006],[120.128502,30.250911],[120.129192,30.250911],[120.129198,30.250621],[120.128838,30.250629],[120.128783,30.250805],[120.128655,30.250861],[120.128307,30.250795]]]]}},{"type":"Feature","properties":{"kind":"water","osmId":"relation/13122932"},"geometry":{"type":"MultiPolygon","coordinates":[[[[120.124665,30.253887],[120.124725,30.253972],[120.124657,30.254077],[120.124327,30.253965],[120.12454,30.253436],[120.124688,30.25347],[120.124734,30.253312],[120.12484,30.253624],[120.124713,30.253688],[120.124665,30.253887]],[[120.124529,30.253652],[120.124634,30.253707],[120.124708,30.253575],[120.124601,30.253475],[120.124529,30.253652]]]]}},{"type":"Feature","properties":{"kind":"park","osmId":"relation/13131998","name":"四公园"},"geometry":{"type":"MultiPolygon","coordinates":[[[[120.156848,30.256248],[120.156388,30.25604],[120.155372,30.257492],[120.155843,30.257686],[120.156848,30.256248]]]]}},{"type":"Feature","properties":{"kind":"park","osmId":"relation/13131999","name":"三公园"},"geometry":{"type":"MultiPolygon","coordinates":[[[[120.157583,30.255069],[120.15725,30.254882],[120.156388,30.25604],[120.156848,30.256248],[120.157583,30.255069]]]]}},{"type":"Feature","properties":{"kind":"park","osmId":"relation/13132000","name":"二公园"},"geometry":{"type":"MultiPolygon","coordinates":[[[[120.158156,30.252911],[120.15768,30.253257],[120.157907,30.25382],[120.15725,30.254882],[120.157583,30.255069],[120.158206,30.254032],[120.158237,30.253223],[120.158156,30.252911]]]]}},{"type":"Feature","properties":{"kind":"park","osmId":"relation/13132001","name":"一公园"},"geometry":{"type":"MultiPolygon","coordinates":[[[[120.158156,30.252911],[120.15768,30.253257],[120.157386,30.253043],[120.15698,30.252947],[120.156868,30.252838],[120.156867,30.252531],[120.156708,30.252617],[120.155607,30.251998],[120.155898,30.25169],[120.156169,30.251577],[120.156127,30.251387],[120.156299,30.251301],[120.156915,30.252035],[120.157977,30.252686],[120.158156,30.252911]]]]}},{"type":"Feature","properties":{"kind":"park","osmId":"relation/13132003","name":"西湖天地"},"geometry":{"type":"MultiPolygon","coordinates":[[[[120.154748,30.250272],[120.155863,30.250106],[120.156016,30.248859],[120.1558,30.248842],[120.155717,30.249261],[120.155572,30.249228],[120.155437,30.248946],[120.155091,30.248933],[120.154701,30.248767],[120.154574,30.248588],[120.154141,30.248521],[120.153448,30.248592],[120.153299,30.248948],[120.153634,30.249579],[120.15404,30.250087],[120.154619,30.250059],[120.154748,30.250272]]]]}},{"type":"Feature","properties":{"kind":"park","osmId":"relation/13132004","name":"涌金公园"},"geometry":{"type":"MultiPolygon","coordinates":[[[[120.1558,30.248842],[120.156016,30.248859],[120.156037,30.24809],[120.15542,30.247087],[120.15489,30.245946],[120.153617,30.246383],[120.153372,30.245941],[120.153176,30.24597],[120.152987,30.245505],[120.152669,30.245604],[120.152336,30.24494],[120.15172,30.245164],[120.151995,30.245607],[120.152157,30.245571],[120.153661,30.246902],[120.154003,30.247369],[120.154941,30.24821],[120.155215,30.248604],[120.15571,30.24871],[120.1558,30.248842]]]]}},{"type":"Feature","properties":{"kind":"park","osmId":"relation/13132005","name":"Orioles Singing in the Willows"},"geometry":{"type":"MultiPolygon","coordinates":[[[[120.149716,30.241023],[120.149486,30.241606],[120.149881,30.243203],[120.150524,30.244007],[120.15172,30.245164],[120.153933,30.24443],[120.153268,30.243601],[120.153165,30.243338],[120.153474,30.241026],[120.152387,30.240924],[120.151414,30.240715],[120.151418,30.239667],[120.15131,30.238906],[120.150145,30.238743],[120.150074,30.238504],[120.149542,30.238548],[120.149703,30.2389],[120.149511,30.239705],[120.149694,30.239971],[120.149797,30.24082],[120.149716,30.241023]]]]}},{"type":"Feature","properties":{"kind":"water","osmId":"relation/13163966"},"geometry":{"type":"MultiPolygon","coordinates":[[[[120.121648,30.24834],[120.120767,30.248383],[120.120555,30.248537],[120.12035,30.24807],[120.120367,30.247862],[120.120792,30.247734],[120.120949,30.247939],[120.12094,30.248221],[120.121284,30.24829],[120.121275,30.248028],[120.12111,30.247947],[120.121275,30.247931],[120.121355,30.247634],[120.121458,30.247599],[120.121722,30.247834],[120.121601,30.248012],[120.121762,30.248333],[120.123264,30.248425],[120.123407,30.248337],[120.123412,30.248205],[120.123179,30.247842],[120.123416,30.247661],[120.123868,30.247722],[120.123881,30.247943],[120.123789,30.248067],[120.124022,30.248341],[120.123836,30.248385],[120.123802,30.248546],[120.12413,30.248861],[120.124321,30.249306],[120.12384,30.248691],[120.123473,30.248684],[120.123279,30.248493],[120.122677,30.248378],[120.121648,30.24834]],[[120.123449,30.248084],[120.123355,30.247933],[120.123467,30.247788],[120.123774,30.247895],[120.123449,30.248084]]]]}},{"type":"Feature","properties":{"kind":"water","osmId":"relation/13163968"},"geometry":{"type":"MultiPolygon","coordinates":[[[[120.121131,30.246578],[120.121178,30.246693],[120.121509,30.246848],[120.121922,30.246773],[120.123659,30.24702],[120.124026,30.247187],[120.124096,30.2475],[120.124023,30.247232],[120.123627,30.247041],[120.122105,30.24682],[120.121393,30.24688],[120.120924,30.246663],[120.120243,30.246564],[120.120078,30.246401],[120.120585,30.246413],[120.121131,30.246578]]]]}},{"type":"Feature","properties":{"kind":"water","osmId":"relation/13190255"},"geometry":{"type":"MultiPolygon","coordinates":[[[[120.119913,30.238236],[120.119805,30.237987],[120.120366,30.23764],[120.120437,30.237471],[120.120082,30.237057],[120.120559,30.236804],[120.120371,30.236765],[120.12035,30.236886],[120.120022,30.236991],[120.119897,30.236676],[120.119934,30.236218],[120.119792,30.236168],[120.11972,30.236303],[120.119855,30.236669],[120.119524,30.236406],[120.119556,30.236011],[120.119466,30.23588],[120.119196,30.235844],[120.118831,30.235476],[120.118895,30.235293],[120.118737,30.234988],[120.118937,30.235179],[120.119146,30.234927],[120.118921,30.234774],[120.119188,30.234856],[120.119553,30.235233],[120.119696,30.235542],[120.11968,30.235734],[120.119559,30.235837],[120.119641,30.235949],[120.119945,30.236065],[120.120321,30.236392],[120.120453,30.236724],[120.120932,30.236893],[120.120839,30.237066],[120.120752,30.237037],[120.120839,30.236982],[120.120791,30.236893],[120.120593,30.236881],[120.120691,30.237028],[120.120656,30.237142],[120.12085,30.23721],[120.120876,30.237098],[120.121022,30.237208],[120.121244,30.237674],[120.121275,30.238159],[120.121178,30.238312],[120.120281,30.238899],[120.120112,30.23884],[120.120133,30.238335],[120.119913,30.238236]],[[120.119209,30.235809],[120.119048,30.235611],[120.119133,30.235492],[120.119239,30.235595],[120.119209,30.235809]],[[120.120561,30.238061],[120.120447,30.237869],[120.120659,30.237773],[120.120691,30.237971],[120.120561,30.238061]],[[120.121027,30.238342],[120.120897,30.238262],[120.120934,30.238131],[120.12113,30.238175],[120.12113,30.23831],[120.121027,30.238342]],[[120.119969,30.2382],[120.119855,30.237992],[120.120024,30.237898],[120.120186,30.238063],[120.119969,30.2382]]]]}},{"type":"Feature","properties":{"kind":"park","osmId":"relation/19639455","name":"Zizhu Garden"},"geometry":{"type":"MultiPolygon","coordinates":[[[[120.15664,30.248417],[120.156272,30.248441],[120.156247,30.248656],[120.156551,30.248679],[120.156452,30.24886],[120.156577,30.248865],[120.15664,30.248417]]]]}},{"type":"Feature","properties":{"kind":"park","osmId":"relation/20059292","name":"学士公园"},"geometry":{"type":"MultiPolygon","coordinates":[[[[120.153474,30.241026],[120.153582,30.239756],[120.153312,30.239138],[120.152914,30.238441],[120.15225,30.237933],[120.151911,30.237522],[120.151569,30.236816],[120.151635,30.236644],[120.151546,30.236292],[120.150659,30.23498],[120.150461,30.235012],[120.150373,30.235438],[120.149999,30.236113],[120.149543,30.237257],[120.14943,30.237782],[120.14948,30.238458],[120.149671,30.238562],[120.150074,30.238504],[120.150145,30.238743],[120.15131,30.238906],[120.151418,30.239667],[120.151414,30.240715],[120.152387,30.240924],[120.153474,30.241026]]]]}},{"type":"Feature","properties":{"kind":"park","osmId":"relation/20083679","name":"孤山公园"},"geometry":{"type":"MultiPolygon","coordinates":[[[[120.139671,30.255969],[120.14106,30.254861],[120.1413,30.255033],[120.141673,30.254714],[120.140179,30.253179],[120.140097,30.252929],[120.139702,30.252701],[120.139591,30.252788],[120.139176,30.25264],[120.136868,30.252221],[120.136552,30.252315],[120.134853,30.252285],[120.134107,30.252581],[120.134013,30.252696],[120.13395,30.253352],[120.134033,30.253879],[120.134159,30.253955],[120.134388,30.253865],[120.135399,30.253992],[120.136529,30.254552],[120.136594,30.254756],[120.136117,30.255201],[120.136298,30.255401],[120.137745,30.255826],[120.139246,30.256049],[120.139671,30.255969]]]]}},{"type":"Feature","properties":{"kind":"park","osmId":"relation/20083745"},"geometry":{"type":"MultiPolygon","coordinates":[[[[120.141479,30.254894],[120.141673,30.254714],[120.142497,30.255375],[120.143371,30.256442],[120.143348,30.256537],[120.143139,30.256596],[120.142214,30.255502],[120.141479,30.254894]]]]}}]}
