{"type":"FeatureCollection","attribution":"© OpenStreetMap contributors","license":"https://opendatacommons.org/licenses/odbl/1-0/","source":"https://api.openstreetmap.org/api/0.6/map.json","retrievedAt":"2026-10-08T22:00:52.362741+00:00","bbox":[120.039,30.255000000000003,120.081,30.285000000000004],"features":[{"type":"Feature","properties":{"kind":"road","osmId":"way/25440494","name":"Lingbo Road","roadClass":"unclassified"},"geometry":{"type":"LineString","coordinates":[[120.05047,30.28358],[120.050189,30.281302]]}},{"type":"Feature","properties":{"kind":"road","osmId":"way/25440495","name":"春申街","roadClass":"unclassified"},"geometry":{"type":"LineString","coordinates":[[120.047833,30.283574],[120.05047,30.28358]]}},{"type":"Feature","properties":{"kind":"waterway","osmId":"way/28906109","name":"沿山河"},"geometry":{"type":"LineString","coordinates":[[120.050616,30.253826],[120.054014,30.255232],[120.055503,30.256279],[120.061956,30.259325],[120.063123,30.259996],[120.065979,30.261273],[120.066518,30.261693],[120.068088,30.262147],[120.070437,30.263234],[120.074223,30.264742],[120.076107,30.265289],[120.080149,30.265558],[120.083457,30.265969],[120.085769,30.265842],[120.087622,30.265915],[120.088345,30.266004],[120.090949,30.266694],[120.092218,30.266873],[120.093121,30.266817],[120.095368,30.267518],[120.09733,30.268255],[120.098122,30.26881],[120.09875,30.268902],[120.101306,30.270161],[120.102786,30.270765],[120.103196,30.271052],[120.106223,30.272476],[120.107317,30.273212]]}},{"type":"Feature","properties":{"kind":"waterway","osmId":"way/28906113","name":"沿山河"},"geometry":{"type":"LineString","coordinates":[[120.031116,30.245824],[120.031577,30.246045],[120.03292,30.246239],[120.036065,30.247087],[120.036533,30.247564],[120.037121,30.247542],[120.037492,30.247249],[120.037841,30.24721],[120.038683,30.247577],[120.043462,30.248629],[120.046974,30.249156],[120.048453,30.249773],[120.04995,30.250208],[120.051278,30.250234],[120.051087,30.251028],[120.050841,30.251344],[120.050616,30.253826],[120.049881,30.255841],[120.049847,30.256335],[120.050361,30.258219],[120.050395,30.259373],[120.050121,30.260961],[120.049596,30.262056],[120.049493,30.263852],[120.049025,30.264464],[120.048625,30.265262],[120.048488,30.265973],[120.048659,30.267226],[120.048933,30.267956],[120.048979,30.26837],[120.048773,30.269011],[120.047665,30.269889],[120.046757,30.270826],[120.04609,30.272],[120.045644,30.273253],[120.045621,30.274071],[120.045171,30.275191],[120.044945,30.277648],[120.045303,30.27936],[120.045542,30.28005],[120.046284,30.28139],[120.048328,30.285888],[120.049002,30.286805],[120.050452,30.288058],[120.051652,30.289576],[120.05204,30.290691],[120.051978,30.291283],[120.05212,30.29147],[120.052805,30.291904],[120.05469,30.292555],[120.055478,30.292979],[120.056266,30.293186],[120.05686,30.294014],[120.057408,30.295267],[120.057586,30.295932],[120.058164,30.296534],[120.059917,30.297843],[120.061455,30.298575]]}},{"type":"Feature","properties":{"kind":"road","osmId":"way/31635103","name":"Wen'er Road West","roadClass":"secondary"},"geometry":{"type":"LineString","coordinates":[[120.041278,30.280213],[120.043493,30.280636]]}},{"type":"Feature","properties":{"kind":"road","osmId":"way/51714123","name":"访溪路","roadClass":"tertiary"},"geometry":{"type":"LineString","coordinates":[[120.039615,30.262019],[120.039914,30.263804],[120.040338,30.2652],[120.040354,30.266474],[120.040591,30.267487],[120.040932,30.270215]]}},{"type":"Feature","properties":{"kind":"road","osmId":"way/51714124","roadClass":"residential"},"geometry":{"type":"LineString","coordinates":[[120.047836,30.251127],[120.04777,30.251612],[120.047916,30.251902],[120.049622,30.252628],[120.050012,30.253118],[120.050084,30.253366],[120.049948,30.254327],[120.049704,30.254926],[120.049597,30.255498],[120.049233,30.256153],[120.04931,30.256207]]}},{"type":"Feature","properties":{"kind":"waterway","osmId":"way/51714125"},"geometry":{"type":"LineString","coordinates":[[120.046008,30.257574],[120.047324,30.257239],[120.048419,30.25711],[120.049881,30.255841]]}},{"type":"Feature","properties":{"kind":"waterway","osmId":"way/51714126"},"geometry":{"type":"LineString","coordinates":[[120.049287,30.264158],[120.048318,30.26412],[120.047723,30.264221],[120.047295,30.264159],[120.045468,30.263594],[120.045306,30.263325],[120.045378,30.262783],[120.045325,30.262459]]}},{"type":"Feature","properties":{"kind":"road","osmId":"way/51714141","name":"听溪路","roadClass":"residential"},"geometry":{"type":"LineString","coordinates":[[120.040463,30.267029],[120.041264,30.266973]]}},{"type":"Feature","properties":{"kind":"road","osmId":"way/51714142","name":"御田里路","roadClass":"residential"},"geometry":{"type":"LineString","coordinates":[[120.048527,30.268065],[120.047684,30.268064],[120.045216,30.267731],[120.044676,30.267802]]}},{"type":"Feature","properties":{"kind":"road","osmId":"way/214574321","name":"Yunqi Road","roadClass":"tertiary"},"geometry":{"type":"LineString","coordinates":[[120.060796,30.287272],[120.06056,30.286218],[120.060581,30.282658]]}},{"type":"Feature","properties":{"kind":"road","osmId":"way/229692215","name":"文二西路","roadClass":"secondary"},"geometry":{"type":"LineString","coordinates":[[120.045268,30.280738],[120.046769,30.280745]]}},{"type":"Feature","properties":{"kind":"road","osmId":"way/229692216","name":"Wen'er Road West","roadClass":"secondary"},"geometry":{"type":"LineString","coordinates":[[120.046769,30.280745],[120.050191,30.280793],[120.053179,30.281438]]}},{"type":"Feature","properties":{"kind":"road","osmId":"way/229692217","name":"文二西路","roadClass":"secondary"},"geometry":{"type":"LineString","coordinates":[[120.046822,30.280835],[120.045309,30.280839]]}},{"type":"Feature","properties":{"kind":"road","osmId":"way/229692219","name":"Wen'er Road West","roadClass":"secondary"},"geometry":{"type":"LineString","coordinates":[[120.080343,30.283095],[120.077224,30.283389],[120.072708,30.283232]]}},{"type":"Feature","properties":{"kind":"road","osmId":"way/229692220","name":"Wen'er Road West","roadClass":"secondary"},"geometry":{"type":"LineString","coordinates":[[120.045309,30.280839],[120.043471,30.280732]]}},{"type":"Feature","properties":{"kind":"road","osmId":"way/229692221","name":"长深高速","roadClass":"motorway"},"geometry":{"type":"LineString","coordinates":[[120.042184,30.280118],[120.042268,30.280653]]}},{"type":"Feature","properties":{"kind":"road","osmId":"way/229692228","name":"长深高速","roadClass":"motorway"},"geometry":{"type":"LineString","coordinates":[[120.042164,30.280627],[120.042074,30.280102]]}},{"type":"Feature","properties":{"kind":"road","osmId":"way/229692229","name":"长深高速","roadClass":"motorway"},"geometry":{"type":"LineString","coordinates":[[120.042074,30.280102],[120.039363,30.262973]]}},{"type":"Feature","properties":{"kind":"road","osmId":"way/259812647","name":"Huajiang Road","roadClass":"tertiary"},"geometry":{"type":"LineString","coordinates":[[120.072051,30.263253],[120.07195,30.262866],[120.072743,30.261147],[120.073122,30.260098],[120.074444,30.255627]]}},{"type":"Feature","properties":{"kind":"road","osmId":"way/259812658","name":"Huajiang Road","roadClass":"tertiary"},"geometry":{"type":"LineString","coordinates":[[120.074587,30.255685],[120.073164,30.260596],[120.072091,30.262898],[120.072051,30.263253]]}},{"type":"Feature","properties":{"kind":"road","osmId":"way/259812661","name":"至真路","roadClass":"residential"},"geometry":{"type":"LineString","coordinates":[[120.067897,30.251897],[120.063406,30.259054]]}},{"type":"Feature","properties":{"kind":"road","osmId":"way/301933270","name":"长深高速","roadClass":"motorway"},"geometry":{"type":"LineString","coordinates":[[120.039363,30.262973],[120.039184,30.261868]]}},{"type":"Feature","properties":{"kind":"road","osmId":"way/301933276","name":"长深高速","roadClass":"motorway"},"geometry":{"type":"LineString","coordinates":[[120.039184,30.261868],[120.03868,30.257844]]}},{"type":"Feature","properties":{"kind":"road","osmId":"way/301933312","name":"长深高速","roadClass":"motorway"},"geometry":{"type":"LineString","coordinates":[[120.039293,30.261807],[120.039486,30.263019]]}},{"type":"Feature","properties":{"kind":"road","osmId":"way/301933324","name":"长深高速","roadClass":"motorway"},"geometry":{"type":"LineString","coordinates":[[120.039486,30.263019],[120.042184,30.280118]]}},{"type":"Feature","properties":{"kind":"road","osmId":"way/301933330","name":"长深高速","roadClass":"motorway"},"geometry":{"type":"LineString","coordinates":[[120.038793,30.257747],[120.03895,30.259546],[120.039293,30.261807]]}},{"type":"Feature","properties":{"kind":"road","osmId":"way/333161999","name":"容斋路","roadClass":"residential"},"geometry":{"type":"LineString","coordinates":[[120.043603,30.268726],[120.043934,30.267806]]}},{"type":"Feature","properties":{"kind":"road","osmId":"way/358918522","name":"Yuanjue Road","roadClass":"residential"},"geometry":{"type":"LineString","coordinates":[[120.076459,30.286209],[120.076505,30.283264]]}},{"type":"Feature","properties":{"kind":"road","osmId":"way/369153645","name":"大龙驹坞","roadClass":"residential"},"geometry":{"type":"LineString","coordinates":[[120.078259,30.257625],[120.078536,30.256653],[120.078711,30.256409],[120.078894,30.255619],[120.079973,30.255257],[120.080349,30.254285],[120.080163,30.252398],[120.080712,30.250556],[120.080849,30.24991],[120.08088,30.249112],[120.080862,30.248589],[120.080759,30.24836],[120.080589,30.248276],[120.080597,30.24776]]}},{"type":"Feature","properties":{"kind":"road","osmId":"way/369153651","roadClass":"residential"},"geometry":{"type":"LineString","coordinates":[[120.079622,30.259557],[120.08003,30.258157]]}},{"type":"Feature","properties":{"kind":"road","osmId":"way/369153659","roadClass":"residential"},"geometry":{"type":"LineString","coordinates":[[120.070499,30.255023],[120.070878,30.255203],[120.070679,30.255515],[120.0703,30.255336],[120.070499,30.255023]]}},{"type":"Feature","properties":{"kind":"road","osmId":"way/369153660","name":"华泰路","roadClass":"residential"},"geometry":{"type":"LineString","coordinates":[[120.079428,30.257929],[120.078579,30.260569],[120.077224,30.2635]]}},{"type":"Feature","properties":{"kind":"road","osmId":"way/371124885","name":"天竺桥路","roadClass":"unclassified"},"geometry":{"type":"LineString","coordinates":[[120.039086,30.268881],[120.038143,30.269159],[120.037443,30.269224],[120.034441,30.26883]]}},{"type":"Feature","properties":{"kind":"road","osmId":"way/371124905","roadClass":"unclassified"},"geometry":{"type":"LineString","coordinates":[[120.039075,30.267456],[120.039896,30.267504]]}},{"type":"Feature","properties":{"kind":"waterway","osmId":"way/376251530"},"geometry":{"type":"LineString","coordinates":[[120.042517,30.290259],[120.042409,30.290038],[120.042366,30.288273],[120.042152,30.287768],[120.041749,30.284683],[120.041749,30.28402],[120.041224,30.283617],[120.037992,30.283315],[120.037032,30.283251],[120.036545,30.283581],[120.035548,30.284733],[120.034271,30.285796],[120.033863,30.286369],[120.033667,30.286973],[120.033075,30.287786],[120.033204,30.289393]]}},{"type":"Feature","properties":{"kind":"waterway","osmId":"way/385541803"},"geometry":{"type":"LineString","coordinates":[[120.067809,30.290661],[120.069613,30.290839],[120.072173,30.290852],[120.074611,30.291255],[120.074901,30.291151],[120.075106,30.290779],[120.075452,30.288368],[120.075377,30.288215],[120.07362,30.287909],[120.073471,30.287795],[120.073518,30.286747],[120.073724,30.285513],[120.073546,30.285134],[120.072435,30.285013],[120.06779,30.285021]]}},{"type":"Feature","properties":{"kind":"waterway","osmId":"way/385541804"},"geometry":{"type":"LineString","coordinates":[[120.072435,30.285013],[120.072607,30.282902]]}},{"type":"Feature","properties":{"kind":"waterway","osmId":"way/385542852"},"geometry":{"type":"LineString","coordinates":[[120.045759,30.280433],[120.042909,30.280448],[120.04116,30.280056],[120.040419,30.279572],[120.040256,30.279342],[120.040262,30.278441],[120.039214,30.279238],[120.036946,30.27866],[120.036231,30.278268],[120.035268,30.276985],[120.035086,30.276368],[120.033918,30.274831],[120.032228,30.27389],[120.031843,30.273812],[120.028655,30.270272],[120.028445,30.270194],[120.027223,30.270101],[120.025358,30.270294],[120.023371,30.270933],[120.021076,30.271003],[120.019895,30.270902],[120.019391,30.270746],[120.018781,30.270338],[120.017225,30.269982],[120.015739,30.271001],[120.015626,30.271197],[120.014862,30.271555],[120.01421,30.271633],[120.013987,30.271553],[120.013871,30.271117]]}},{"type":"Feature","properties":{"kind":"waterway","osmId":"way/385542853"},"geometry":{"type":"LineString","coordinates":[[120.041761,30.277023],[120.042604,30.275312],[120.043091,30.275106],[120.044186,30.275003],[120.045335,30.274722]]}},{"type":"Feature","properties":{"kind":"road","osmId":"way/415098502","roadClass":"unclassified"},"geometry":{"type":"LineString","coordinates":[[120.039896,30.267504],[120.040328,30.267488]]}},{"type":"Feature","properties":{"kind":"road","osmId":"way/415098503","roadClass":"unclassified"},"geometry":{"type":"LineString","coordinates":[[120.040328,30.267488],[120.040591,30.267487]]}},{"type":"Feature","properties":{"kind":"water","osmId":"way/437329069"},"geometry":{"type":"Polygon","coordinates":[[[120.0558,30.259649],[120.055323,30.259603],[120.055143,30.259455],[120.055127,30.259158],[120.055872,30.259285],[120.056082,30.25942],[120.056066,30.259554],[120.0558,30.259649]]]}},{"type":"Feature","properties":{"kind":"road","osmId":"way/445674489","name":"上河渚街","roadClass":"unclassified"},"geometry":{"type":"LineString","coordinates":[[120.065213,30.274851],[120.065146,30.275021],[120.064653,30.275027],[120.064576,30.275184],[120.063697,30.274848]]}},{"type":"Feature","properties":{"kind":"road","osmId":"way/445674496","name":"河渚街","roadClass":"unclassified"},"geometry":{"type":"LineString","coordinates":[[120.067728,30.275201],[120.067553,30.27519]]}},{"type":"Feature","properties":{"kind":"road","osmId":"way/445674497","name":"河渚街","roadClass":"unclassified"},"geometry":{"type":"LineString","coordinates":[[120.06626,30.274888],[120.065934,30.274788]]}},{"type":"Feature","properties":{"kind":"road","osmId":"way/445674498","name":"河渚街","roadClass":"unclassified"},"geometry":{"type":"LineString","coordinates":[[120.066372,30.274933],[120.06626,30.274888]]}},{"type":"Feature","properties":{"kind":"road","osmId":"way/445674499","name":"河渚街","roadClass":"unclassified"},"geometry":{"type":"LineString","coordinates":[[120.067834,30.275212],[120.067728,30.275201]]}},{"type":"Feature","properties":{"kind":"road","osmId":"way/445674500","name":"河渚街","roadClass":"unclassified"},"geometry":{"type":"LineString","coordinates":[[120.067553,30.27519],[120.066372,30.274933]]}},{"type":"Feature","properties":{"kind":"water","osmId":"way/513052783"},"geometry":{"type":"Polygon","coordinates":[[[120.080992,30.276486],[120.081104,30.276508],[120.081376,30.275395],[120.081229,30.275371],[120.080992,30.276486]]]}},{"type":"Feature","properties":{"kind":"water","osmId":"way/513052784"},"geometry":{"type":"Polygon","coordinates":[[[120.080562,30.276368],[120.08072,30.276396],[120.080946,30.275358],[120.080774,30.275312],[120.080562,30.276368]]]}},{"type":"Feature","properties":{"kind":"water","osmId":"way/513052785"},"geometry":{"type":"Polygon","coordinates":[[[120.080121,30.276384],[120.080307,30.276408],[120.080558,30.275305],[120.080505,30.275259],[120.080386,30.275253],[120.080121,30.276384]]]}},{"type":"Feature","properties":{"kind":"water","osmId":"way/513052786"},"geometry":{"type":"Polygon","coordinates":[[[120.07931,30.276365],[120.07964,30.276396],[120.079543,30.27621],[120.079346,30.276204],[120.07931,30.276365]]]}},{"type":"Feature","properties":{"kind":"water","osmId":"way/513052787"},"geometry":{"type":"Polygon","coordinates":[[[120.079392,30.276139],[120.079583,30.276108],[120.079608,30.275764],[120.079457,30.275711],[120.079392,30.276139]]]}},{"type":"Feature","properties":{"kind":"water","osmId":"way/513052788"},"geometry":{"type":"Polygon","coordinates":[[[120.07974,30.276244],[120.079895,30.276232],[120.079966,30.275795],[120.079798,30.275773],[120.07974,30.276244]]]}},{"type":"Feature","properties":{"kind":"water","osmId":"way/513052789"},"geometry":{"type":"Polygon","coordinates":[[[120.079819,30.275634],[120.079952,30.275649],[120.080078,30.275169],[120.079945,30.275123],[120.079819,30.275634]]]}},{"type":"Feature","properties":{"kind":"water","osmId":"way/513052791"},"geometry":{"type":"Polygon","coordinates":[[[120.078273,30.275581],[120.078546,30.275646],[120.078646,30.275098],[120.078345,30.275085],[120.078273,30.275581]]]}},{"type":"Feature","properties":{"kind":"water","osmId":"way/513052792"},"geometry":{"type":"Polygon","coordinates":[[[120.078169,30.276241],[120.078316,30.276266],[120.078427,30.275841],[120.078424,30.275733],[120.078294,30.275668],[120.078169,30.276241]]]}},{"type":"Feature","properties":{"kind":"water","osmId":"way/513052793"},"geometry":{"type":"Polygon","coordinates":[[[120.078546,30.276309],[120.078689,30.276349],[120.078883,30.276102],[120.078901,30.275807],[120.078675,30.275739],[120.078546,30.276309]]]}},{"type":"Feature","properties":{"kind":"water","osmId":"way/513052794"},"geometry":{"type":"Polygon","coordinates":[[[120.078897,30.276334],[120.078987,30.275724],[120.079105,30.275727],[120.079127,30.276343],[120.078897,30.276334]]]}},{"type":"Feature","properties":{"kind":"water","osmId":"way/513052795"},"geometry":{"type":"Polygon","coordinates":[[[120.0788,30.275615],[120.078671,30.275566],[120.078783,30.275085],[120.079087,30.27534],[120.079396,30.275377],[120.079403,30.27551],[120.078969,30.275553],[120.078922,30.275646],[120.078851,30.275327],[120.0788,30.275615]]]}},{"type":"Feature","properties":{"kind":"water","osmId":"way/513052796"},"geometry":{"type":"Polygon","coordinates":[[[120.07929,30.274803],[120.079616,30.274842],[120.079729,30.274394],[120.07935,30.274278],[120.07929,30.274803]]]}},{"type":"Feature","properties":{"kind":"water","osmId":"way/513052797"},"geometry":{"type":"Polygon","coordinates":[[[120.078452,30.274351],[120.078665,30.274324],[120.078728,30.273979],[120.078665,30.273917],[120.078414,30.27393],[120.078452,30.274351]]]}},{"type":"Feature","properties":{"kind":"water","osmId":"way/513052798"},"geometry":{"type":"Polygon","coordinates":[[[120.078827,30.274333],[120.078972,30.274421],[120.079085,30.274372],[120.079117,30.273979],[120.078905,30.273945],[120.078827,30.274333]]]}},{"type":"Feature","properties":{"kind":"water","osmId":"way/513052799"},"geometry":{"type":"Polygon","coordinates":[[[120.079336,30.274034],[120.079662,30.274079],[120.0797,30.273768],[120.079442,30.273728],[120.079336,30.274034]]]}},{"type":"Feature","properties":{"kind":"water","osmId":"way/513052801"},"geometry":{"type":"Polygon","coordinates":[[[120.077289,30.273817],[120.077297,30.273698],[120.077728,30.27378],[120.077647,30.273896],[120.077289,30.273817]]]}},{"type":"Feature","properties":{"kind":"water","osmId":"way/513052802"},"geometry":{"type":"Polygon","coordinates":[[[120.077837,30.273945],[120.077844,30.273798],[120.078053,30.273771],[120.078039,30.273893],[120.077837,30.273945]]]}},{"type":"Feature","properties":{"kind":"water","osmId":"way/513052803"},"geometry":{"type":"Polygon","coordinates":[[[120.078894,30.27338],[120.079121,30.273435],[120.079121,30.273173],[120.078908,30.273166],[120.078894,30.27338]]]}},{"type":"Feature","properties":{"kind":"water","osmId":"way/513052804"},"geometry":{"type":"Polygon","coordinates":[[[120.079453,30.273515],[120.079541,30.273423],[120.079722,30.27345],[120.0797,30.2736],[120.079782,30.273618],[120.079835,30.273304],[120.0797,30.273414],[120.079545,30.273377],[120.079502,30.273234],[120.079453,30.273515]]]}},{"type":"Feature","properties":{"kind":"water","osmId":"way/513052805"},"geometry":{"type":"Polygon","coordinates":[[[120.079778,30.273145],[120.079644,30.272983],[120.079732,30.272794],[120.079824,30.272806],[120.079874,30.273121],[120.079778,30.273145]]]}},{"type":"Feature","properties":{"kind":"water","osmId":"way/513052806"},"geometry":{"type":"Polygon","coordinates":[[[120.078937,30.272996],[120.079312,30.272989],[120.079446,30.272452],[120.079481,30.273041],[120.079552,30.273038],[120.07964,30.272379],[120.079432,30.2724],[120.079464,30.272223],[120.079128,30.272333],[120.079138,30.272434],[120.078969,30.272531],[120.078937,30.272996]]]}},{"type":"Feature","properties":{"kind":"water","osmId":"way/513052807"},"geometry":{"type":"Polygon","coordinates":[[[120.079955,30.272415],[120.080146,30.272415],[120.080298,30.271848],[120.080057,30.271826],[120.079955,30.272415]]]}},{"type":"Feature","properties":{"kind":"water","osmId":"way/513052808"},"geometry":{"type":"Polygon","coordinates":[[[120.079743,30.272275],[120.07982,30.272296],[120.079934,30.271716],[120.079849,30.271732],[120.079743,30.272275]]]}},{"type":"Feature","properties":{"kind":"water","osmId":"way/513052809"},"geometry":{"type":"Polygon","coordinates":[[[120.079577,30.272278],[120.079647,30.272278],[120.079743,30.271634],[120.079616,30.271686],[120.079577,30.272278]]]}},{"type":"Feature","properties":{"kind":"water","osmId":"way/513052811"},"geometry":{"type":"Polygon","coordinates":[[[120.080578,30.275018],[120.080737,30.275042],[120.080817,30.27456],[120.08062,30.274597],[120.080578,30.275018]]]}},{"type":"Feature","properties":{"kind":"water","osmId":"way/513052812"},"geometry":{"type":"Polygon","coordinates":[[[120.080911,30.275038],[120.081033,30.275071],[120.081099,30.274637],[120.08092,30.274625],[120.080911,30.275038]]]}},{"type":"Feature","properties":{"kind":"water","osmId":"way/513052813"},"geometry":{"type":"Polygon","coordinates":[[[120.080873,30.274284],[120.081028,30.274313],[120.081169,30.27368],[120.080972,30.273648],[120.081024,30.273753],[120.080873,30.274284]]]}},{"type":"Feature","properties":{"kind":"water","osmId":"way/513052815"},"geometry":{"type":"Polygon","coordinates":[[[120.080972,30.273486],[120.081183,30.273502],[120.081254,30.273056],[120.081108,30.273048],[120.080972,30.273486]]]}},{"type":"Feature","properties":{"kind":"water","osmId":"way/513052823"},"geometry":{"type":"Polygon","coordinates":[[[120.080228,30.275131],[120.080462,30.275143],[120.08006,30.274883],[120.080038,30.275016],[120.080201,30.275032],[120.080228,30.275131]]]}},{"type":"Feature","properties":{"kind":"water","osmId":"way/513052824"},"geometry":{"type":"Polygon","coordinates":[[[120.080268,30.27426],[120.080449,30.27324],[120.080542,30.273229],[120.080366,30.274202],[120.080268,30.27426]]]}},{"type":"Feature","properties":{"kind":"water","osmId":"way/513052827"},"geometry":{"type":"Polygon","coordinates":[[[120.080602,30.271952],[120.080819,30.270983],[120.080932,30.271073],[120.080767,30.27193],[120.080923,30.271956],[120.080932,30.272068],[120.080767,30.272188],[120.080698,30.272809],[120.080797,30.272939],[120.080919,30.272932],[120.080784,30.273186],[120.080468,30.273141],[120.080542,30.272906],[120.080715,30.272928],[120.080611,30.272827],[120.080646,30.272674],[120.080581,30.272621],[120.080529,30.27282],[120.080356,30.272805],[120.080464,30.2723],[120.08059,30.272195],[120.080594,30.27209],[120.080429,30.272075],[120.080447,30.271877],[120.080538,30.27187],[120.080546,30.272004],[120.080602,30.271952]]]}},{"type":"Feature","properties":{"kind":"road","osmId":"way/534068616","name":"Xixi Road","roadClass":"secondary"},"geometry":{"type":"LineString","coordinates":[[120.074587,30.255685],[120.075749,30.256166],[120.07744,30.257204],[120.078281,30.25756],[120.081443,30.258389],[120.085966,30.259778],[120.087069,30.260001]]}},{"type":"Feature","properties":{"kind":"road","osmId":"way/538535840","name":"Wen'er Road West","roadClass":"secondary"},"geometry":{"type":"LineString","coordinates":[[120.040911,30.280107],[120.041278,30.280213]]}},{"type":"Feature","properties":{"kind":"road","osmId":"way/538535841","name":"Wen'er Road West","roadClass":"secondary"},"geometry":{"type":"LineString","coordinates":[[120.038286,30.279258],[120.040911,30.280107]]}},{"type":"Feature","properties":{"kind":"road","osmId":"way/538535842","name":"Wen'er Road West","roadClass":"secondary"},"geometry":{"type":"LineString","coordinates":[[120.040864,30.280215],[120.038137,30.279373]]}},{"type":"Feature","properties":{"kind":"road","osmId":"way/538535843","name":"Wen'er Road West","roadClass":"secondary"},"geometry":{"type":"LineString","coordinates":[[120.04123,30.280319],[120.040864,30.280215]]}},{"type":"Feature","properties":{"kind":"waterway","osmId":"way/538535844"},"geometry":{"type":"LineString","coordinates":[[120.041224,30.283617],[120.041202,30.282181],[120.04109,30.281699],[120.041074,30.280546],[120.04116,30.280056]]}},{"type":"Feature","properties":{"kind":"road","osmId":"way/544816370","roadClass":"residential"},"geometry":{"type":"LineString","coordinates":[[120.044311,30.289815],[120.043589,30.288077],[120.042461,30.287162],[120.042363,30.286752],[120.042393,30.285959],[120.042252,30.285512],[120.042227,30.284204],[120.042079,30.283767],[120.041722,30.283395],[120.041685,30.2829],[120.041432,30.282107],[120.041401,30.281335],[120.041253,30.280665],[120.041452,30.280377]]}},{"type":"Feature","properties":{"kind":"road","osmId":"way/544816382","name":"Jiangdun Road","roadClass":"secondary"},"geometry":{"type":"LineString","coordinates":[[120.064816,30.284519],[120.064735,30.286341]]}},{"type":"Feature","properties":{"kind":"road","osmId":"way/578316463","name":"访溪路","roadClass":"tertiary"},"geometry":{"type":"LineString","coordinates":[[120.041979,30.276909],[120.042239,30.277842],[120.043383,30.279229],[120.04355,30.279719],[120.04353,30.280331]]}},{"type":"Feature","properties":{"kind":"road","osmId":"way/578436471","name":"Tianmushan Road","roadClass":"primary"},"geometry":{"type":"LineString","coordinates":[[120.057532,30.256422],[120.063406,30.259054]]}},{"type":"Feature","properties":{"kind":"road","osmId":"way/579774001","roadClass":"residential"},"geometry":{"type":"LineString","coordinates":[[120.046046,30.284788],[120.045923,30.284896],[120.046043,30.284999],[120.046167,30.284898],[120.046046,30.284788]]}},{"type":"Feature","properties":{"kind":"road","osmId":"way/579774003","roadClass":"residential"},"geometry":{"type":"LineString","coordinates":[[120.045923,30.284896],[120.045089,30.284943],[120.04425,30.28515]]}},{"type":"Feature","properties":{"kind":"road","osmId":"way/579774004","roadClass":"residential"},"geometry":{"type":"LineString","coordinates":[[120.045973,30.284809],[120.045305,30.284175],[120.04506,30.283716],[120.044962,30.283181],[120.04506,30.282402],[120.044971,30.282063],[120.044819,30.281893],[120.04428,30.281684],[120.043346,30.281776]]}},{"type":"Feature","properties":{"kind":"road","osmId":"way/579774005","roadClass":"residential"},"geometry":{"type":"LineString","coordinates":[[120.048745,30.288491],[120.047856,30.288053],[120.047511,30.287633],[120.047282,30.287595],[120.046578,30.286885],[120.046346,30.286326],[120.04635,30.285493],[120.046114,30.284981]]}},{"type":"Feature","properties":{"kind":"road","osmId":"way/579774012","name":"Zijingang Road","roadClass":"primary"},"geometry":{"type":"LineString","coordinates":[[120.080363,30.289027],[120.080596,30.286092],[120.081264,30.284005],[120.081784,30.28285]]}},{"type":"Feature","properties":{"kind":"road","osmId":"way/579777257","name":"Xixi Road","roadClass":"secondary"},"geometry":{"type":"LineString","coordinates":[[120.088139,30.260406],[120.085563,30.259732],[120.081428,30.258447],[120.078259,30.257625],[120.077424,30.257263],[120.076011,30.256383],[120.075371,30.256092]]}},{"type":"Feature","properties":{"kind":"road","osmId":"way/579777259","name":"Xixi Road","roadClass":"secondary"},"geometry":{"type":"LineString","coordinates":[[120.074401,30.255762],[120.073748,30.255535],[120.072042,30.255217],[120.070002,30.253939],[120.069356,30.253414],[120.067363,30.251269],[120.063565,30.248229]]}},{"type":"Feature","properties":{"kind":"road","osmId":"way/579777261","name":"Tianmushan Road","roadClass":"primary"},"geometry":{"type":"LineString","coordinates":[[120.063806,30.2597],[120.060566,30.258146],[120.059173,30.257376],[120.054081,30.254967],[120.05272,30.254191]]}},{"type":"Feature","properties":{"kind":"road","osmId":"way/579778751","roadClass":"residential"},"geometry":{"type":"LineString","coordinates":[[120.045935,30.283171],[120.045787,30.283216],[120.045728,30.283113],[120.045872,30.283042],[120.045935,30.283171]]}},{"type":"Feature","properties":{"kind":"road","osmId":"way/579778752","roadClass":"residential"},"geometry":{"type":"LineString","coordinates":[[120.044964,30.283116],[120.045728,30.283113]]}},{"type":"Feature","properties":{"kind":"road","osmId":"way/594448695","name":"Wen'er Road West","roadClass":"secondary"},"geometry":{"type":"LineString","coordinates":[[120.043493,30.280636],[120.045268,30.280738]]}},{"type":"Feature","properties":{"kind":"road","osmId":"way/594448701","name":"Wen'er Road West","roadClass":"secondary"},"geometry":{"type":"LineString","coordinates":[[120.043471,30.280732],[120.04123,30.280319]]}},{"type":"Feature","properties":{"kind":"road","osmId":"way/594448704","name":"绕城辅道","roadClass":"tertiary"},"geometry":{"type":"LineString","coordinates":[[120.04375,30.284317],[120.044537,30.287095],[120.044934,30.287665],[120.045414,30.288078],[120.04602,30.288384],[120.046563,30.28847],[120.048745,30.288491],[120.049072,30.288873]]}},{"type":"Feature","properties":{"kind":"road","osmId":"way/594448709","name":"Wen'er Road West","roadClass":"secondary"},"geometry":{"type":"LineString","coordinates":[[120.053173,30.281556],[120.050176,30.280887],[120.046822,30.280835]]}},{"type":"Feature","properties":{"kind":"road","osmId":"way/594448713","name":"Chongyi Road","roadClass":"tertiary"},"geometry":{"type":"LineString","coordinates":[[120.057314,30.282578],[120.057328,30.282482]]}},{"type":"Feature","properties":{"kind":"road","osmId":"way/595770624","name":"Jiangdun Road","roadClass":"secondary"},"geometry":{"type":"LineString","coordinates":[[120.064586,30.28619],[120.064705,30.282923],[120.064794,30.282818]]}},{"type":"Feature","properties":{"kind":"road","osmId":"way/639059968","name":"Tianmushan Road","roadClass":"primary"},"geometry":{"type":"LineString","coordinates":[[120.086671,30.265019],[120.074553,30.263684]]}},{"type":"Feature","properties":{"kind":"park","osmId":"way/639059981","name":"杭州城西休闲公园"},"geometry":{"type":"Polygon","coordinates":[[[120.077386,30.263447],[120.078652,30.260964],[120.078877,30.260343],[120.080229,30.260621],[120.080551,30.259574],[120.084284,30.260352],[120.083759,30.261696],[120.084091,30.261761],[120.08378,30.26265],[120.085057,30.262891],[120.084715,30.264309],[120.077386,30.263447]]]}},{"type":"Feature","properties":{"kind":"water","osmId":"way/648700799"},"geometry":{"type":"Polygon","coordinates":[[[120.072275,30.27353],[120.07199,30.273448],[120.071837,30.273266],[120.072035,30.272835],[120.07263,30.273141],[120.072601,30.273469],[120.072275,30.27353]]]}},{"type":"Feature","properties":{"kind":"water","osmId":"way/648700826"},"geometry":{"type":"Polygon","coordinates":[[[120.072528,30.271699],[120.072412,30.271778],[120.072303,30.271711],[120.072363,30.271222],[120.072493,30.271001],[120.072813,30.27104],[120.072767,30.271523],[120.072655,30.271462],[120.072754,30.27114],[120.072451,30.271256],[120.072423,30.271411],[120.07262,30.27166],[120.072528,30.271699]]]}},{"type":"Feature","properties":{"kind":"water","osmId":"way/648700836"},"geometry":{"type":"Polygon","coordinates":[[[120.073883,30.272819],[120.073785,30.272679],[120.073924,30.27259],[120.074628,30.272729],[120.074674,30.272879],[120.073883,30.272819]]]}},{"type":"Feature","properties":{"kind":"water","osmId":"way/648700837"},"geometry":{"type":"Polygon","coordinates":[[[120.073716,30.272555],[120.073474,30.27251],[120.073456,30.272435],[120.073889,30.272206],[120.074726,30.27239],[120.07468,30.27256],[120.073889,30.272385],[120.073716,30.272555]]]}},{"type":"Feature","properties":{"kind":"water","osmId":"way/648700839"},"geometry":{"type":"Polygon","coordinates":[[[120.074143,30.272101],[120.074028,30.272011],[120.074103,30.271867],[120.074657,30.271971],[120.074564,30.272166],[120.074143,30.272101]]]}},{"type":"Feature","properties":{"kind":"water","osmId":"way/648700840"},"geometry":{"type":"Polygon","coordinates":[[[120.074172,30.271717],[120.074079,30.271687],[120.074114,30.271558],[120.074385,30.271578],[120.074553,30.271697],[120.074472,30.271772],[120.074172,30.271717]]]}},{"type":"Feature","properties":{"kind":"water","osmId":"way/648700841"},"geometry":{"type":"Polygon","coordinates":[[[120.074784,30.274543],[120.074628,30.274404],[120.074674,30.2741],[120.074801,30.274005],[120.074905,30.27416],[120.074784,30.274543]]]}},{"type":"Feature","properties":{"kind":"water","osmId":"way/648700842"},"geometry":{"type":"Polygon","coordinates":[[[120.07476,30.273866],[120.074605,30.273801],[120.074697,30.273367],[120.074893,30.273422],[120.07476,30.273866]]]}},{"type":"Feature","properties":{"kind":"water","osmId":"way/648700843"},"geometry":{"type":"Polygon","coordinates":[[[120.075493,30.274808],[120.07539,30.274793],[120.075349,30.274633],[120.075465,30.274204],[120.075592,30.274145],[120.075695,30.274274],[120.075574,30.274778],[120.075493,30.274808]]]}},{"type":"Feature","properties":{"kind":"water","osmId":"way/648700844"},"geometry":{"type":"Polygon","coordinates":[[[120.075742,30.274095],[120.075447,30.274],[120.075528,30.273631],[120.07584,30.273691],[120.075742,30.274095]]]}},{"type":"Feature","properties":{"kind":"water","osmId":"way/648700845"},"geometry":{"type":"Polygon","coordinates":[[[120.075915,30.274299],[120.075834,30.274125],[120.075949,30.27404],[120.076013,30.273751],[120.076146,30.273746],[120.076042,30.274254],[120.075915,30.274299]]]}},{"type":"Feature","properties":{"kind":"water","osmId":"way/648700846"},"geometry":{"type":"Polygon","coordinates":[[[120.076209,30.273636],[120.07614,30.273611],[120.076209,30.273352],[120.076405,30.273402],[120.076446,30.273586],[120.076209,30.273636]]]}},{"type":"Feature","properties":{"kind":"water","osmId":"way/648705075"},"geometry":{"type":"Polygon","coordinates":[[[120.075862,30.273472],[120.075729,30.273376],[120.075884,30.273086],[120.074876,30.273096],[120.07481,30.273062],[120.074837,30.27281],[120.075961,30.272986],[120.075994,30.273367],[120.075862,30.273472]]]}},{"type":"Feature","properties":{"kind":"water","osmId":"way/648705076"},"geometry":{"type":"Polygon","coordinates":[[[120.074848,30.272639],[120.075928,30.272863],[120.075972,30.272701],[120.075785,30.272568],[120.07492,30.27241],[120.074848,30.272639]]]}},{"type":"Feature","properties":{"kind":"water","osmId":"way/648705077"},"geometry":{"type":"Polygon","coordinates":[[[120.075102,30.272268],[120.075002,30.272244],[120.074947,30.272087],[120.075085,30.271621],[120.07519,30.271568],[120.075102,30.272268]]]}},{"type":"Feature","properties":{"kind":"water","osmId":"way/648705078"},"geometry":{"type":"Polygon","coordinates":[[[120.075636,30.272363],[120.07563,30.272049],[120.076181,30.272158],[120.076082,30.272563],[120.075636,30.272363]]]}},{"type":"Feature","properties":{"kind":"water","osmId":"way/648705079"},"geometry":{"type":"Polygon","coordinates":[[[120.076391,30.273224],[120.076159,30.273148],[120.076308,30.272772],[120.076495,30.272905],[120.076391,30.273224]]]}},{"type":"Feature","properties":{"kind":"water","osmId":"way/648705080"},"geometry":{"type":"Polygon","coordinates":[[[120.076661,30.273034],[120.076583,30.272905],[120.076639,30.272753],[120.077283,30.272596],[120.077256,30.27281],[120.077101,30.272848],[120.076964,30.273081],[120.076661,30.273034]]]}},{"type":"Feature","properties":{"kind":"water","osmId":"way/648705081"},"geometry":{"type":"Polygon","coordinates":[[[120.076302,30.272663],[120.076187,30.272625],[120.076336,30.272206],[120.076903,30.272239],[120.077068,30.27253],[120.076302,30.272663]]]}},{"type":"Feature","properties":{"kind":"water","osmId":"way/648705082"},"geometry":{"type":"Polygon","coordinates":[[[120.077504,30.273115],[120.077404,30.273039],[120.077526,30.272577],[120.077625,30.272696],[120.077504,30.273115]]]}},{"type":"Feature","properties":{"kind":"water","osmId":"way/648705083"},"geometry":{"type":"Polygon","coordinates":[[[120.076909,30.272168],[120.076749,30.272101],[120.076743,30.271559],[120.076633,30.272101],[120.076242,30.272054],[120.076473,30.271859],[120.076539,30.271611],[120.076804,30.271407],[120.077101,30.271502],[120.076986,30.272144],[120.076909,30.272168]]]}},{"type":"Feature","properties":{"kind":"water","osmId":"way/648705084"},"geometry":{"type":"Polygon","coordinates":[[[120.076044,30.271859],[120.075922,30.271844],[120.075939,30.271711],[120.076302,30.271768],[120.076044,30.271859]]]}},{"type":"Feature","properties":{"kind":"water","osmId":"way/648705097"},"geometry":{"type":"Polygon","coordinates":[[[120.078253,30.271997],[120.078126,30.271997],[120.078104,30.271854],[120.078236,30.271468],[120.078385,30.271564],[120.078313,30.271939],[120.078506,30.271668],[120.078842,30.271835],[120.078765,30.27212],[120.078253,30.271997]]]}},{"type":"Feature","properties":{"kind":"water","osmId":"way/648705098"},"geometry":{"type":"Polygon","coordinates":[[[120.078413,30.273024],[120.078308,30.273059],[120.078258,30.272867],[120.078431,30.27251],[120.078413,30.273024]]]}},{"type":"Feature","properties":{"kind":"water","osmId":"way/648705099"},"geometry":{"type":"Polygon","coordinates":[[[120.078644,30.272985],[120.078558,30.272879],[120.07864,30.272796],[120.078644,30.272486],[120.078481,30.272385],[120.078449,30.272228],[120.07859,30.272279],[120.07884,30.272173],[120.078985,30.27233],[120.07884,30.272455],[120.078758,30.272996],[120.078644,30.272985]]]}},{"type":"Feature","properties":{"kind":"water","osmId":"way/648705100"},"geometry":{"type":"Polygon","coordinates":[[[120.077466,30.274936],[120.077285,30.274876],[120.077404,30.274294],[120.07756,30.274348],[120.077578,30.27445],[120.077466,30.274936]]]}},{"type":"Feature","properties":{"kind":"water","osmId":"way/648705105"},"geometry":{"type":"Polygon","coordinates":[[[120.076181,30.276035],[120.075625,30.27597],[120.075824,30.275838],[120.076169,30.275889],[120.076181,30.276035]]]}},{"type":"Feature","properties":{"kind":"water","osmId":"way/648705106"},"geometry":{"type":"Polygon","coordinates":[[[120.075309,30.275924],[120.075128,30.275929],[120.075081,30.275768],[120.075134,30.275166],[120.075268,30.27506],[120.075461,30.275156],[120.075309,30.275924]]]}},{"type":"Feature","properties":{"kind":"water","osmId":"way/648705107"},"geometry":{"type":"Polygon","coordinates":[[[120.073946,30.275772],[120.073934,30.275596],[120.074356,30.275565],[120.074285,30.275808],[120.073946,30.275772]]]}},{"type":"Feature","properties":{"kind":"water","osmId":"way/648705108"},"geometry":{"type":"Polygon","coordinates":[[[120.074484,30.275394],[120.07442,30.275358],[120.07449,30.275055],[120.074753,30.275075],[120.074724,30.275389],[120.074484,30.275394]]]}},{"type":"Feature","properties":{"kind":"water","osmId":"way/648705109"},"geometry":{"type":"Polygon","coordinates":[[[120.073139,30.275661],[120.072998,30.275571],[120.073074,30.275338],[120.073191,30.275343],[120.07308,30.275293],[120.073074,30.275131],[120.07315,30.274964],[120.073291,30.274909],[120.07342,30.274984],[120.073408,30.275328],[120.073244,30.275338],[120.073355,30.27552],[120.073139,30.275661]]]}},{"type":"Feature","properties":{"kind":"water","osmId":"way/648705110"},"geometry":{"type":"Polygon","coordinates":[[[120.073537,30.275429],[120.07346,30.275333],[120.073513,30.274914],[120.07363,30.274863],[120.073665,30.27504],[120.073537,30.275429]]]}},{"type":"Feature","properties":{"kind":"water","osmId":"way/648705111"},"geometry":{"type":"Polygon","coordinates":[[[120.073431,30.274848],[120.07325,30.274808],[120.073273,30.274666],[120.073478,30.274646],[120.073431,30.274848]]]}},{"type":"Feature","properties":{"kind":"water","osmId":"way/648705112"},"geometry":{"type":"Polygon","coordinates":[[[120.072687,30.270331],[120.072617,30.27026],[120.072821,30.269868],[120.072973,30.269873],[120.072978,30.2702],[120.072687,30.270331]]]}},{"type":"Feature","properties":{"kind":"water","osmId":"way/648705113"},"geometry":{"type":"Polygon","coordinates":[[[120.073234,30.270829],[120.07317,30.270678],[120.073537,30.269707],[120.073677,30.269697],[120.073234,30.270829]]]}},{"type":"Feature","properties":{"kind":"water","osmId":"way/648705114"},"geometry":{"type":"Polygon","coordinates":[[[120.073456,30.270959],[120.073345,30.270849],[120.073479,30.270713],[120.073846,30.269763],[120.074026,30.269742],[120.074137,30.269853],[120.074021,30.2702],[120.073764,30.270366],[120.073456,30.270959]]]}},{"type":"Feature","properties":{"kind":"water","osmId":"way/648705115"},"geometry":{"type":"Polygon","coordinates":[[[120.073677,30.271025],[120.073578,30.270964],[120.073753,30.270487],[120.073892,30.270446],[120.073677,30.271025]]]}},{"type":"Feature","properties":{"kind":"water","osmId":"way/648705116"},"geometry":{"type":"Polygon","coordinates":[[[120.073962,30.271045],[120.074084,30.270557],[120.074242,30.270512],[120.074119,30.271075],[120.073962,30.271045]]]}},{"type":"Feature","properties":{"kind":"water","osmId":"way/648705117"},"geometry":{"type":"Polygon","coordinates":[[[120.074597,30.271155],[120.074539,30.271035],[120.074742,30.270567],[120.074783,30.270673],[120.074597,30.271155]]]}},{"type":"Feature","properties":{"kind":"water","osmId":"way/648705118"},"geometry":{"type":"Polygon","coordinates":[[[120.074783,30.271181],[120.074929,30.270597],[120.074987,30.270618],[120.074783,30.271181]]]}},{"type":"Feature","properties":{"kind":"water","osmId":"way/679631787"},"geometry":{"type":"Polygon","coordinates":[[[120.073411,30.286488],[120.073587,30.285544],[120.07355,30.28532],[120.073365,30.285187],[120.072459,30.285105],[120.070047,30.28518],[120.067964,30.285126],[120.067856,30.285191],[120.067881,30.284881],[120.069064,30.28499],[120.070022,30.284809],[120.070712,30.285001],[120.072299,30.284886],[120.072379,30.283484],[120.072518,30.282899],[120.072718,30.282904],[120.072546,30.284879],[120.072844,30.284972],[120.073571,30.284958],[120.073738,30.285075],[120.073818,30.28531],[120.073596,30.287725],[120.073701,30.287824],[120.075516,30.288061],[120.075596,30.288225],[120.075389,30.289598],[120.075201,30.289585],[120.075349,30.288377],[120.075284,30.288287],[120.07346,30.287981],[120.07331,30.28784],[120.073411,30.286488]]]}},{"type":"Feature","properties":{"kind":"road","osmId":"way/679631801","name":"Ziyun Street","roadClass":"unclassified"},"geometry":{"type":"LineString","coordinates":[[120.072058,30.284716],[120.06805,30.284717]]}},{"type":"Feature","properties":{"kind":"road","osmId":"way/679636967","name":"福堤","roadClass":"unclassified"},"geometry":{"type":"LineString","coordinates":[[120.065262,30.27942],[120.066437,30.277072],[120.067391,30.276551],[120.067632,30.275681],[120.067799,30.275262],[120.068181,30.274768],[120.068341,30.27411]]}},{"type":"Feature","properties":{"kind":"road","osmId":"way/679636975","name":"Ziyun Street","roadClass":"unclassified"},"geometry":{"type":"LineString","coordinates":[[120.064661,30.284486],[120.061249,30.284382]]}},{"type":"Feature","properties":{"kind":"water","osmId":"way/679636978"},"geometry":{"type":"Polygon","coordinates":[[[120.06127,30.282984],[120.06115,30.283865],[120.060769,30.285189],[120.060771,30.28628],[120.060989,30.28717],[120.06032,30.287593],[120.05936,30.2879],[120.059148,30.288347],[120.059124,30.289444],[120.058035,30.289556],[120.057614,30.289889],[120.056951,30.290111],[120.057045,30.290218],[120.057713,30.289991],[120.058303,30.28963],[120.059226,30.289611],[120.059341,30.288337],[120.059449,30.28805],[120.060167,30.287826],[120.061229,30.287216],[120.065001,30.286524],[120.065223,30.286709],[120.065835,30.287842],[120.066092,30.287849],[120.067503,30.287448],[120.067334,30.287325],[120.066216,30.287645],[120.066017,30.287626],[120.065795,30.287367],[120.065411,30.286586],[120.065049,30.286441],[120.061398,30.286987],[120.061066,30.286894],[120.060977,30.286721],[120.060913,30.285528],[120.061679,30.282617],[120.061485,30.282608],[120.06127,30.282984]]]}},{"type":"Feature","properties":{"kind":"road","osmId":"way/679647545","name":"洪家埭路","roadClass":"unclassified"},"geometry":{"type":"LineString","coordinates":[[120.039681,30.278687],[120.039689,30.278499],[120.040546,30.277806]]}},{"type":"Feature","properties":{"kind":"road","osmId":"way/679647546","name":"洪家埭路","roadClass":"unclassified"},"geometry":{"type":"LineString","coordinates":[[120.039544,30.27159],[120.040546,30.277806]]}},{"type":"Feature","properties":{"kind":"road","osmId":"way/679647549","name":"白庙支路","roadClass":"unclassified"},"geometry":{"type":"LineString","coordinates":[[120.040118,30.275403],[120.038132,30.276479]]}},{"type":"Feature","properties":{"kind":"waterway","osmId":"way/679651211"},"geometry":{"type":"LineString","coordinates":[[120.034282,30.268762],[120.034523,30.26669],[120.03443,30.266251],[120.034515,30.265577],[120.038094,30.258011],[120.039241,30.257183],[120.0395,30.257137],[120.041824,30.257315],[120.04499,30.257798],[120.045589,30.257829],[120.046008,30.257574]]}},{"type":"Feature","properties":{"kind":"road","osmId":"way/696280933","name":"Xixi Road","roadClass":"tertiary"},"geometry":{"type":"LineString","coordinates":[[120.088139,30.260406],[120.08514,30.259684],[120.081533,30.258551],[120.078166,30.257673],[120.077126,30.257189],[120.075371,30.256092]]}},{"type":"Feature","properties":{"kind":"road","osmId":"way/696280934","roadClass":"residential"},"geometry":{"type":"LineString","coordinates":[[120.079253,30.257824],[120.079973,30.255257]]}},{"type":"Feature","properties":{"kind":"road","osmId":"way/696280935","roadClass":"residential"},"geometry":{"type":"LineString","coordinates":[[120.080569,30.258294],[120.08019,30.259711],[120.078959,30.259394]]}},{"type":"Feature","properties":{"kind":"road","osmId":"way/696280936","name":"Xixi Road","roadClass":"tertiary"},"geometry":{"type":"LineString","coordinates":[[120.078298,30.257488],[120.081904,30.258439],[120.087069,30.260001]]}},{"type":"Feature","properties":{"kind":"road","osmId":"way/696282259","roadClass":"residential"},"geometry":{"type":"LineString","coordinates":[[120.071031,30.254711],[120.070715,30.255126]]}},{"type":"Feature","properties":{"kind":"road","osmId":"way/696282260","name":"Xixi Road","roadClass":"tertiary"},"geometry":{"type":"LineString","coordinates":[[120.074401,30.255762],[120.072333,30.255374],[120.07143,30.254984],[120.069498,30.253638],[120.067897,30.251897]]}},{"type":"Feature","properties":{"kind":"road","osmId":"way/696282263","name":"Xixi Road","roadClass":"tertiary"},"geometry":{"type":"LineString","coordinates":[[120.062801,30.2475],[120.06299,30.247554],[120.067273,30.250996],[120.069737,30.253554],[120.071772,30.254937],[120.072111,30.255101],[120.073284,30.255375]]}},{"type":"Feature","properties":{"kind":"road","osmId":"way/696329586","name":"明谷街","roadClass":"tertiary"},"geometry":{"type":"LineString","coordinates":[[120.073312,30.259422],[120.078579,30.260569]]}},{"type":"Feature","properties":{"kind":"water","osmId":"way/782685447"},"geometry":{"type":"Polygon","coordinates":[[[120.072962,30.27862],[120.072596,30.278516],[120.072637,30.278301],[120.072975,30.278285],[120.072962,30.27862]]]}},{"type":"Feature","properties":{"kind":"water","osmId":"way/782685448"},"geometry":{"type":"Polygon","coordinates":[[[120.072797,30.27812],[120.072547,30.278104],[120.072547,30.27785],[120.072837,30.277893],[120.072797,30.27812]]]}},{"type":"Feature","properties":{"kind":"water","osmId":"way/782685449"},"geometry":{"type":"Polygon","coordinates":[[[120.072766,30.277812],[120.072583,30.2778],[120.072561,30.277681],[120.072717,30.277442],[120.072926,30.277473],[120.072882,30.277796],[120.072766,30.277812]]]}},{"type":"Feature","properties":{"kind":"water","osmId":"way/782685450"},"geometry":{"type":"Polygon","coordinates":[[[120.073006,30.27815],[120.07298,30.277943],[120.073198,30.277866],[120.073006,30.277754],[120.073051,30.277561],[120.073363,30.277581],[120.073256,30.277935],[120.073314,30.27815],[120.073006,30.27815]]]}},{"type":"Feature","properties":{"kind":"water","osmId":"way/782685451"},"geometry":{"type":"Polygon","coordinates":[[[120.073729,30.278108],[120.073693,30.27785],[120.07384,30.277731],[120.073827,30.278027],[120.073729,30.278108]]]}},{"type":"Feature","properties":{"kind":"water","osmId":"way/782685452"},"geometry":{"type":"Polygon","coordinates":[[[120.072877,30.277388],[120.072672,30.277334],[120.072641,30.277161],[120.072828,30.276503],[120.073006,30.276468],[120.073082,30.276607],[120.072957,30.277338],[120.072877,30.277388]]]}},{"type":"Feature","properties":{"kind":"water","osmId":"way/782685453"},"geometry":{"type":"Polygon","coordinates":[[[120.073185,30.277438],[120.073082,30.27718],[120.073145,30.276926],[120.073261,30.276834],[120.073452,30.276865],[120.073528,30.276957],[120.073479,30.277261],[120.073305,30.277442],[120.073185,30.277438]]]}},{"type":"Feature","properties":{"kind":"water","osmId":"way/782685454"},"geometry":{"type":"Polygon","coordinates":[[[120.073082,30.276345],[120.072873,30.276291],[120.07302,30.275968],[120.073225,30.276083],[120.073082,30.276345]]]}},{"type":"Feature","properties":{"kind":"water","osmId":"way/782685455"},"geometry":{"type":"Polygon","coordinates":[[[120.073216,30.276699],[120.073176,30.276487],[120.073332,30.27606],[120.07351,30.276076],[120.073568,30.276226],[120.073488,30.276715],[120.073216,30.276699]]]}},{"type":"Feature","properties":{"kind":"water","osmId":"way/782685456"},"geometry":{"type":"Polygon","coordinates":[[[120.073853,30.276792],[120.073733,30.276688],[120.073764,30.276206],[120.073943,30.276168],[120.074339,30.276283],[120.074388,30.276868],[120.074228,30.277065],[120.074321,30.277223],[120.074223,30.277423],[120.073938,30.2773],[120.073974,30.277119],[120.074134,30.277011],[120.073978,30.276826],[120.074094,30.276661],[120.074054,30.276272],[120.073889,30.276322],[120.073853,30.276792]]]}},{"type":"Feature","properties":{"kind":"water","osmId":"way/782685457"},"geometry":{"type":"Polygon","coordinates":[[[120.073773,30.277076],[120.073671,30.277019],[120.073693,30.276922],[120.073929,30.276992],[120.073773,30.277076]]]}},{"type":"Feature","properties":{"kind":"water","osmId":"way/782685458"},"geometry":{"type":"Polygon","coordinates":[[[120.073947,30.277646],[120.073773,30.277638],[120.073675,30.277507],[120.073916,30.277511],[120.073947,30.277646]]]}},{"type":"Feature","properties":{"kind":"water","osmId":"way/782685459"},"geometry":{"type":"Polygon","coordinates":[[[120.075095,30.276652],[120.075012,30.276593],[120.074997,30.276146],[120.075415,30.276172],[120.075489,30.276597],[120.075351,30.27658],[120.075322,30.276274],[120.075199,30.276244],[120.07513,30.276291],[120.075184,30.27661],[120.075095,30.276652]]]}},{"type":"Feature","properties":{"kind":"water","osmId":"way/782685460"},"geometry":{"type":"Polygon","coordinates":[[[120.075784,30.276576],[120.075563,30.276359],[120.075607,30.276163],[120.07608,30.276163],[120.076149,30.276389],[120.076306,30.276291],[120.076596,30.276389],[120.076444,30.276571],[120.076183,30.276461],[120.076006,30.276597],[120.075784,30.276576]]]}},{"type":"Feature","properties":{"kind":"water","osmId":"way/782685461"},"geometry":{"type":"Polygon","coordinates":[[[120.077153,30.276525],[120.077015,30.276406],[120.077704,30.276431],[120.077866,30.276525],[120.077788,30.276593],[120.077153,30.276525]]]}},{"type":"Feature","properties":{"kind":"water","osmId":"way/782685462"},"geometry":{"type":"Polygon","coordinates":[[[120.078211,30.276996],[120.07828,30.276682],[120.078117,30.276533],[120.078393,30.276652],[120.078368,30.276903],[120.078211,30.276996]]]}},{"type":"Feature","properties":{"kind":"water","osmId":"way/782685463"},"geometry":{"type":"Polygon","coordinates":[[[120.078718,30.277065],[120.078629,30.277047],[120.0786,30.276894],[120.078752,30.276771],[120.078846,30.276945],[120.078718,30.277065]]]}},{"type":"Feature","properties":{"kind":"water","osmId":"way/782685464"},"geometry":{"type":"Polygon","coordinates":[[[120.077704,30.277383],[120.077669,30.27706],[120.077738,30.277128],[120.077704,30.277383]]]}},{"type":"Feature","properties":{"kind":"water","osmId":"way/782685465"},"geometry":{"type":"Polygon","coordinates":[[[120.078368,30.277655],[120.078216,30.277477],[120.078368,30.277124],[120.078531,30.277166],[120.078585,30.277298],[120.078531,30.277604],[120.078368,30.277655]]]}},{"type":"Feature","properties":{"kind":"water","osmId":"way/782685466"},"geometry":{"type":"Polygon","coordinates":[[[120.078669,30.27757],[120.078669,30.277217],[120.078787,30.277183],[120.078964,30.277383],[120.078974,30.277558],[120.078669,30.27757]]]}},{"type":"Feature","properties":{"kind":"water","osmId":"way/782685467"},"geometry":{"type":"Polygon","coordinates":[[[120.079289,30.277039],[120.078969,30.27695],[120.079003,30.276809],[120.079294,30.276826],[120.079289,30.277039]]]}},{"type":"Feature","properties":{"kind":"water","osmId":"way/782685468"},"geometry":{"type":"Polygon","coordinates":[[[120.079825,30.277311],[120.079628,30.277264],[120.079564,30.276954],[120.079773,30.27693],[120.079889,30.27715],[120.079825,30.277311]]]}},{"type":"Feature","properties":{"kind":"water","osmId":"way/782685469"},"geometry":{"type":"Polygon","coordinates":[[[120.079653,30.276852],[120.079584,30.276703],[120.079712,30.276733],[120.079653,30.276852]]]}},{"type":"Feature","properties":{"kind":"water","osmId":"way/782685470"},"geometry":{"type":"Polygon","coordinates":[[[120.079879,30.27797],[120.079746,30.277889],[120.079702,30.277613],[120.079934,30.277668],[120.079879,30.27797]]]}},{"type":"Feature","properties":{"kind":"water","osmId":"way/782685471"},"geometry":{"type":"Polygon","coordinates":[[[120.080465,30.278178],[120.080278,30.278106],[120.080278,30.277893],[120.080347,30.277732],[120.080505,30.277702],[120.080613,30.277804],[120.080465,30.278178]]]}},{"type":"Feature","properties":{"kind":"water","osmId":"way/782685472"},"geometry":{"type":"Polygon","coordinates":[[[120.080829,30.278297],[120.080692,30.278221],[120.080711,30.27797],[120.08077,30.277804],[120.080933,30.277783],[120.080967,30.277957],[120.080829,30.278297]]]}},{"type":"Feature","properties":{"kind":"water","osmId":"way/782685473"},"geometry":{"type":"Polygon","coordinates":[[[120.080342,30.277009],[120.080224,30.276928],[120.080327,30.276763],[120.080411,30.276835],[120.080342,30.277009]]]}},{"type":"Feature","properties":{"kind":"water","osmId":"way/782685474"},"geometry":{"type":"Polygon","coordinates":[[[120.080726,30.277009],[120.080711,30.276848],[120.080977,30.276894],[120.080933,30.277052],[120.080726,30.277009]]]}},{"type":"Feature","properties":{"kind":"water","osmId":"way/782685476"},"geometry":{"type":"Polygon","coordinates":[[[120.080997,30.278905],[120.080908,30.278862],[120.080913,30.278607],[120.081046,30.278565],[120.081174,30.278629],[120.081164,30.278739],[120.08112,30.278905],[120.080997,30.278905]]]}},{"type":"Feature","properties":{"kind":"water","osmId":"way/782685477"},"geometry":{"type":"Polygon","coordinates":[[[120.080578,30.278871],[120.080421,30.278828],[120.080514,30.278433],[120.08081,30.278471],[120.0808,30.278799],[120.080578,30.278871]]]}},{"type":"Feature","properties":{"kind":"water","osmId":"way/782685478"},"geometry":{"type":"Polygon","coordinates":[[[120.080037,30.278773],[120.079894,30.278425],[120.080411,30.278429],[120.080298,30.278799],[120.080175,30.278688],[120.080037,30.278773]]]}},{"type":"Feature","properties":{"kind":"water","osmId":"way/782685479"},"geometry":{"type":"Polygon","coordinates":[[[120.080126,30.280431],[120.080208,30.280224],[120.080387,30.280241],[120.080468,30.280409],[120.080126,30.280431]]]}},{"type":"Feature","properties":{"kind":"water","osmId":"way/782685480"},"geometry":{"type":"Polygon","coordinates":[[[120.080341,30.280087],[120.080131,30.280048],[120.080198,30.279885],[120.08057,30.279876],[120.080576,30.280092],[120.080341,30.280087]]]}},{"type":"Feature","properties":{"kind":"water","osmId":"way/782685481"},"geometry":{"type":"Polygon","coordinates":[[[120.080101,30.279642],[120.079953,30.279505],[120.079989,30.278999],[120.080121,30.278955],[120.080239,30.279012],[120.080101,30.279642]]]}},{"type":"Feature","properties":{"kind":"water","osmId":"way/782685482"},"geometry":{"type":"Polygon","coordinates":[[[120.080351,30.279686],[120.080254,30.279558],[120.080392,30.279016],[120.080535,30.279087],[120.080535,30.279193],[120.080433,30.279682],[120.080351,30.279686]]]}},{"type":"Feature","properties":{"kind":"water","osmId":"way/782685483"},"geometry":{"type":"Polygon","coordinates":[[[120.080719,30.279765],[120.080565,30.279664],[120.080627,30.279197],[120.080912,30.279109],[120.080846,30.279691],[120.080719,30.279765]]]}},{"type":"Feature","properties":{"kind":"water","osmId":"way/782685484"},"geometry":{"type":"Polygon","coordinates":[[[120.079397,30.27951],[120.079315,30.27932],[120.079376,30.278858],[120.079473,30.2788],[120.079488,30.279338],[120.079397,30.27951]]]}},{"type":"Feature","properties":{"kind":"water","osmId":"way/782685485"},"geometry":{"type":"Polygon","coordinates":[[[120.079274,30.278668],[120.079187,30.278549],[120.07932,30.278077],[120.079274,30.278668]]]}},{"type":"Feature","properties":{"kind":"water","osmId":"way/782685486"},"geometry":{"type":"Polygon","coordinates":[[[120.078917,30.278179],[120.07885,30.278007],[120.078978,30.278077],[120.078917,30.278179]]]}},{"type":"Feature","properties":{"kind":"water","osmId":"way/782685487"},"geometry":{"type":"Polygon","coordinates":[[[120.078988,30.278853],[120.079024,30.27862],[120.079198,30.278813],[120.078988,30.278853]]]}},{"type":"Feature","properties":{"kind":"water","osmId":"way/782685488"},"geometry":{"type":"Polygon","coordinates":[[[120.078677,30.279021],[120.078534,30.278858],[120.078565,30.277967],[120.078697,30.277998],[120.078718,30.278095],[120.078774,30.278999],[120.078677,30.279021]]]}},{"type":"Feature","properties":{"kind":"water","osmId":"way/782685489"},"geometry":{"type":"Polygon","coordinates":[[[120.078131,30.279201],[120.078064,30.279016],[120.077651,30.279034],[120.077579,30.278928],[120.078463,30.278976],[120.078559,30.279082],[120.078513,30.27921],[120.078131,30.279201]]]}},{"type":"Feature","properties":{"kind":"water","osmId":"way/782685490"},"geometry":{"type":"Polygon","coordinates":[[[120.07808,30.278805],[120.078008,30.278756],[120.078034,30.277976],[120.078371,30.277941],[120.078406,30.278769],[120.07836,30.27884],[120.07808,30.278805]]]}},{"type":"Feature","properties":{"kind":"water","osmId":"way/782685491"},"geometry":{"type":"Polygon","coordinates":[[[120.077666,30.278822],[120.077523,30.278756],[120.077579,30.278368],[120.077773,30.278381],[120.07784,30.278531],[120.07784,30.278778],[120.077666,30.278822]]]}},{"type":"Feature","properties":{"kind":"water","osmId":"way/782685492"},"geometry":{"type":"Polygon","coordinates":[[[120.077794,30.278262],[120.077549,30.278214],[120.077574,30.277848],[120.077876,30.277875],[120.077891,30.278174],[120.077794,30.278262]]]}},{"type":"Feature","properties":{"kind":"water","osmId":"way/782685493"},"geometry":{"type":"Polygon","coordinates":[[[120.079034,30.279619],[120.079013,30.279232],[120.079087,30.27915],[120.079103,30.279551],[120.079034,30.279619]]]}},{"type":"Feature","properties":{"kind":"water","osmId":"way/782685494"},"geometry":{"type":"Polygon","coordinates":[[[120.078644,30.279629],[120.078601,30.279364],[120.078807,30.279337],[120.078849,30.279588],[120.078644,30.279629]]]}},{"type":"Feature","properties":{"kind":"water","osmId":"way/782685495"},"geometry":{"type":"Polygon","coordinates":[[[120.078248,30.279729],[120.078285,30.279364],[120.078422,30.279328],[120.078422,30.27972],[120.078248,30.279729]]]}},{"type":"Feature","properties":{"kind":"water","osmId":"way/782685496"},"geometry":{"type":"Polygon","coordinates":[[[120.077007,30.280121],[120.077235,30.28004],[120.077303,30.279875],[120.077403,30.278284],[120.077408,30.279123],[120.077598,30.279305],[120.077704,30.279688],[120.077656,30.279829],[120.077435,30.279866],[120.077306,30.280099],[120.077007,30.280121]]]}},{"type":"Feature","properties":{"kind":"water","osmId":"way/782685497"},"geometry":{"type":"Polygon","coordinates":[[[120.07782,30.279784],[120.077862,30.279533],[120.077762,30.279291],[120.077862,30.279255],[120.078116,30.27936],[120.078137,30.279483],[120.078031,30.279838],[120.07782,30.279784]]]}},{"type":"Feature","properties":{"kind":"water","osmId":"way/782687188"},"geometry":{"type":"Polygon","coordinates":[[[120.080771,30.282673],[120.080652,30.282614],[120.080789,30.282194],[120.080693,30.281948],[120.080748,30.281592],[120.081014,30.2816],[120.080881,30.282273],[120.081097,30.282229],[120.081147,30.281627],[120.081436,30.281627],[120.081303,30.28221],[120.081188,30.282261],[120.081207,30.282443],[120.08095,30.282475],[120.080771,30.282673]]]}},{"type":"Feature","properties":{"kind":"water","osmId":"way/782687190"},"geometry":{"type":"Polygon","coordinates":[[[120.079751,30.281941],[120.079115,30.281878],[120.079008,30.281706],[120.078893,30.281806],[120.07875,30.281714],[120.078759,30.281535],[120.079382,30.281603],[120.079484,30.281846],[120.07976,30.281774],[120.08001,30.28187],[120.079977,30.281985],[120.079751,30.281941]]]}},{"type":"Feature","properties":{"kind":"water","osmId":"way/782687191"},"geometry":{"type":"Polygon","coordinates":[[[120.078256,30.282459],[120.078127,30.282292],[120.078169,30.282017],[120.078335,30.282045],[120.078256,30.282459]]]}},{"type":"Feature","properties":{"kind":"water","osmId":"way/782687192"},"geometry":{"type":"Polygon","coordinates":[[[120.078496,30.2817],[120.078218,30.281659],[120.078252,30.281392],[120.078555,30.28141],[120.078496,30.2817]]]}},{"type":"Feature","properties":{"kind":"water","osmId":"way/782687193"},"geometry":{"type":"Polygon","coordinates":[[[120.079585,30.281447],[120.079484,30.281372],[120.079576,30.281184],[120.079779,30.281164],[120.080005,30.281332],[120.079959,30.281451],[120.079585,30.281447]]]}},{"type":"Feature","properties":{"kind":"water","osmId":"way/782687194"},"geometry":{"type":"Polygon","coordinates":[[[120.078658,30.281188],[120.078469,30.281132],[120.07845,30.280973],[120.078566,30.280953],[120.078658,30.281188]]]}},{"type":"Feature","properties":{"kind":"water","osmId":"way/782687195"},"geometry":{"type":"Polygon","coordinates":[[[120.078579,30.280694],[120.07845,30.280591],[120.078515,30.279882],[120.078639,30.279742],[120.078755,30.280551],[120.078699,30.280674],[120.078579,30.280694]]]}},{"type":"Feature","properties":{"kind":"water","osmId":"way/782687196"},"geometry":{"type":"Polygon","coordinates":[[[120.078856,30.281272],[120.078829,30.281061],[120.079198,30.281085],[120.07911,30.28128],[120.078856,30.281272]]]}},{"type":"Feature","properties":{"kind":"water","osmId":"way/782687197"},"geometry":{"type":"Polygon","coordinates":[[[120.078948,30.28075],[120.078842,30.280611],[120.080554,30.280941],[120.078948,30.28075]]]}},{"type":"Feature","properties":{"kind":"water","osmId":"way/782687198"},"geometry":{"type":"Polygon","coordinates":[[[120.079031,30.280909],[120.079045,30.28085],[120.079982,30.281085],[120.079031,30.280909]]]}},{"type":"Feature","properties":{"kind":"water","osmId":"way/782687199"},"geometry":{"type":"Polygon","coordinates":[[[120.078958,30.28022],[120.078815,30.280105],[120.078939,30.279786],[120.07905,30.279854],[120.079055,30.280121],[120.078958,30.28022]]]}},{"type":"Feature","properties":{"kind":"water","osmId":"way/782687200"},"geometry":{"type":"Polygon","coordinates":[[[120.077688,30.280385],[120.077468,30.280231],[120.077541,30.279951],[120.077772,30.27996],[120.077798,30.280276],[120.077688,30.280385]]]}},{"type":"Feature","properties":{"kind":"water","osmId":"way/782687201"},"geometry":{"type":"Polygon","coordinates":[[[120.078722,30.282537],[120.078547,30.282431],[120.078926,30.282381],[120.07903,30.282456],[120.078926,30.282557],[120.078722,30.282537]]]}},{"type":"Feature","properties":{"kind":"water","osmId":"way/782687202"},"geometry":{"type":"Polygon","coordinates":[[[120.076575,30.28222],[120.076296,30.282286],[120.07633,30.281942],[120.076434,30.281942],[120.076443,30.2821],[120.076588,30.282148],[120.076575,30.28222]]]}},{"type":"Feature","properties":{"kind":"water","osmId":"way/782687203"},"geometry":{"type":"Polygon","coordinates":[[[120.075799,30.282057],[120.075652,30.281979],[120.075666,30.281803],[120.075771,30.281541],[120.075961,30.281513],[120.075894,30.281963],[120.075799,30.282057]]]}},{"type":"Feature","properties":{"kind":"water","osmId":"way/782687204"},"geometry":{"type":"Polygon","coordinates":[[[120.076031,30.282049],[120.076107,30.28157],[120.076164,30.281766],[120.076126,30.282004],[120.076031,30.282049]]]}},{"type":"Feature","properties":{"kind":"water","osmId":"way/782687205"},"geometry":{"type":"Polygon","coordinates":[[[120.075178,30.281615],[120.074998,30.281594],[120.075021,30.281435],[120.07541,30.281476],[120.07541,30.281574],[120.075178,30.281615]]]}},{"type":"Feature","properties":{"kind":"water","osmId":"way/782687206"},"geometry":{"type":"Polygon","coordinates":[[[120.074151,30.282053],[120.073924,30.281923],[120.073999,30.28137],[120.074293,30.281394],[120.074151,30.282053]]]}},{"type":"Feature","properties":{"kind":"water","osmId":"way/782687207"},"geometry":{"type":"Polygon","coordinates":[[[120.07443,30.282126],[120.074257,30.282096],[120.074389,30.281777],[120.074545,30.281727],[120.074417,30.281494],[120.074711,30.281461],[120.074754,30.281785],[120.074645,30.281858],[120.074587,30.282122],[120.074687,30.282153],[120.07443,30.282126]]]}},{"type":"Feature","properties":{"kind":"water","osmId":"way/782687208"},"geometry":{"type":"Polygon","coordinates":[[[120.073718,30.282712],[120.073651,30.282655],[120.073699,30.282307],[120.073846,30.282233],[120.073903,30.282597],[120.073846,30.282704],[120.073718,30.282712]]]}},{"type":"Feature","properties":{"kind":"water","osmId":"way/782687209"},"geometry":{"type":"Polygon","coordinates":[[[120.073339,30.282384],[120.073163,30.282352],[120.073206,30.282221],[120.073547,30.282188],[120.073561,30.282388],[120.073339,30.282384]]]}},{"type":"Feature","properties":{"kind":"water","osmId":"way/782687210"},"geometry":{"type":"Polygon","coordinates":[[[120.073926,30.281214],[120.073604,30.281107],[120.073969,30.281099],[120.074045,30.280751],[120.074343,30.280727],[120.07432,30.281173],[120.073926,30.281214]]]}},{"type":"Feature","properties":{"kind":"water","osmId":"way/782687211"},"geometry":{"type":"Polygon","coordinates":[[[120.074938,30.281263],[120.074854,30.281223],[120.074883,30.281084],[120.075064,30.281125],[120.074938,30.281263]]]}},{"type":"Feature","properties":{"kind":"water","osmId":"way/782687212"},"geometry":{"type":"Polygon","coordinates":[[[120.074751,30.280968],[120.074671,30.280767],[120.074865,30.28051],[120.07509,30.280505],[120.075065,30.28068],[120.07486,30.280759],[120.074751,30.280968]]]}},{"type":"Feature","properties":{"kind":"water","osmId":"way/782687213"},"geometry":{"type":"Polygon","coordinates":[[[120.075282,30.280915],[120.075202,30.280784],[120.075239,30.280522],[120.075311,30.280514],[120.075448,30.280788],[120.075401,30.280935],[120.075282,30.280915]]]}},{"type":"Feature","properties":{"kind":"water","osmId":"way/782687214"},"geometry":{"type":"Polygon","coordinates":[[[120.074197,30.280542],[120.074239,30.280387],[120.07441,30.280371],[120.074367,30.280587],[120.074197,30.280542]]]}},{"type":"Feature","properties":{"kind":"water","osmId":"way/782687216"},"geometry":{"type":"Polygon","coordinates":[[[120.074623,30.280653],[120.074628,30.280371],[120.074723,30.280334],[120.074713,30.280575],[120.074623,30.280653]]]}},{"type":"Feature","properties":{"kind":"water","osmId":"way/782687217"},"geometry":{"type":"Polygon","coordinates":[[[120.074922,30.280358],[120.074832,30.280268],[120.074993,30.279662],[120.075064,30.279867],[120.074922,30.280358]]]}},{"type":"Feature","properties":{"kind":"water","osmId":"way/782687218"},"geometry":{"type":"Polygon","coordinates":[[[120.075135,30.280362],[120.075078,30.280297],[120.075225,30.27981],[120.075135,30.280362]]]}},{"type":"Feature","properties":{"kind":"water","osmId":"way/782687220"},"geometry":{"type":"Polygon","coordinates":[[[120.076443,30.27992],[120.076287,30.279879],[120.076254,30.279568],[120.076552,30.279462],[120.076088,30.279408],[120.076154,30.279171],[120.076714,30.279187],[120.076676,30.279527],[120.076742,30.279564],[120.077036,30.279568],[120.076913,30.279466],[120.076951,30.279232],[120.07724,30.279286],[120.076988,30.279933],[120.076443,30.27992]]]}},{"type":"Feature","properties":{"kind":"water","osmId":"way/782687221"},"geometry":{"type":"Polygon","coordinates":[[[120.075268,30.279515],[120.075211,30.279114],[120.075315,30.279007],[120.075268,30.279515]]]}},{"type":"Feature","properties":{"kind":"water","osmId":"way/782687222"},"geometry":{"type":"Polygon","coordinates":[[[120.075481,30.279355],[120.07541,30.279216],[120.075486,30.27904],[120.075851,30.279061],[120.075799,30.279327],[120.075481,30.279355]]]}},{"type":"Feature","properties":{"kind":"water","osmId":"way/782687223"},"geometry":{"type":"Polygon","coordinates":[[[120.075529,30.278921],[120.0755,30.278766],[120.075875,30.278758],[120.075756,30.278901],[120.075529,30.278921]]]}},{"type":"Feature","properties":{"kind":"water","osmId":"way/782687224"},"geometry":{"type":"Polygon","coordinates":[[[120.076249,30.279061],[120.076007,30.279073],[120.075969,30.279003],[120.076666,30.279016],[120.076605,30.279093],[120.076249,30.279061]]]}},{"type":"Feature","properties":{"kind":"water","osmId":"way/782687225"},"geometry":{"type":"Polygon","coordinates":[[[120.076401,30.278921],[120.076282,30.278762],[120.076382,30.27841],[120.076254,30.278209],[120.076306,30.278131],[120.076643,30.278181],[120.076576,30.278795],[120.076661,30.278934],[120.076401,30.278921]]]}},{"type":"Feature","properties":{"kind":"water","osmId":"way/782687226"},"geometry":{"type":"Polygon","coordinates":[[[120.075851,30.278578],[120.075339,30.278512],[120.075325,30.278438],[120.075955,30.278479],[120.075851,30.278578]]]}},{"type":"Feature","properties":{"kind":"water","osmId":"way/782687227"},"geometry":{"type":"Polygon","coordinates":[[[120.076292,30.278037],[120.076235,30.277947],[120.076406,30.276989],[120.076552,30.276953],[120.076661,30.277055],[120.076571,30.277964],[120.076292,30.278037]]]}},{"type":"Feature","properties":{"kind":"water","osmId":"way/782687228"},"geometry":{"type":"Polygon","coordinates":[[[120.075353,30.278262],[120.075353,30.278062],[120.075443,30.278013],[120.075917,30.278082],[120.075851,30.278316],[120.075353,30.278262]]]}},{"type":"Feature","properties":{"kind":"water","osmId":"way/782687229"},"geometry":{"type":"Polygon","coordinates":[[[120.07569,30.277865],[120.076045,30.277898],[120.076097,30.277476],[120.07569,30.277431],[120.07569,30.277865]]]}},{"type":"Feature","properties":{"kind":"water","osmId":"way/782687230"},"geometry":{"type":"Polygon","coordinates":[[[120.075334,30.277886],[120.075519,30.277865],[120.0755,30.277333],[120.075325,30.277464],[120.075334,30.277886]]]}},{"type":"Feature","properties":{"kind":"water","osmId":"way/782687231"},"geometry":{"type":"Polygon","coordinates":[[[120.076017,30.277337],[120.075993,30.276989],[120.076083,30.276912],[120.076131,30.277366],[120.076017,30.277337]]]}},{"type":"Feature","properties":{"kind":"water","osmId":"way/782687232"},"geometry":{"type":"Polygon","coordinates":[[[120.075789,30.277288],[120.075495,30.27719],[120.075595,30.276977],[120.07587,30.277014],[120.075789,30.277288]]]}},{"type":"Feature","properties":{"kind":"water","osmId":"way/782687234"},"geometry":{"type":"Polygon","coordinates":[[[120.074705,30.280154],[120.074722,30.279435],[120.074801,30.279382],[120.074705,30.280154]]]}},{"type":"Feature","properties":{"kind":"water","osmId":"way/782687235"},"geometry":{"type":"Polygon","coordinates":[[[120.074829,30.279348],[120.074739,30.27927],[120.074868,30.277968],[120.074958,30.277769],[120.075054,30.277866],[120.074829,30.279348]]]}},{"type":"Feature","properties":{"kind":"water","osmId":"way/782687236"},"geometry":{"type":"Polygon","coordinates":[[[120.074194,30.280003],[120.074019,30.279828],[120.074385,30.279794],[120.074565,30.278406],[120.074683,30.278367],[120.074559,30.279979],[120.074194,30.280003]]]}},{"type":"Feature","properties":{"kind":"water","osmId":"way/782687237"},"geometry":{"type":"Polygon","coordinates":[[[120.074255,30.279688],[120.074171,30.279556],[120.074295,30.279076],[120.074379,30.27909],[120.074255,30.279688]]]}},{"type":"Feature","properties":{"kind":"water","osmId":"way/782687238"},"geometry":{"type":"Polygon","coordinates":[[[120.074289,30.27894],[120.07439,30.278949],[120.074452,30.278687],[120.074396,30.278337],[120.074283,30.278512],[120.074289,30.27894]]]}},{"type":"Feature","properties":{"kind":"water","osmId":"way/782687239"},"geometry":{"type":"Polygon","coordinates":[[[120.073985,30.279484],[120.073957,30.279149],[120.074092,30.279124],[120.073985,30.279484]]]}},{"type":"Feature","properties":{"kind":"water","osmId":"way/782687240"},"geometry":{"type":"Polygon","coordinates":[[[120.07407,30.280231],[120.073817,30.280057],[120.073867,30.27961],[120.074008,30.279653],[120.07394,30.279848],[120.074025,30.28012],[120.074446,30.280202],[120.074418,30.280275],[120.07407,30.280231]]]}},{"type":"Feature","properties":{"kind":"water","osmId":"way/782687241"},"geometry":{"type":"Polygon","coordinates":[[[120.072298,30.279017],[120.072265,30.278949],[120.072439,30.278867],[120.072748,30.278906],[120.072889,30.279017],[120.072782,30.279134],[120.072298,30.279017]]]}},{"type":"Feature","properties":{"kind":"water","osmId":"way/782687242"},"geometry":{"type":"Polygon","coordinates":[[[120.073418,30.279382],[120.073378,30.279265],[120.073676,30.27942],[120.073418,30.279382]]]}},{"type":"Feature","properties":{"kind":"water","osmId":"way/782687243"},"geometry":{"type":"Polygon","coordinates":[[[120.072917,30.280362],[120.072552,30.280149],[120.07263,30.279974],[120.07285,30.279916],[120.073029,30.280032],[120.07308,30.280304],[120.072917,30.280362]]]}},{"type":"Feature","properties":{"kind":"water","osmId":"way/782689956"},"geometry":{"type":"Polygon","coordinates":[[[120.072529,30.279921],[120.072625,30.279906],[120.072821,30.279522],[120.072681,30.279289],[120.072529,30.279921]]]}},{"type":"Feature","properties":{"kind":"water","osmId":"way/782689957"},"geometry":{"type":"Polygon","coordinates":[[[120.072175,30.279464],[120.072209,30.279129],[120.072518,30.279197],[120.072462,30.279469],[120.072175,30.279464]]]}},{"type":"Feature","properties":{"kind":"water","osmId":"way/782689958"},"geometry":{"type":"Polygon","coordinates":[[[120.072113,30.27993],[120.072017,30.279794],[120.072085,30.279561],[120.072462,30.279552],[120.072456,30.27994],[120.072343,30.279998],[120.072113,30.27993]]]}},{"type":"Feature","properties":{"kind":"water","osmId":"way/782689959"},"geometry":{"type":"Polygon","coordinates":[[[120.071972,30.280367],[120.07182,30.280256],[120.071601,30.280295],[120.0715,30.280581],[120.07141,30.280552],[120.071477,30.280042],[120.071726,30.280029],[120.071579,30.280079],[120.071558,30.28018],[120.071782,30.280192],[120.071894,30.279649],[120.072017,30.27959],[120.071905,30.280037],[120.072164,30.280455],[120.072124,30.280605],[120.07222,30.280639],[120.072214,30.280736],[120.072096,30.28077],[120.072029,30.281071],[120.071955,30.281076],[120.072085,30.280659],[120.071972,30.280367]]]}},{"type":"Feature","properties":{"kind":"water","osmId":"way/782689960"},"geometry":{"type":"Polygon","coordinates":[[[120.072304,30.280979],[120.072362,30.280396],[120.072456,30.280299],[120.072602,30.28077],[120.072529,30.280984],[120.072304,30.280979]]]}},{"type":"Feature","properties":{"kind":"water","osmId":"way/782689961"},"geometry":{"type":"Polygon","coordinates":[[[120.071157,30.281081],[120.071067,30.28096],[120.071247,30.280338],[120.071157,30.280358],[120.070988,30.280877],[120.070831,30.28061],[120.071005,30.280178],[120.071343,30.280261],[120.071359,30.280353],[120.071151,30.280877],[120.071157,30.281081]]]}},{"type":"Feature","properties":{"kind":"water","osmId":"way/782689962"},"geometry":{"type":"Polygon","coordinates":[[[120.071607,30.281402],[120.07159,30.281091],[120.071753,30.280867],[120.071753,30.281135],[120.071607,30.281402]]]}},{"type":"Feature","properties":{"kind":"water","osmId":"way/782689963"},"geometry":{"type":"Polygon","coordinates":[[[120.072805,30.281465],[120.072698,30.281334],[120.072737,30.281018],[120.072844,30.281004],[120.073074,30.28111],[120.073108,30.2813],[120.073029,30.281455],[120.072805,30.281465]]]}},{"type":"Feature","properties":{"kind":"water","osmId":"way/782689964"},"geometry":{"type":"Polygon","coordinates":[[[120.073131,30.281062],[120.073153,30.280673],[120.073283,30.280819],[120.073131,30.281062]]]}},{"type":"Feature","properties":{"kind":"water","osmId":"way/782689965"},"geometry":{"type":"Polygon","coordinates":[[[120.073744,30.280882],[120.073429,30.280698],[120.073423,30.280499],[120.073536,30.280474],[120.073575,30.280659],[120.073806,30.280751],[120.073744,30.280882]]]}},{"type":"Feature","properties":{"kind":"water","osmId":"way/782689966"},"geometry":{"type":"Polygon","coordinates":[[[120.073862,30.280625],[120.073721,30.280605],[120.073794,30.280207],[120.073946,30.28029],[120.073862,30.280625]]]}},{"type":"Feature","properties":{"kind":"water","osmId":"way/782689967"},"geometry":{"type":"Polygon","coordinates":[[[120.070611,30.281343],[120.070718,30.28095],[120.070836,30.280906],[120.070814,30.281256],[120.07096,30.28128],[120.071039,30.28112],[120.071084,30.281314],[120.070988,30.281387],[120.070611,30.281343]]]}},{"type":"Feature","properties":{"kind":"water","osmId":"way/782689969"},"geometry":{"type":"Polygon","coordinates":[[[120.070038,30.282392],[120.069908,30.282339],[120.070375,30.28229],[120.070353,30.282397],[120.070038,30.282392]]]}},{"type":"Feature","properties":{"kind":"water","osmId":"way/782689970"},"geometry":{"type":"Polygon","coordinates":[[[120.069484,30.282273],[120.069374,30.282216],[120.069303,30.281876],[120.069078,30.282012],[120.06888,30.281945],[120.068851,30.281734],[120.069432,30.281756],[120.068794,30.281474],[120.068812,30.281353],[120.069335,30.281537],[120.069505,30.281437],[120.069673,30.281474],[120.06951,30.281683],[120.069617,30.28212],[120.069484,30.282273]]]}},{"type":"Feature","properties":{"kind":"water","osmId":"way/782689971"},"geometry":{"type":"Polygon","coordinates":[[[120.069251,30.280717],[120.069099,30.28062],[120.069296,30.280086],[120.069492,30.280086],[120.069414,30.280367],[120.069537,30.28045],[120.069644,30.280066],[120.069886,30.2801],[120.06974,30.280736],[120.069644,30.280741],[120.069487,30.280542],[120.069312,30.280576],[120.069251,30.280717]]]}},{"type":"Feature","properties":{"kind":"water","osmId":"way/782689972"},"geometry":{"type":"Polygon","coordinates":[[[120.070325,30.280484],[120.070083,30.280387],[120.070133,30.280299],[120.07046,30.280319],[120.070476,30.28044],[120.070325,30.280484]]]}},{"type":"Feature","properties":{"kind":"water","osmId":"way/782689973"},"geometry":{"type":"Polygon","coordinates":[[[120.070493,30.280824],[120.070156,30.280707],[120.070516,30.280664],[120.070606,30.280256],[120.070246,30.28012],[120.070437,30.279984],[120.070398,30.279838],[120.070476,30.279741],[120.070611,30.279823],[120.070533,30.280144],[120.070696,30.280251],[120.070493,30.280824]]]}},{"type":"Feature","properties":{"kind":"water","osmId":"way/782689974"},"geometry":{"type":"Polygon","coordinates":[[[120.06965,30.279916],[120.069363,30.279823],[120.069447,30.279581],[120.06988,30.279688],[120.069841,30.279911],[120.06965,30.279916]]]}},{"type":"Feature","properties":{"kind":"water","osmId":"way/782689975"},"geometry":{"type":"Polygon","coordinates":[[[120.071073,30.2801],[120.071106,30.279678],[120.071033,30.279639],[120.070836,30.279814],[120.070729,30.279653],[120.069706,30.27943],[120.069588,30.279304],[120.070094,30.279357],[120.070207,30.279484],[120.070561,30.279571],[120.071011,30.279479],[120.071534,30.279639],[120.071776,30.279382],[120.071882,30.279386],[120.071843,30.279571],[120.071354,30.279717],[120.071191,30.2801],[120.071073,30.2801]]]}},{"type":"Feature","properties":{"kind":"water","osmId":"way/782689977"},"geometry":{"type":"Polygon","coordinates":[[[120.07024,30.27928],[120.070128,30.279192],[120.070195,30.278799],[120.070606,30.278838],[120.070505,30.27926],[120.07024,30.27928]]]}},{"type":"Feature","properties":{"kind":"water","osmId":"way/782689979"},"geometry":{"type":"Polygon","coordinates":[[[120.070606,30.279362],[120.070707,30.278925],[120.070915,30.278881],[120.070859,30.279309],[120.070808,30.279386],[120.070606,30.279362]]]}},{"type":"Feature","properties":{"kind":"water","osmId":"way/782689980"},"geometry":{"type":"Polygon","coordinates":[[[120.070212,30.27861],[120.070117,30.27858],[120.070122,30.278483],[120.070426,30.278449],[120.070476,30.278095],[120.070786,30.278119],[120.070763,30.278284],[120.070595,30.278391],[120.070679,30.27859],[120.070606,30.278697],[120.070212,30.27861]]]}},{"type":"Feature","properties":{"kind":"water","osmId":"way/782689981"},"geometry":{"type":"Polygon","coordinates":[[[120.070572,30.277735],[120.070499,30.277663],[120.070679,30.277512],[120.070713,30.277342],[120.071095,30.277332],[120.071101,30.277531],[120.07096,30.277512],[120.070572,30.277735]]]}},{"type":"Feature","properties":{"kind":"water","osmId":"way/782689982"},"geometry":{"type":"Polygon","coordinates":[[[120.070971,30.27792],[120.070853,30.277857],[120.070887,30.277667],[120.071112,30.277609],[120.07123,30.27776],[120.070971,30.27792]]]}},{"type":"Feature","properties":{"kind":"water","osmId":"way/782689983"},"geometry":{"type":"Polygon","coordinates":[[[120.07141,30.278784],[120.071213,30.278658],[120.071343,30.278143],[120.071489,30.278012],[120.071714,30.278017],[120.071792,30.278163],[120.071691,30.27876],[120.07141,30.278784]]]}},{"type":"Feature","properties":{"kind":"water","osmId":"way/782689984"},"geometry":{"type":"Polygon","coordinates":[[[120.0715,30.277896],[120.071388,30.277837],[120.071517,30.277478],[120.071731,30.277308],[120.071837,30.277046],[120.071933,30.277182],[120.071742,30.277483],[120.07168,30.277886],[120.0715,30.277896]]]}},{"type":"Feature","properties":{"kind":"water","osmId":"way/782689985"},"geometry":{"type":"Polygon","coordinates":[[[120.071213,30.277434],[120.071399,30.277415],[120.071292,30.277274],[120.071343,30.276847],[120.071129,30.276905],[120.071174,30.276716],[120.071427,30.276453],[120.071303,30.276346],[120.071202,30.27639],[120.070938,30.277075],[120.070994,30.277182],[120.071146,30.277075],[120.071213,30.277434]]]}},{"type":"Feature","properties":{"kind":"water","osmId":"way/782689986"},"geometry":{"type":"Polygon","coordinates":[[[120.070763,30.277162],[120.070685,30.277119],[120.070668,30.276839],[120.070769,30.276686],[120.070677,30.276599],[120.070685,30.276424],[120.070762,30.276289],[120.070988,30.276243],[120.071045,30.276371],[120.070763,30.277162]]]}},{"type":"Feature","properties":{"kind":"water","osmId":"way/782689988"},"geometry":{"type":"Polygon","coordinates":[[[120.065596,30.281731],[120.065603,30.281532],[120.06597,30.281464],[120.065998,30.28175],[120.065596,30.281731]]]}},{"type":"Feature","properties":{"kind":"water","osmId":"way/782689989"},"geometry":{"type":"Polygon","coordinates":[[[120.066243,30.282476],[120.066164,30.282408],[120.066307,30.281992],[120.066386,30.282203],[120.066638,30.282314],[120.067292,30.282308],[120.067436,30.282408],[120.067443,30.282538],[120.067192,30.282625],[120.066701,30.282604],[120.066646,30.282428],[120.066243,30.282476]]]}},{"type":"Feature","properties":{"kind":"water","osmId":"way/782689990"},"geometry":{"type":"Polygon","coordinates":[[[120.066724,30.282178],[120.066523,30.28201],[120.066487,30.281675],[120.066559,30.281532],[120.066746,30.281576],[120.066789,30.282103],[120.066724,30.282178]]]}},{"type":"Feature","properties":{"kind":"water","osmId":"way/782689991"},"geometry":{"type":"Polygon","coordinates":[[[120.066782,30.281495],[120.06653,30.281377],[120.06653,30.281178],[120.066753,30.281122],[120.066933,30.281209],[120.066933,30.281439],[120.066782,30.281495]]]}},{"type":"Feature","properties":{"kind":"water","osmId":"way/782689992"},"geometry":{"type":"Polygon","coordinates":[[[120.066286,30.2817],[120.066085,30.281408],[120.066157,30.281197],[120.066264,30.281172],[120.066343,30.281197],[120.066365,30.281663],[120.066286,30.2817]]]}},{"type":"Feature","properties":{"kind":"water","osmId":"way/782689993"},"geometry":{"type":"Polygon","coordinates":[[[120.065337,30.281166],[120.065193,30.28098],[120.065243,30.280471],[120.065373,30.280564],[120.065337,30.281166]]]}},{"type":"Feature","properties":{"kind":"water","osmId":"way/782689994"},"geometry":{"type":"Polygon","coordinates":[[[120.066157,30.279465],[120.066185,30.279229],[120.066717,30.278869],[120.066793,30.278548],[120.067062,30.278682],[120.06699,30.279093],[120.067214,30.278734],[120.067659,30.279043],[120.067379,30.279719],[120.066918,30.279428],[120.066954,30.279254],[120.066667,30.279577],[120.066157,30.279465]]]}},{"type":"Feature","properties":{"kind":"water","osmId":"way/782689995"},"geometry":{"type":"Polygon","coordinates":[[[120.065833,30.279434],[120.065603,30.279192],[120.065624,30.279055],[120.065876,30.278341],[120.06602,30.278223],[120.065991,30.278931],[120.066056,30.279037],[120.065984,30.279366],[120.065833,30.279434]]]}},{"type":"Feature","properties":{"kind":"water","osmId":"way/782689996"},"geometry":{"type":"Polygon","coordinates":[[[120.06717,30.278602],[120.067033,30.278434],[120.067321,30.277919],[120.0674,30.277863],[120.067666,30.277956],[120.067731,30.278143],[120.067587,30.278366],[120.067357,30.278596],[120.06717,30.278602]]]}},{"type":"Feature","properties":{"kind":"water","osmId":"way/782689998"},"geometry":{"type":"Polygon","coordinates":[[[120.068507,30.278658],[120.068464,30.278571],[120.068579,30.278354],[120.068723,30.278285],[120.068939,30.278379],[120.06896,30.278503],[120.068802,30.278701],[120.068507,30.278658]]]}},{"type":"Feature","properties":{"kind":"water","osmId":"way/782690000"},"geometry":{"type":"Polygon","coordinates":[[[120.068924,30.278225],[120.068654,30.278161],[120.068826,30.277881],[120.068766,30.277708],[120.068971,30.277453],[120.06918,30.277431],[120.069213,30.277599],[120.06901,30.277894],[120.069085,30.277995],[120.069038,30.278142],[120.068924,30.278225]]]}},{"type":"Feature","properties":{"kind":"water","osmId":"way/782690001"},"geometry":{"type":"Polygon","coordinates":[[[120.067163,30.277205],[120.067005,30.276895],[120.067091,30.276845],[120.067623,30.276982],[120.067551,30.277273],[120.067163,30.277205]]]}},{"type":"Feature","properties":{"kind":"water","osmId":"way/782690002"},"geometry":{"type":"Polygon","coordinates":[[[120.06855,30.277466],[120.0685,30.277398],[120.068651,30.277242],[120.068859,30.277273],[120.06868,30.277491],[120.06855,30.277466]]]}},{"type":"Feature","properties":{"kind":"water","osmId":"way/782690003"},"geometry":{"type":"Polygon","coordinates":[[[120.068371,30.277416],[120.068054,30.277367],[120.067961,30.27723],[120.068205,30.276609],[120.068371,30.27656],[120.068486,30.276603],[120.068342,30.276882],[120.068522,30.27705],[120.068486,30.277162],[120.068306,30.277137],[120.06822,30.276944],[120.068076,30.277261],[120.068221,30.277181],[120.068385,30.277224],[120.068442,30.277292],[120.068371,30.277416]]]}},{"type":"Feature","properties":{"kind":"water","osmId":"way/782690004"},"geometry":{"type":"Polygon","coordinates":[[[120.068795,30.276454],[120.068695,30.276411],[120.068716,30.276181],[120.068931,30.275709],[120.069039,30.275697],[120.069305,30.275889],[120.069283,30.275976],[120.069219,30.276125],[120.068939,30.276156],[120.068795,30.276454]]]}},{"type":"Feature","properties":{"kind":"water","osmId":"way/782690005"},"geometry":{"type":"Polygon","coordinates":[[[120.069557,30.276386],[120.069456,30.276342],[120.069506,30.276131],[120.069693,30.276051],[120.069679,30.276342],[120.069557,30.276386]]]}},{"type":"Feature","properties":{"kind":"water","osmId":"way/782690006"},"geometry":{"type":"Polygon","coordinates":[[[120.069125,30.276516],[120.068982,30.276429],[120.069039,30.276274],[120.069276,30.276336],[120.069125,30.276516]]]}},{"type":"Feature","properties":{"kind":"water","osmId":"way/782690007"},"geometry":{"type":"Polygon","coordinates":[[[120.068809,30.277124],[120.069137,30.276862],[120.069025,30.277143],[120.068809,30.277124]]]}},{"type":"Feature","properties":{"kind":"water","osmId":"way/782690008"},"geometry":{"type":"Polygon","coordinates":[[[120.067645,30.276628],[120.067522,30.27651],[120.067695,30.276131],[120.067817,30.276249],[120.067645,30.276628]]]}},{"type":"Feature","properties":{"kind":"water","osmId":"way/782690009"},"geometry":{"type":"Polygon","coordinates":[[[120.068464,30.275858],[120.068349,30.275746],[120.068601,30.275492],[120.068658,30.275641],[120.068579,30.275846],[120.068464,30.275858]]]}},{"type":"Feature","properties":{"kind":"water","osmId":"way/782690010"},"geometry":{"type":"Polygon","coordinates":[[[120.06814,30.275821],[120.068241,30.275548],[120.068284,30.275628],[120.06814,30.275821]]]}},{"type":"Feature","properties":{"kind":"water","osmId":"way/782690011"},"geometry":{"type":"Polygon","coordinates":[[[120.068787,30.273977],[120.068593,30.273871],[120.068895,30.273039],[120.069018,30.272977],[120.069125,30.273108],[120.068881,30.273921],[120.068787,30.273977]]]}},{"type":"Feature","properties":{"kind":"water","osmId":"way/782690012"},"geometry":{"type":"Polygon","coordinates":[[[120.069334,30.274176],[120.069018,30.273791],[120.069111,30.273319],[120.069298,30.273114],[120.069564,30.273195],[120.069384,30.273393],[120.069729,30.273468],[120.069715,30.27358],[120.069283,30.273611],[120.069571,30.273766],[120.069585,30.273859],[120.06947,30.274213],[120.069334,30.274176]]]}},{"type":"Feature","properties":{"kind":"water","osmId":"way/782692561"},"geometry":{"type":"Polygon","coordinates":[[[120.069973,30.274076],[120.070166,30.27378],[120.070566,30.273715],[120.070622,30.273618],[120.070609,30.273284],[120.070272,30.272912],[120.070485,30.272277],[120.070821,30.27225],[120.07084,30.27247],[120.070628,30.272433],[120.070566,30.272584],[120.070559,30.272864],[120.070859,30.272955],[120.07069,30.273731],[120.070459,30.274054],[120.069973,30.274076]]]}},{"type":"Feature","properties":{"kind":"water","osmId":"way/782692562"},"geometry":{"type":"Polygon","coordinates":[[[120.071033,30.273887],[120.070909,30.273785],[120.071071,30.273602],[120.071164,30.273801],[120.071033,30.273887]]]}},{"type":"Feature","properties":{"kind":"water","osmId":"way/782692563"},"geometry":{"type":"Polygon","coordinates":[[[120.07114,30.273483],[120.070984,30.273376],[120.071027,30.273235],[120.071246,30.273349],[120.07114,30.273483]]]}},{"type":"Feature","properties":{"kind":"water","osmId":"way/782692564"},"geometry":{"type":"Polygon","coordinates":[[[120.070378,30.273586],[120.070322,30.27337],[120.070416,30.2733],[120.070478,30.273543],[120.070378,30.273586]]]}},{"type":"Feature","properties":{"kind":"water","osmId":"way/782692565"},"geometry":{"type":"Polygon","coordinates":[[[120.069455,30.273015],[120.069031,30.272831],[120.069231,30.272347],[120.06963,30.272481],[120.069542,30.272966],[120.069455,30.273015]]]}},{"type":"Feature","properties":{"kind":"water","osmId":"way/782692566"},"geometry":{"type":"Polygon","coordinates":[[[120.069281,30.272244],[120.069717,30.272357],[120.069792,30.272298],[120.069443,30.272169],[120.069281,30.272244]]]}},{"type":"Feature","properties":{"kind":"water","osmId":"way/782692567"},"geometry":{"type":"Polygon","coordinates":[[[120.069318,30.272056],[120.069805,30.272136],[120.069848,30.272002],[120.069742,30.271883],[120.069358,30.271867],[120.069318,30.272056]]]}},{"type":"Feature","properties":{"kind":"water","osmId":"way/782692568"},"geometry":{"type":"Polygon","coordinates":[[[120.069461,30.271743],[120.069386,30.27163],[120.069755,30.271754],[120.069461,30.271743]]]}},{"type":"Feature","properties":{"kind":"water","osmId":"way/782692569"},"geometry":{"type":"Polygon","coordinates":[[[120.069836,30.271404],[120.069624,30.271328],[120.069742,30.271059],[120.070073,30.271145],[120.069998,30.271387],[120.069836,30.271404]]]}},{"type":"Feature","properties":{"kind":"water","osmId":"way/782692570"},"geometry":{"type":"Polygon","coordinates":[[[120.070079,30.271005],[120.069761,30.270892],[120.069842,30.270649],[120.070073,30.270585],[120.070241,30.270649],[120.070166,30.270973],[120.070079,30.271005]]]}},{"type":"Feature","properties":{"kind":"water","osmId":"way/782692571"},"geometry":{"type":"Polygon","coordinates":[[[120.070291,30.270574],[120.070185,30.270536],[120.070154,30.270391],[120.070297,30.270224],[120.070397,30.270283],[120.070291,30.270574]]]}},{"type":"Feature","properties":{"kind":"water","osmId":"way/782692572"},"geometry":{"type":"Polygon","coordinates":[[[120.070946,30.272099],[120.070697,30.271921],[120.070745,30.271445],[120.071009,30.270806],[120.071289,30.270946],[120.071033,30.271652],[120.070821,30.271652],[120.071115,30.271786],[120.071146,30.272088],[120.070946,30.272099]]]}},{"type":"Feature","properties":{"kind":"water","osmId":"way/782692573"},"geometry":{"type":"Polygon","coordinates":[[[120.071732,30.271161],[120.071651,30.271118],[120.071645,30.27086],[120.071751,30.270956],[120.071732,30.271161]]]}},{"type":"Feature","properties":{"kind":"water","osmId":"way/782692574"},"geometry":{"type":"Polygon","coordinates":[[[120.070592,30.271068],[120.070498,30.271052],[120.070534,30.270698],[120.070714,30.27032],[120.071013,30.270518],[120.071025,30.270709],[120.070871,30.27052],[120.070784,30.270595],[120.070744,30.27105],[120.070592,30.271068]]]}},{"type":"Feature","properties":{"kind":"water","osmId":"way/782692575"},"geometry":{"type":"Polygon","coordinates":[[[120.069942,30.269814],[120.069873,30.26962],[120.069967,30.269195],[120.070098,30.269275],[120.070029,30.269766],[120.069942,30.269814]]]}},{"type":"Feature","properties":{"kind":"water","osmId":"way/782692576"},"geometry":{"type":"Polygon","coordinates":[[[120.070952,30.270186],[120.07089,30.270046],[120.071227,30.269135],[120.07132,30.269168],[120.071133,30.270094],[120.070952,30.270186]]]}},{"type":"Feature","properties":{"kind":"water","osmId":"way/782692577"},"geometry":{"type":"Polygon","coordinates":[[[120.070528,30.269846],[120.070547,30.269442],[120.070903,30.269475],[120.07089,30.269663],[120.070703,30.26961],[120.070647,30.269825],[120.070528,30.269846]]]}},{"type":"Feature","properties":{"kind":"water","osmId":"way/782692578"},"geometry":{"type":"Polygon","coordinates":[[[120.070485,30.269302],[120.070528,30.269071],[120.070865,30.269011],[120.070821,30.269302],[120.070628,30.269173],[120.070572,30.269319],[120.070485,30.269302]]]}},{"type":"Feature","properties":{"kind":"water","osmId":"way/782692579"},"geometry":{"type":"Polygon","coordinates":[[[120.070191,30.269712],[120.070123,30.269615],[120.070173,30.26927],[120.070316,30.269205],[120.07031,30.269582],[120.070191,30.269712]]]}},{"type":"Feature","properties":{"kind":"water","osmId":"way/782692580"},"geometry":{"type":"Polygon","coordinates":[[[120.069923,30.269044],[120.070353,30.269135],[120.07041,30.269017],[120.069992,30.268828],[120.069923,30.269044]]]}},{"type":"Feature","properties":{"kind":"water","osmId":"way/782692581"},"geometry":{"type":"Polygon","coordinates":[[[120.071108,30.268968],[120.070796,30.268817],[120.070809,30.2685],[120.071183,30.268597],[120.071221,30.268796],[120.071108,30.268968]]]}},{"type":"Feature","properties":{"kind":"water","osmId":"way/782692582"},"geometry":{"type":"Polygon","coordinates":[[[120.070329,30.268758],[120.070148,30.268645],[120.070285,30.268246],[120.070478,30.26816],[120.071009,30.268268],[120.070946,30.268381],[120.070659,30.268419],[120.070584,30.268311],[120.070491,30.268343],[120.070453,30.268753],[120.070329,30.268758]]]}},{"type":"Feature","properties":{"kind":"water","osmId":"way/782692583"},"geometry":{"type":"Polygon","coordinates":[[[120.071451,30.268527],[120.071227,30.268354],[120.071714,30.268451],[120.071664,30.26857],[120.071451,30.268527]]]}},{"type":"Feature","properties":{"kind":"water","osmId":"way/782692584"},"geometry":{"type":"Polygon","coordinates":[[[120.071327,30.268273],[120.071108,30.268138],[120.071164,30.267934],[120.071296,30.268144],[120.071345,30.26795],[120.071695,30.268015],[120.071595,30.268268],[120.071327,30.268273]]]}},{"type":"Feature","properties":{"kind":"water","osmId":"way/782692585"},"geometry":{"type":"Polygon","coordinates":[[[120.071688,30.267842],[120.071427,30.267724],[120.071557,30.267492],[120.071913,30.26753],[120.071807,30.267821],[120.071688,30.267842]]]}},{"type":"Feature","properties":{"kind":"water","osmId":"way/782692586"},"geometry":{"type":"Polygon","coordinates":[[[120.071907,30.268392],[120.07177,30.268252],[120.072013,30.267654],[120.072337,30.267697],[120.072088,30.268349],[120.071907,30.268392]]]}},{"type":"Feature","properties":{"kind":"water","osmId":"way/782692587"},"geometry":{"type":"Polygon","coordinates":[[[120.071714,30.269776],[120.071526,30.269685],[120.071557,30.269593],[120.071876,30.269582],[120.071901,30.269685],[120.071714,30.269776]]]}},{"type":"Feature","properties":{"kind":"water","osmId":"way/782692588"},"geometry":{"type":"Polygon","coordinates":[[[120.071782,30.269448],[120.071682,30.269399],[120.071732,30.268947],[120.071383,30.268894],[120.071353,30.268707],[120.071696,30.268773],[120.071844,30.268521],[120.07195,30.268527],[120.071901,30.268904],[120.0721,30.268995],[120.071944,30.269038],[120.071782,30.269448]]]}},{"type":"Feature","properties":{"kind":"water","osmId":"way/782692589"},"geometry":{"type":"Polygon","coordinates":[[[120.072206,30.268839],[120.07203,30.268782],[120.072116,30.268452],[120.072443,30.267794],[120.072556,30.267772],[120.072624,30.267821],[120.072525,30.268246],[120.072312,30.268473],[120.072306,30.268715],[120.072206,30.268839]]]}},{"type":"Feature","properties":{"kind":"water","osmId":"way/782692590"},"geometry":{"type":"Polygon","coordinates":[[[120.070803,30.268133],[120.070416,30.268068],[120.07041,30.267982],[120.070559,30.267934],[120.070884,30.268058],[120.071058,30.267621],[120.07114,30.267627],[120.070996,30.268095],[120.070803,30.268133]]]}},{"type":"Feature","properties":{"kind":"water","osmId":"way/782692591"},"geometry":{"type":"Polygon","coordinates":[[[120.070185,30.268165],[120.070042,30.268101],[120.070073,30.267831],[120.07011,30.267718],[120.070272,30.267659],[120.070185,30.268165]]]}},{"type":"Feature","properties":{"kind":"water","osmId":"way/782692592"},"geometry":{"type":"Polygon","coordinates":[[[120.070678,30.267875],[120.070559,30.267761],[120.070647,30.267567],[120.070709,30.267476],[120.070903,30.267513],[120.070959,30.267567],[120.070877,30.267848],[120.070678,30.267875]]]}},{"type":"Feature","properties":{"kind":"water","osmId":"way/782692593"},"geometry":{"type":"Polygon","coordinates":[[[120.070316,30.2676],[120.070247,30.267573],[120.07031,30.267379],[120.070472,30.267303],[120.070503,30.267524],[120.070316,30.2676]]]}},{"type":"Feature","properties":{"kind":"water","osmId":"way/782692594"},"geometry":{"type":"Polygon","coordinates":[[[120.070877,30.267411],[120.070772,30.267271],[120.070915,30.267147],[120.071015,30.267249],[120.070977,30.26739],[120.070877,30.267411]]]}},{"type":"Feature","properties":{"kind":"water","osmId":"way/782692595"},"geometry":{"type":"Polygon","coordinates":[[[120.070846,30.266781],[120.070746,30.266716],[120.070765,30.266544],[120.070915,30.266156],[120.07104,30.266107],[120.070984,30.266608],[120.070846,30.266781]]]}},{"type":"Feature","properties":{"kind":"water","osmId":"way/782692596"},"geometry":{"type":"Polygon","coordinates":[[[120.071115,30.266398],[120.071077,30.266301],[120.071264,30.265876],[120.071445,30.265897],[120.071264,30.26635],[120.071115,30.266398]]]}},{"type":"Feature","properties":{"kind":"water","osmId":"way/782692597"},"geometry":{"type":"Polygon","coordinates":[[[120.071102,30.265956],[120.071127,30.265789],[120.071202,30.2658],[120.071102,30.265956]]]}},{"type":"Feature","properties":{"kind":"water","osmId":"way/782692598"},"geometry":{"type":"Polygon","coordinates":[[[120.07147,30.265568],[120.071352,30.26552],[120.071314,30.265364],[120.071514,30.26517],[120.071601,30.265434],[120.07147,30.265568]]]}},{"type":"Feature","properties":{"kind":"water","osmId":"way/782692599"},"geometry":{"type":"Polygon","coordinates":[[[120.071514,30.267007],[120.07127,30.26684],[120.071751,30.265434],[120.072506,30.265385],[120.072618,30.265261],[120.072599,30.265105],[120.072886,30.265164],[120.072892,30.265272],[120.073048,30.265321],[120.073354,30.265121],[120.073285,30.265213],[120.073487,30.265637],[120.073348,30.265736],[120.073198,30.265423],[120.07303,30.265391],[120.072063,30.265558],[120.071738,30.265843],[120.071614,30.26635],[120.071714,30.266565],[120.0723,30.266603],[120.072405,30.266668],[120.072394,30.266786],[120.072809,30.266877],[120.072795,30.266962],[120.073005,30.267061],[120.072905,30.267384],[120.072537,30.267379],[120.072406,30.267061],[120.072175,30.267249],[120.071919,30.267223],[120.072025,30.267018],[120.072007,30.266808],[120.071926,30.266835],[120.071832,30.267158],[120.071745,30.267147],[120.071751,30.2667],[120.071601,30.266759],[120.071514,30.267007]]]}},{"type":"Feature","properties":{"kind":"water","osmId":"way/782692600"},"geometry":{"type":"Polygon","coordinates":[[[120.072606,30.266583],[120.072412,30.266554],[120.072344,30.266371],[120.072431,30.265967],[120.072936,30.266091],[120.072737,30.266564],[120.072606,30.266583]]]}},{"type":"Feature","properties":{"kind":"water","osmId":"way/782692601"},"geometry":{"type":"Polygon","coordinates":[[[120.072803,30.266582],[120.072749,30.26649],[120.072861,30.266379],[120.072916,30.266478],[120.073109,30.266456],[120.073042,30.26661],[120.072803,30.266582]]]}},{"type":"Feature","properties":{"kind":"water","osmId":"way/782692602"},"geometry":{"type":"Polygon","coordinates":[[[120.073498,30.266975],[120.073392,30.266748],[120.073491,30.2667],[120.073435,30.266641],[120.073529,30.266323],[120.073664,30.26622],[120.073765,30.266224],[120.073729,30.266323],[120.073928,30.266296],[120.073716,30.266662],[120.073753,30.266867],[120.073498,30.266975]]]}},{"type":"Feature","properties":{"kind":"road","osmId":"way/782692605","name":"元福桥","roadClass":"unclassified"},"geometry":{"type":"LineString","coordinates":[[120.071787,30.263921],[120.071944,30.263532]]}},{"type":"Feature","properties":{"kind":"road","osmId":"way/782692606","name":"福堤","roadClass":"unclassified"},"geometry":{"type":"LineString","coordinates":[[120.071944,30.263532],[120.072051,30.263253]]}},{"type":"Feature","properties":{"kind":"road","osmId":"way/782699964","name":"河渚街","roadClass":"unclassified"},"geometry":{"type":"LineString","coordinates":[[120.065213,30.274851],[120.065737,30.274975],[120.065934,30.274788]]}},{"type":"Feature","properties":{"kind":"water","osmId":"way/782892887"},"geometry":{"type":"Polygon","coordinates":[[[120.060974,30.260751],[120.06088,30.260699],[120.060876,30.260549],[120.061091,30.260164],[120.061677,30.260213],[120.061846,30.259861],[120.06216,30.259845],[120.062213,30.259687],[120.062464,30.259836],[120.062249,30.259946],[120.06185,30.259958],[120.061579,30.26063],[120.061752,30.260456],[120.061832,30.260553],[120.062661,30.260727],[120.063181,30.260403],[120.062731,30.260768],[120.062085,30.260614],[120.061443,30.260703],[120.061607,30.260375],[120.061433,30.260294],[120.061316,30.26033],[120.061166,30.260593],[120.061237,30.260703],[120.060974,30.260751]]]}},{"type":"Feature","properties":{"kind":"water","osmId":"way/782892888"},"geometry":{"type":"Polygon","coordinates":[[[120.060824,30.26135],[120.060688,30.261192],[120.06007,30.261039],[120.060093,30.26063],[120.059681,30.260509],[120.059662,30.260427],[120.060154,30.260573],[120.060121,30.261031],[120.060702,30.26114],[120.060885,30.261241],[120.060824,30.26135]]]}},{"type":"Feature","properties":{"kind":"water","osmId":"way/782892890"},"geometry":{"type":"Polygon","coordinates":[[[120.062806,30.262662],[120.0626,30.262528],[120.063111,30.262605],[120.062806,30.262662]]]}},{"type":"Feature","properties":{"kind":"water","osmId":"way/782892891"},"geometry":{"type":"Polygon","coordinates":[[[120.063767,30.262666],[120.063664,30.262589],[120.063818,30.262204],[120.063907,30.262103],[120.064015,30.262135],[120.063851,30.262629],[120.063767,30.262666]]]}},{"type":"Feature","properties":{"kind":"water","osmId":"way/782892892"},"geometry":{"type":"Polygon","coordinates":[[[120.063064,30.261994],[120.062816,30.261893],[120.062905,30.261767],[120.063406,30.26182],[120.063772,30.261986],[120.063626,30.262075],[120.063064,30.261994]]]}},{"type":"Feature","properties":{"kind":"water","osmId":"way/782892893"},"geometry":{"type":"Polygon","coordinates":[[[120.064034,30.263536],[120.063982,30.263414],[120.064128,30.26303],[120.064329,30.263046],[120.064278,30.26335],[120.064034,30.263536]]]}},{"type":"Feature","properties":{"kind":"water","osmId":"way/782892894"},"geometry":{"type":"Polygon","coordinates":[[[120.064985,30.262726],[120.064877,30.262657],[120.064901,30.262552],[120.065009,30.262577],[120.064985,30.262726]]]}},{"type":"Feature","properties":{"kind":"water","osmId":"way/782892895"},"geometry":{"type":"Polygon","coordinates":[[[120.064371,30.262819],[120.064203,30.262694],[120.064282,30.262281],[120.064427,30.262253],[120.06462,30.262338],[120.064652,30.262455],[120.064465,30.262799],[120.064371,30.262819]]]}},{"type":"Feature","properties":{"kind":"water","osmId":"way/782892896"},"geometry":{"type":"Polygon","coordinates":[[[120.065154,30.262726],[120.065074,30.26254],[120.065191,30.262423],[120.065899,30.262601],[120.065852,30.262811],[120.065721,30.262888],[120.065154,30.262726]]]}},{"type":"Feature","properties":{"kind":"water","osmId":"way/782892897"},"geometry":{"type":"Polygon","coordinates":[[[120.065168,30.262261],[120.064699,30.261998],[120.064788,30.261674],[120.064994,30.261698],[120.064966,30.262018],[120.065149,30.26171],[120.065351,30.261759],[120.065201,30.262216],[120.065351,30.262245],[120.065524,30.261998],[120.065749,30.262079],[120.065552,30.26235],[120.065168,30.262261]]]}},{"type":"Feature","properties":{"kind":"water","osmId":"way/782892899"},"geometry":{"type":"Polygon","coordinates":[[[120.064256,30.261754],[120.064122,30.261631],[120.064182,30.261458],[120.064339,30.261438],[120.064428,30.261528],[120.064256,30.261754]]]}},{"type":"Feature","properties":{"kind":"water","osmId":"way/782892900"},"geometry":{"type":"Polygon","coordinates":[[[120.066094,30.263292],[120.065978,30.263183],[120.066082,30.26288],[120.066244,30.262614],[120.066406,30.262597],[120.066225,30.263282],[120.066094,30.263292]]]}},{"type":"Feature","properties":{"kind":"water","osmId":"way/782892901"},"geometry":{"type":"Polygon","coordinates":[[[120.063114,30.266082],[120.063095,30.265605],[120.063284,30.26554],[120.063114,30.266082]]]}},{"type":"Feature","properties":{"kind":"water","osmId":"way/782892902"},"geometry":{"type":"Polygon","coordinates":[[[120.062186,30.264795],[120.062011,30.264649],[120.062219,30.264014],[120.062341,30.263989],[120.062417,30.264063],[120.062186,30.264795]]]}},{"type":"Feature","properties":{"kind":"water","osmId":"way/782892903"},"geometry":{"type":"Polygon","coordinates":[[[120.062445,30.264869],[120.062351,30.264755],[120.062436,30.264376],[120.062572,30.264059],[120.062676,30.264034],[120.062737,30.264258],[120.062577,30.264783],[120.062445,30.264869]]]}},{"type":"Feature","properties":{"kind":"water","osmId":"way/782892904"},"geometry":{"type":"Polygon","coordinates":[[[120.063166,30.264287],[120.063072,30.264258],[120.063058,30.264034],[120.063204,30.263745],[120.063359,30.263749],[120.063166,30.264287]]]}},{"type":"Feature","properties":{"kind":"water","osmId":"way/782892905"},"geometry":{"type":"Polygon","coordinates":[[[120.063934,30.264698],[120.063482,30.264555],[120.063967,30.2646],[120.063934,30.264698]]]}},{"type":"Feature","properties":{"kind":"water","osmId":"way/782892906"},"geometry":{"type":"Polygon","coordinates":[[[120.063986,30.264551],[120.063614,30.264449],[120.06368,30.264026],[120.064137,30.264054],[120.064151,30.264274],[120.063746,30.264376],[120.063972,30.264461],[120.063986,30.264551]]]}},{"type":"Feature","properties":{"kind":"water","osmId":"way/782892907"},"geometry":{"type":"Polygon","coordinates":[[[120.063925,30.265284],[120.063915,30.265015],[120.063996,30.264979],[120.063925,30.265284]]]}},{"type":"Feature","properties":{"kind":"water","osmId":"way/782892909"},"geometry":{"type":"Polygon","coordinates":[[[120.063684,30.26484],[120.063439,30.264787],[120.063439,30.264673],[120.063977,30.26484],[120.063684,30.26484]]]}},{"type":"Feature","properties":{"kind":"water","osmId":"way/782892910"},"geometry":{"type":"Polygon","coordinates":[[[120.063152,30.265255],[120.063025,30.265154],[120.063067,30.264795],[120.063331,30.264799],[120.063463,30.264889],[120.06335,30.265178],[120.063152,30.265255]]]}},{"type":"Feature","properties":{"kind":"water","osmId":"way/782892911"},"geometry":{"type":"Polygon","coordinates":[[[120.063397,30.265235],[120.063515,30.264974],[120.063755,30.265056],[120.063717,30.265198],[120.063397,30.265235]]]}},{"type":"Feature","properties":{"kind":"water","osmId":"way/782892912"},"geometry":{"type":"Polygon","coordinates":[[[120.063076,30.264693],[120.062935,30.264637],[120.062959,30.264535],[120.06334,30.264571],[120.063298,30.264702],[120.063076,30.264693]]]}},{"type":"Feature","properties":{"kind":"water","osmId":"way/782892913"},"geometry":{"type":"Polygon","coordinates":[[[120.061615,30.26688],[120.061432,30.266806],[120.061422,30.266709],[120.061611,30.266106],[120.061809,30.266065],[120.061912,30.266167],[120.061615,30.26688]]]}},{"type":"Feature","properties":{"kind":"water","osmId":"way/782892914"},"geometry":{"type":"Polygon","coordinates":[[[120.061912,30.265902],[120.061766,30.265817],[120.061856,30.265524],[120.062068,30.265504],[120.06204,30.265817],[120.061912,30.265902]]]}},{"type":"Feature","properties":{"kind":"water","osmId":"way/782892915"},"geometry":{"type":"Polygon","coordinates":[[[120.06416,30.266399],[120.063699,30.266269],[120.06367,30.266147],[120.064283,30.266143],[120.06441,30.266318],[120.06416,30.266399]]]}},{"type":"Feature","properties":{"kind":"water","osmId":"way/782892916"},"geometry":{"type":"Polygon","coordinates":[[[120.064877,30.266472],[120.064768,30.266375],[120.064929,30.266244],[120.065122,30.266314],[120.065216,30.266509],[120.064877,30.266472]]]}},{"type":"Feature","properties":{"kind":"water","osmId":"way/782892917"},"geometry":{"type":"Polygon","coordinates":[[[120.064448,30.265931],[120.064156,30.265837],[120.063953,30.265614],[120.064047,30.265552],[120.064486,30.265675],[120.064877,30.265911],[120.064999,30.265768],[120.065094,30.265813],[120.06524,30.265715],[120.064872,30.265658],[120.064971,30.265296],[120.064726,30.265316],[120.064802,30.265438],[120.064726,30.265556],[120.06409,30.265398],[120.064043,30.265243],[120.064245,30.264897],[120.064542,30.265023],[120.064505,30.265121],[120.064241,30.265141],[120.064325,30.265276],[120.064655,30.265304],[120.064613,30.265019],[120.064712,30.264938],[120.064863,30.265117],[120.065183,30.265174],[120.065221,30.265508],[120.065556,30.265451],[120.065527,30.265748],[120.065325,30.265972],[120.0654,30.266147],[120.06532,30.266261],[120.06499,30.266204],[120.0649,30.26609],[120.064448,30.265931]]]}},{"type":"Feature","properties":{"kind":"water","osmId":"way/782892918"},"geometry":{"type":"Polygon","coordinates":[[[120.065372,30.265117],[120.06532,30.265011],[120.065452,30.264718],[120.06573,30.264751],[120.065768,30.264926],[120.065669,30.265145],[120.065372,30.265117]]]}},{"type":"Feature","properties":{"kind":"water","osmId":"way/782892927"},"geometry":{"type":"Polygon","coordinates":[[[120.061457,30.264608],[120.061329,30.264526],[120.061576,30.263758],[120.061751,30.263758],[120.061865,30.263951],[120.061827,30.264095],[120.061618,30.264604],[120.061457,30.264608]]]}},{"type":"Feature","properties":{"kind":"water","osmId":"way/782892928"},"geometry":{"type":"Polygon","coordinates":[[[120.061452,30.263779],[120.061414,30.263524],[120.061504,30.263278],[120.061842,30.263241],[120.06178,30.263693],[120.061452,30.263779]]]}},{"type":"Feature","properties":{"kind":"water","osmId":"way/782894142"},"geometry":{"type":"Polygon","coordinates":[[[120.059052,30.268322],[120.059048,30.268191],[120.058934,30.268146],[120.058972,30.26794],[120.0591,30.267858],[120.059152,30.268297],[120.059052,30.268322]]]}},{"type":"Feature","properties":{"kind":"water","osmId":"way/782894143"},"geometry":{"type":"Polygon","coordinates":[[[120.058159,30.268301],[120.058083,30.267981],[120.058368,30.267961],[120.058406,30.268211],[120.058159,30.268301]]]}},{"type":"Feature","properties":{"kind":"water","osmId":"way/782894144"},"geometry":{"type":"Polygon","coordinates":[[[120.058606,30.268187],[120.058487,30.267826],[120.057879,30.267895],[120.057845,30.26776],[120.058287,30.267645],[120.058435,30.26778],[120.058758,30.267645],[120.058506,30.267682],[120.058349,30.267555],[120.057883,30.267596],[120.057841,30.267493],[120.058934,30.267427],[120.058962,30.267571],[120.058853,30.267645],[120.058929,30.267871],[120.058658,30.267936],[120.058677,30.268166],[120.058606,30.268187]]]}},{"type":"Feature","properties":{"kind":"water","osmId":"way/782894146"},"geometry":{"type":"Polygon","coordinates":[[[120.059276,30.267214],[120.059081,30.267095],[120.059024,30.266927],[120.059024,30.266676],[120.059147,30.266565],[120.059223,30.266586],[120.059105,30.266767],[120.059138,30.26707],[120.059437,30.267091],[120.059537,30.267005],[120.059551,30.26707],[120.059442,30.267206],[120.059276,30.267214]]]}},{"type":"Feature","properties":{"kind":"water","osmId":"way/782894154"},"geometry":{"type":"Polygon","coordinates":[[[120.059879,30.27156],[120.05976,30.271519],[120.059822,30.271359],[120.059931,30.271404],[120.059879,30.27156]]]}},{"type":"Feature","properties":{"kind":"water","osmId":"way/782894155"},"geometry":{"type":"Polygon","coordinates":[[[120.059955,30.272397],[120.059879,30.272094],[120.059447,30.272032],[120.05948,30.271823],[120.060084,30.271958],[120.059955,30.272397]]]}},{"type":"Feature","properties":{"kind":"water","osmId":"way/782894156"},"geometry":{"type":"Polygon","coordinates":[[[120.058805,30.270185],[120.058715,30.269877],[120.059204,30.26982],[120.059204,30.270165],[120.058805,30.270185]]]}},{"type":"Feature","properties":{"kind":"water","osmId":"way/782894157"},"geometry":{"type":"Polygon","coordinates":[[[120.059518,30.26966],[120.059442,30.269615],[120.059471,30.269389],[120.059718,30.26936],[120.059708,30.269627],[120.059518,30.26966]]]}},{"type":"Feature","properties":{"kind":"water","osmId":"way/782894158"},"geometry":{"type":"Polygon","coordinates":[[[120.059014,30.269652],[120.058981,30.269549],[120.059304,30.269549],[120.059014,30.269652]]]}},{"type":"Feature","properties":{"kind":"water","osmId":"way/782894159"},"geometry":{"type":"Polygon","coordinates":[[[120.058553,30.26966],[120.058411,30.269303],[120.058653,30.269221],[120.058786,30.26957],[120.058553,30.26966]]]}},{"type":"Feature","properties":{"kind":"water","osmId":"way/782894160"},"geometry":{"type":"Polygon","coordinates":[[[120.058957,30.269438],[120.058858,30.269118],[120.059171,30.269077],[120.059228,30.26943],[120.058957,30.269438]]]}},{"type":"Feature","properties":{"kind":"water","osmId":"way/782894161"},"geometry":{"type":"Polygon","coordinates":[[[120.05843,30.269176],[120.058249,30.268933],[120.058344,30.26881],[120.058511,30.268794],[120.058677,30.269118],[120.05843,30.269176]]]}},{"type":"Feature","properties":{"kind":"water","osmId":"way/782894162"},"geometry":{"type":"Polygon","coordinates":[[[120.058915,30.269024],[120.058801,30.268905],[120.058819,30.268728],[120.059124,30.268691],[120.059209,30.268979],[120.058915,30.269024]]]}},{"type":"Feature","properties":{"kind":"water","osmId":"way/782894163"},"geometry":{"type":"Polygon","coordinates":[[[120.060538,30.271833],[120.0604,30.27171],[120.060538,30.271616],[120.060671,30.271799],[120.060538,30.271833]]]}},{"type":"Feature","properties":{"kind":"water","osmId":"way/782894164"},"geometry":{"type":"Polygon","coordinates":[[[120.060774,30.271608],[120.060607,30.27145],[120.061016,30.270871],[120.061178,30.270846],[120.061223,30.270969],[120.060774,30.271608]]]}},{"type":"Feature","properties":{"kind":"water","osmId":"way/782894165"},"geometry":{"type":"Polygon","coordinates":[[[120.061292,30.270837],[120.061154,30.270756],[120.061282,30.270543],[120.06139,30.270654],[120.061292,30.270837]]]}},{"type":"Feature","properties":{"kind":"water","osmId":"way/782894166"},"geometry":{"type":"Polygon","coordinates":[[[120.058552,30.271382],[120.058497,30.270935],[120.05867,30.270965],[120.058832,30.271229],[120.058813,30.271348],[120.058552,30.271382]]]}},{"type":"Feature","properties":{"kind":"water","osmId":"way/782894167"},"geometry":{"type":"Polygon","coordinates":[[[120.061592,30.270288],[120.061587,30.270122],[120.061785,30.270101],[120.061592,30.270288]]]}},{"type":"Feature","properties":{"kind":"water","osmId":"way/782894168"},"geometry":{"type":"Polygon","coordinates":[[[120.062287,30.268726],[120.062223,30.268696],[120.06241,30.268385],[120.062396,30.268611],[120.062287,30.268726]]]}},{"type":"Feature","properties":{"kind":"water","osmId":"way/782894169"},"geometry":{"type":"Polygon","coordinates":[[[120.062539,30.268185],[120.062529,30.267985],[120.062696,30.267824],[120.062539,30.268185]]]}},{"type":"Feature","properties":{"kind":"water","osmId":"way/782894170"},"geometry":{"type":"Polygon","coordinates":[[[120.062711,30.267739],[120.062741,30.267368],[120.062844,30.2673],[120.062711,30.267739]]]}},{"type":"Feature","properties":{"kind":"water","osmId":"way/782894172"},"geometry":{"type":"Polygon","coordinates":[[[120.0631,30.266704],[120.063041,30.266662],[120.063155,30.266347],[120.063268,30.266334],[120.0631,30.266704]]]}},{"type":"Feature","properties":{"kind":"water","osmId":"way/782894173"},"geometry":{"type":"Polygon","coordinates":[[[120.063214,30.267062],[120.063174,30.266921],[120.063391,30.266427],[120.06346,30.266521],[120.063214,30.267062]]]}},{"type":"Feature","properties":{"kind":"water","osmId":"way/782894174"},"geometry":{"type":"Polygon","coordinates":[[[120.063421,30.267206],[120.063347,30.267091],[120.063509,30.266496],[120.063628,30.266444],[120.0638,30.266598],[120.063633,30.267194],[120.063421,30.267206]]]}},{"type":"Feature","properties":{"kind":"water","osmId":"way/782894175"},"geometry":{"type":"Polygon","coordinates":[[[120.063233,30.267841],[120.062977,30.267683],[120.063155,30.267245],[120.06345,30.267385],[120.063391,30.267743],[120.063233,30.267841]]]}},{"type":"Feature","properties":{"kind":"water","osmId":"way/782894176"},"geometry":{"type":"Polygon","coordinates":[[[120.0628,30.268415],[120.062741,30.268326],[120.062879,30.267883],[120.062987,30.267947],[120.0628,30.268415]]]}},{"type":"Feature","properties":{"kind":"water","osmId":"way/782894177"},"geometry":{"type":"Polygon","coordinates":[[[120.063145,30.268594],[120.062997,30.268458],[120.063209,30.268449],[120.063145,30.268594]]]}},{"type":"Feature","properties":{"kind":"water","osmId":"way/782894178"},"geometry":{"type":"Polygon","coordinates":[[[120.063376,30.268436],[120.063174,30.268322],[120.063293,30.26796],[120.063549,30.268032],[120.063376,30.268436]]]}},{"type":"Feature","properties":{"kind":"water","osmId":"way/782894179"},"geometry":{"type":"Polygon","coordinates":[[[120.063618,30.267887],[120.06349,30.267794],[120.063588,30.267398],[120.063894,30.266955],[120.064012,30.267053],[120.063983,30.267189],[120.063618,30.267887]]]}},{"type":"Feature","properties":{"kind":"water","osmId":"way/782894180"},"geometry":{"type":"Polygon","coordinates":[[[120.063702,30.268577],[120.063505,30.268471],[120.063623,30.268147],[120.063874,30.268287],[120.063845,30.268517],[120.063702,30.268577]]]}},{"type":"Feature","properties":{"kind":"water","osmId":"way/782894181"},"geometry":{"type":"Polygon","coordinates":[[[120.06379,30.268121],[120.063697,30.268079],[120.063697,30.267926],[120.06385,30.267768],[120.064081,30.267802],[120.064007,30.268032],[120.06379,30.268121]]]}},{"type":"Feature","properties":{"kind":"water","osmId":"way/782894182"},"geometry":{"type":"Polygon","coordinates":[[[120.064175,30.267581],[120.064032,30.267555],[120.064032,30.267466],[120.064318,30.266764],[120.06447,30.266742],[120.064554,30.266785],[120.064525,30.266883],[120.064224,30.267338],[120.064175,30.267581]]]}},{"type":"Feature","properties":{"kind":"water","osmId":"way/782914837"},"geometry":{"type":"Polygon","coordinates":[[[120.05864,30.264769],[120.058965,30.264738],[120.058861,30.264656],[120.058861,30.264484],[120.058649,30.264344],[120.058703,30.26471],[120.05864,30.264769]]]}},{"type":"Feature","properties":{"kind":"water","osmId":"way/782914838"},"geometry":{"type":"Polygon","coordinates":[[[120.058969,30.264438],[120.058996,30.26404],[120.05928,30.264075],[120.059244,30.264457],[120.058969,30.264438]]]}},{"type":"Feature","properties":{"kind":"water","osmId":"way/782914839"},"geometry":{"type":"Polygon","coordinates":[[[120.05794,30.264742],[120.057828,30.264449],[120.057976,30.264286],[120.058022,30.264028],[120.058157,30.264013],[120.058211,30.264668],[120.05794,30.264742]]]}},{"type":"Feature","properties":{"kind":"water","osmId":"way/782914840"},"geometry":{"type":"Polygon","coordinates":[[[120.057728,30.264668],[120.057787,30.264773],[120.057746,30.26443],[120.057918,30.263986],[120.05757,30.263927],[120.05753,30.263974],[120.057674,30.26406],[120.057728,30.264668]]]}},{"type":"Feature","properties":{"kind":"water","osmId":"way/782914841"},"geometry":{"type":"Polygon","coordinates":[[[120.057597,30.263865],[120.057507,30.263842],[120.057543,30.263763],[120.058134,30.263713],[120.058089,30.263888],[120.05776,30.26381],[120.057597,30.263865]]]}},{"type":"Feature","properties":{"kind":"water","osmId":"way/782914842"},"geometry":{"type":"Polygon","coordinates":[[[120.057593,30.263693],[120.057611,30.263444],[120.058058,30.263428],[120.058067,30.262821],[120.058157,30.262766],[120.058175,30.263569],[120.057593,30.263693]]]}},{"type":"Feature","properties":{"kind":"water","osmId":"way/782914843"},"geometry":{"type":"Polygon","coordinates":[[[120.058351,30.264679],[120.058283,30.264609],[120.058337,30.264496],[120.058577,30.2645],[120.058567,30.264648],[120.058351,30.264679]]]}},{"type":"Feature","properties":{"kind":"water","osmId":"way/782914844"},"geometry":{"type":"Polygon","coordinates":[[[120.058396,30.264391],[120.058252,30.264297],[120.058238,30.263818],[120.05831,30.26376],[120.058491,30.263915],[120.058482,30.264348],[120.058396,30.264391]]]}},{"type":"Feature","properties":{"kind":"water","osmId":"way/782914845"},"geometry":{"type":"Polygon","coordinates":[[[120.058631,30.264142],[120.058549,30.263931],[120.05864,30.263534],[120.058631,30.264142]]]}},{"type":"Feature","properties":{"kind":"water","osmId":"way/782914846"},"geometry":{"type":"Polygon","coordinates":[[[120.058328,30.263639],[120.058261,30.263183],[120.058455,30.263144],[120.058649,30.263452],[120.058486,30.263647],[120.058328,30.263639]]]}},{"type":"Feature","properties":{"kind":"water","osmId":"way/782914847"},"geometry":{"type":"Polygon","coordinates":[[[120.05868,30.26337],[120.058613,30.263183],[120.058734,30.26275],[120.05868,30.26337]]]}},{"type":"Feature","properties":{"kind":"water","osmId":"way/782914848"},"geometry":{"type":"Polygon","coordinates":[[[120.058847,30.263592],[120.058892,30.262715],[120.058644,30.262633],[120.058559,30.26298],[120.058306,30.262976],[120.058369,30.262489],[120.058577,30.262497],[120.058933,30.262704],[120.058847,30.263592]]]}},{"type":"Feature","properties":{"kind":"water","osmId":"way/782914849"},"geometry":{"type":"Polygon","coordinates":[[[120.059105,30.26397],[120.059014,30.263892],[120.059073,30.263584],[120.059353,30.263783],[120.059312,30.263978],[120.059105,30.26397]]]}},{"type":"Feature","properties":{"kind":"water","osmId":"way/782914850"},"geometry":{"type":"Polygon","coordinates":[[[120.057665,30.263339],[120.057643,30.26321],[120.057882,30.263167],[120.057891,30.262898],[120.057986,30.262871],[120.057986,30.263315],[120.057665,30.263339]]]}},{"type":"Feature","properties":{"kind":"water","osmId":"way/782914851"},"geometry":{"type":"Polygon","coordinates":[[[120.0591,30.263526],[120.059032,30.263428],[120.059105,30.263245],[120.059759,30.263351],[120.059849,30.263444],[120.0591,30.263526]]]}},{"type":"Feature","properties":{"kind":"water","osmId":"way/782914852"},"geometry":{"type":"Polygon","coordinates":[[[120.059443,30.263241],[120.059109,30.263132],[120.059145,30.262836],[120.059294,30.262805],[120.06002,30.263043],[120.059862,30.263132],[120.059641,30.263054],[120.059443,30.263241]]]}},{"type":"Feature","properties":{"kind":"water","osmId":"way/782914853"},"geometry":{"type":"Polygon","coordinates":[[[120.060007,30.2639],[120.05993,30.263838],[120.060016,30.263612],[120.060445,30.263736],[120.060404,30.263978],[120.060007,30.2639]]]}},{"type":"Feature","properties":{"kind":"water","osmId":"way/782914854"},"geometry":{"type":"Polygon","coordinates":[[[120.060061,30.263538],[120.060147,30.263296],[120.060598,30.263436],[120.060544,30.263616],[120.060061,30.263538]]]}},{"type":"Feature","properties":{"kind":"water","osmId":"way/782914857"},"geometry":{"type":"Polygon","coordinates":[[[120.056661,30.263819],[120.056556,30.26377],[120.056639,30.263702],[120.05673,30.263732],[120.056661,30.263819]]]}},{"type":"Feature","properties":{"kind":"water","osmId":"way/782914858"},"geometry":{"type":"Polygon","coordinates":[[[120.056622,30.263657],[120.0566,30.263436],[120.05673,30.263424],[120.056622,30.263657]]]}},{"type":"Feature","properties":{"kind":"water","osmId":"way/783008817"},"geometry":{"type":"Polygon","coordinates":[[[120.057229,30.266022],[120.057044,30.265356],[120.057179,30.265278],[120.05739,30.265862],[120.05739,30.265975],[120.057229,30.266022]]]}},{"type":"Feature","properties":{"kind":"water","osmId":"way/783008818"},"geometry":{"type":"Polygon","coordinates":[[[120.054494,30.266109],[120.054384,30.266096],[120.054444,30.265966],[120.054564,30.266044],[120.054494,30.266109]]]}},{"type":"Feature","properties":{"kind":"water","osmId":"way/783008819"},"geometry":{"type":"Polygon","coordinates":[[[120.055235,30.266139],[120.055035,30.266113],[120.055005,30.265892],[120.054789,30.265901],[120.054759,30.265655],[120.054895,30.26533],[120.055381,30.265434],[120.055501,30.265101],[120.055396,30.265702],[120.05523,30.26565],[120.05507,30.265806],[120.05532,30.265927],[120.055511,30.265789],[120.055857,30.26604],[120.055636,30.266174],[120.055391,30.266083],[120.055235,30.266139]]]}},{"type":"Feature","properties":{"kind":"water","osmId":"way/783008823"},"geometry":{"type":"Polygon","coordinates":[[[120.054524,30.26575],[120.054459,30.26568],[120.054519,30.26539],[120.054684,30.265304],[120.054729,30.26552],[120.054629,30.265741],[120.054524,30.26575]]]}},{"type":"Feature","properties":{"kind":"water","osmId":"way/783008824"},"geometry":{"type":"Polygon","coordinates":[[[120.056758,30.266018],[120.056478,30.265871],[120.056473,30.2653],[120.056939,30.265339],[120.057084,30.266009],[120.056758,30.266018]]]}},{"type":"Feature","properties":{"kind":"water","osmId":"way/783008825"},"geometry":{"type":"Polygon","coordinates":[[[120.05517,30.265295],[120.054744,30.265148],[120.054739,30.264971],[120.055235,30.26504],[120.05517,30.265295]]]}},{"type":"Feature","properties":{"kind":"water","osmId":"way/783008826"},"geometry":{"type":"Polygon","coordinates":[[[120.055285,30.264949],[120.054799,30.264841],[120.054784,30.264655],[120.055356,30.264759],[120.055386,30.264914],[120.055285,30.264949]]]}},{"type":"Feature","properties":{"kind":"water","osmId":"way/783008827"},"geometry":{"type":"Polygon","coordinates":[[[120.055626,30.265057],[120.055461,30.264889],[120.055701,30.26478],[120.056057,30.264962],[120.056548,30.264828],[120.056673,30.264923],[120.057104,30.264889],[120.057139,30.265053],[120.057039,30.265157],[120.056713,30.265178],[120.056368,30.265144],[120.056287,30.265049],[120.055626,30.265057]]]}},{"type":"Feature","properties":{"kind":"water","osmId":"way/783008828"},"geometry":{"type":"Polygon","coordinates":[[[120.056608,30.26462],[120.056167,30.264564],[120.056333,30.264213],[120.056989,30.264339],[120.056979,30.26478],[120.056793,30.264802],[120.056703,30.264599],[120.056608,30.26462]]]}},{"type":"Feature","properties":{"kind":"water","osmId":"way/783008829"},"geometry":{"type":"Polygon","coordinates":[[[120.05507,30.264633],[120.05488,30.264525],[120.054895,30.264408],[120.055526,30.264261],[120.055576,30.26388],[120.055731,30.263876],[120.055781,30.264084],[120.055511,30.264581],[120.055386,30.264612],[120.05532,30.264456],[120.05507,30.264633]]]}},{"type":"Feature","properties":{"kind":"water","osmId":"way/783008830"},"geometry":{"type":"Polygon","coordinates":[[[120.05497,30.264265],[120.055371,30.264179],[120.055396,30.263988],[120.05505,30.263949],[120.05497,30.264265]]]}},{"type":"Feature","properties":{"kind":"water","osmId":"way/783008831"},"geometry":{"type":"Polygon","coordinates":[[[120.0576,30.26523],[120.057425,30.264828],[120.057465,30.264737],[120.05759,30.264733],[120.05769,30.264858],[120.057755,30.265204],[120.0576,30.26523]]]}},{"type":"Feature","properties":{"kind":"water","osmId":"way/783008833"},"geometry":{"type":"Polygon","coordinates":[[[120.058206,30.266635],[120.058053,30.266503],[120.058405,30.266267],[120.058665,30.266255],[120.058693,30.266415],[120.058609,30.266519],[120.058206,30.266635]]]}},{"type":"Feature","properties":{"kind":"water","osmId":"way/783008834"},"geometry":{"type":"Polygon","coordinates":[[[120.058016,30.266415],[120.058206,30.266367],[120.058211,30.266271],[120.05804,30.266239],[120.058016,30.266415]]]}},{"type":"Feature","properties":{"kind":"water","osmId":"way/783008835"},"geometry":{"type":"Polygon","coordinates":[[[120.056951,30.267783],[120.056859,30.267559],[120.057072,30.267503],[120.057132,30.267711],[120.056951,30.267783]]]}},{"type":"Feature","properties":{"kind":"water","osmId":"way/783008836"},"geometry":{"type":"Polygon","coordinates":[[[120.05709,30.268415],[120.056934,30.267926],[120.057363,30.267858],[120.057535,30.267938],[120.057474,30.268039],[120.057104,30.268127],[120.057468,30.268338],[120.057275,30.268295],[120.057257,30.268387],[120.05709,30.268415]]]}},{"type":"Feature","properties":{"kind":"water","osmId":"way/783008837"},"geometry":{"type":"Polygon","coordinates":[[[120.056708,30.268413],[120.056561,30.268366],[120.05647,30.268146],[120.056506,30.267707],[120.05672,30.267703],[120.056747,30.267775],[120.056701,30.267963],[120.056902,30.268338],[120.056708,30.268413]]]}},{"type":"Feature","properties":{"kind":"water","osmId":"way/783008838"},"geometry":{"type":"Polygon","coordinates":[[[120.056534,30.267555],[120.056437,30.267515],[120.056502,30.267327],[120.056534,30.267555]]]}},{"type":"Feature","properties":{"kind":"water","osmId":"way/783008839"},"geometry":{"type":"Polygon","coordinates":[[[120.056641,30.267531],[120.056599,30.267323],[120.056692,30.267399],[120.056641,30.267531]]]}},{"type":"Feature","properties":{"kind":"water","osmId":"way/783008840"},"geometry":{"type":"Polygon","coordinates":[[[120.056303,30.268343],[120.056164,30.268291],[120.056113,30.268035],[120.055928,30.267903],[120.055969,30.267547],[120.056099,30.267591],[120.056108,30.267919],[120.056408,30.268295],[120.056592,30.26838],[120.056496,30.268429],[120.056303,30.268343]]]}},{"type":"Feature","properties":{"kind":"water","osmId":"way/783008841"},"geometry":{"type":"Polygon","coordinates":[[[120.055557,30.268003],[120.055752,30.267947],[120.055756,30.267023],[120.055566,30.267075],[120.055557,30.268003]]]}},{"type":"Feature","properties":{"kind":"water","osmId":"way/783008842"},"geometry":{"type":"Polygon","coordinates":[[[120.054557,30.268539],[120.054251,30.268459],[120.054399,30.268135],[120.054406,30.267747],[120.05465,30.267649],[120.054802,30.267863],[120.054899,30.267747],[120.055108,30.267743],[120.0552,30.268107],[120.054923,30.268063],[120.054835,30.268135],[120.054805,30.267974],[120.054594,30.268024],[120.054498,30.268171],[120.054631,30.268388],[120.054557,30.268539]]]}},{"type":"Feature","properties":{"kind":"water","osmId":"way/783008843"},"geometry":{"type":"Polygon","coordinates":[[[120.055154,30.268715],[120.054737,30.268551],[120.054788,30.268355],[120.05521,30.268319],[120.055358,30.268687],[120.055154,30.268715]]]}},{"type":"Feature","properties":{"kind":"water","osmId":"way/783008844"},"geometry":{"type":"Polygon","coordinates":[[[120.055497,30.268691],[120.055376,30.268231],[120.055603,30.268155],[120.055742,30.268239],[120.055858,30.268683],[120.055673,30.268751],[120.055497,30.268691]]]}},{"type":"Feature","properties":{"kind":"water","osmId":"way/783008845"},"geometry":{"type":"Polygon","coordinates":[[[120.056336,30.269741],[120.05621,30.269618],[120.056181,30.269407],[120.056243,30.269353],[120.056296,30.269597],[120.056373,30.269378],[120.056229,30.26877],[120.056133,30.26872],[120.056267,30.268518],[120.056358,30.268592],[120.056349,30.269097],[120.056473,30.269399],[120.056457,30.269625],[120.056336,30.269741]]]}},{"type":"Feature","properties":{"kind":"water","osmId":"way/783008846"},"geometry":{"type":"Polygon","coordinates":[[[120.056765,30.269531],[120.056602,30.269337],[120.057029,30.269287],[120.056895,30.26889],[120.056732,30.268745],[120.05678,30.268551],[120.057302,30.268472],[120.05745,30.268824],[120.057575,30.268877],[120.05757,30.269031],[120.056765,30.269531]]]}},{"type":"Feature","properties":{"kind":"water","osmId":"way/783008847"},"geometry":{"type":"Polygon","coordinates":[[[120.056908,30.269704],[120.05685,30.269592],[120.057465,30.269301],[120.057455,30.269388],[120.056994,30.269633],[120.056999,30.269944],[120.057253,30.269909],[120.057335,30.269998],[120.057402,30.269836],[120.057542,30.26982],[120.057623,30.269695],[120.057743,30.269778],[120.0577,30.269911],[120.057162,30.270218],[120.057201,30.270645],[120.057066,30.270409],[120.057057,30.270106],[120.056903,30.270044],[120.056908,30.269704]]]}},{"type":"Feature","properties":{"kind":"water","osmId":"way/783008848"},"geometry":{"type":"Polygon","coordinates":[[[120.057863,30.269803],[120.057912,30.269679],[120.058012,30.26972],[120.058118,30.269621],[120.058228,30.2697],[120.058181,30.269783],[120.057863,30.269803]]]}},{"type":"Feature","properties":{"kind":"water","osmId":"way/783008849"},"geometry":{"type":"Polygon","coordinates":[[[120.056905,30.270851],[120.056688,30.270276],[120.056785,30.270134],[120.056905,30.270851]]]}},{"type":"Feature","properties":{"kind":"water","osmId":"way/783008850"},"geometry":{"type":"Polygon","coordinates":[[[120.056953,30.271163],[120.056818,30.270938],[120.056606,30.271051],[120.056519,30.271355],[120.056345,30.271326],[120.056398,30.270917],[120.055848,30.270801],[120.055776,30.270176],[120.056446,30.270109],[120.056446,30.270359],[120.056176,30.270259],[120.056036,30.270322],[120.056118,30.270622],[120.056374,30.270688],[120.05648,30.270976],[120.056929,30.270913],[120.057189,30.271646],[120.057522,30.271667],[120.058019,30.271484],[120.05798,30.271234],[120.057826,30.271063],[120.057242,30.271092],[120.057199,30.270755],[120.0573,30.271042],[120.057812,30.270942],[120.057836,30.270871],[120.058125,30.271359],[120.058453,30.271442],[120.058217,30.271588],[120.05745,30.271784],[120.057551,30.272059],[120.057377,30.272163],[120.056856,30.272213],[120.056716,30.272146],[120.056065,30.272251],[120.055781,30.27218],[120.055684,30.271801],[120.055882,30.271542],[120.056268,30.271572],[120.056326,30.272105],[120.056446,30.272084],[120.05649,30.271826],[120.056798,30.272059],[120.05732,30.271951],[120.057349,30.271796],[120.057102,30.271659],[120.056953,30.271163]]]}},{"type":"Feature","properties":{"kind":"water","osmId":"way/783008851"},"geometry":{"type":"Polygon","coordinates":[[[120.056818,30.271926],[120.056774,30.271838],[120.056852,30.271805],[120.057078,30.271817],[120.057083,30.27188],[120.056818,30.271926]]]}},{"type":"Feature","properties":{"kind":"water","osmId":"way/783008852"},"geometry":{"type":"Polygon","coordinates":[[[120.056094,30.271434],[120.055901,30.271359],[120.055945,30.271113],[120.056162,30.271147],[120.056181,30.271392],[120.056094,30.271434]]]}},{"type":"Feature","properties":{"kind":"water","osmId":"way/783008853"},"geometry":{"type":"Polygon","coordinates":[[[120.05771,30.272159],[120.057638,30.271909],[120.057725,30.271826],[120.058255,30.271805],[120.058323,30.272046],[120.058458,30.27208],[120.058482,30.271805],[120.058362,30.271721],[120.058627,30.271555],[120.058757,30.271626],[120.058776,30.271801],[120.059051,30.271967],[120.058854,30.272188],[120.05826,30.272109],[120.05771,30.272159]]]}},{"type":"Feature","properties":{"kind":"water","osmId":"way/783008854"},"geometry":{"type":"Polygon","coordinates":[[[120.058497,30.272559],[120.058554,30.272346],[120.058699,30.272355],[120.058709,30.27258],[120.058497,30.272559]]]}},{"type":"Feature","properties":{"kind":"water","osmId":"way/783008855"},"geometry":{"type":"Polygon","coordinates":[[[120.054842,30.271991],[120.054595,30.271946],[120.054543,30.271439],[120.054915,30.271484],[120.055077,30.27162],[120.055166,30.271511],[120.055549,30.271557],[120.055538,30.271679],[120.055413,30.271715],[120.054957,30.271683],[120.05492,30.271756],[120.055312,30.271783],[120.055343,30.271871],[120.055085,30.271959],[120.054962,30.271882],[120.054842,30.271991]]]}},{"type":"Feature","properties":{"kind":"water","osmId":"way/783008856"},"geometry":{"type":"Polygon","coordinates":[[[120.054501,30.271095],[120.054417,30.270996],[120.054449,30.270602],[120.054323,30.270453],[120.054328,30.270253],[120.054553,30.270217],[120.054616,30.27057],[120.054522,30.270674],[120.054637,30.270729],[120.054862,30.270625],[120.05469,30.270335],[120.054768,30.270068],[120.054978,30.2701],[120.055088,30.270389],[120.055198,30.270131],[120.055491,30.270204],[120.055507,30.270602],[120.055334,30.270692],[120.055654,30.270923],[120.05568,30.271036],[120.05536,30.271063],[120.055324,30.271118],[120.055491,30.271244],[120.054899,30.27119],[120.055261,30.271145],[120.055303,30.271068],[120.055156,30.270968],[120.055224,30.270701],[120.055077,30.270493],[120.054925,30.270643],[120.055077,30.27076],[120.054978,30.271086],[120.054716,30.271027],[120.054501,30.271095]]]}},{"type":"Feature","properties":{"kind":"water","osmId":"way/783008857"},"geometry":{"type":"Polygon","coordinates":[[[120.054585,30.269873],[120.054375,30.269797],[120.054349,30.269674],[120.05459,30.269706],[120.054721,30.26948],[120.0548,30.269493],[120.054737,30.269842],[120.054585,30.269873]]]}},{"type":"Feature","properties":{"kind":"water","osmId":"way/783008858"},"geometry":{"type":"Polygon","coordinates":[[[120.054993,30.26981],[120.054915,30.269715],[120.054962,30.269453],[120.055041,30.269475],[120.054993,30.26981]]]}},{"type":"Feature","properties":{"kind":"water","osmId":"way/783008859"},"geometry":{"type":"Polygon","coordinates":[[[120.054527,30.269552],[120.05438,30.269511],[120.054407,30.269367],[120.054616,30.269416],[120.054527,30.269552]]]}},{"type":"Feature","properties":{"kind":"water","osmId":"way/783008860"},"geometry":{"type":"Polygon","coordinates":[[[120.055486,30.27428],[120.054958,30.274161],[120.054958,30.273974],[120.055285,30.27391],[120.055512,30.274061],[120.055655,30.273979],[120.055486,30.27428]]]}},{"type":"Feature","properties":{"kind":"water","osmId":"way/783008861"},"geometry":{"type":"Polygon","coordinates":[[[120.055238,30.273815],[120.054968,30.273792],[120.054921,30.273669],[120.055275,30.273682],[120.055333,30.273801],[120.055238,30.273815]]]}},{"type":"Feature","properties":{"kind":"water","osmId":"way/783008862"},"geometry":{"type":"Polygon","coordinates":[[[120.055106,30.273541],[120.054847,30.273459],[120.054821,30.273258],[120.055201,30.273313],[120.055275,30.273505],[120.055106,30.273541]]]}},{"type":"Feature","properties":{"kind":"water","osmId":"way/783008863"},"geometry":{"type":"Polygon","coordinates":[[[120.05491,30.273076],[120.055195,30.273017],[120.055169,30.272825],[120.054652,30.272752],[120.054652,30.272953],[120.05491,30.273076]]]}},{"type":"Feature","properties":{"kind":"water","osmId":"way/783008864"},"geometry":{"type":"Polygon","coordinates":[[[120.055016,30.272688],[120.054604,30.272579],[120.054583,30.272337],[120.054968,30.272428],[120.055074,30.272634],[120.055016,30.272688]]]}},{"type":"Feature","properties":{"kind":"water","osmId":"way/783008865"},"geometry":{"type":"Polygon","coordinates":[[[120.055444,30.273673],[120.055982,30.273719],[120.05594,30.273263],[120.055797,30.272998],[120.055491,30.273017],[120.055385,30.273277],[120.055444,30.273673]]]}},{"type":"Feature","properties":{"kind":"water","osmId":"way/783008866"},"geometry":{"type":"Polygon","coordinates":[[[120.055467,30.272831],[120.055977,30.272757],[120.056241,30.272574],[120.056035,30.272506],[120.056009,30.272592],[120.05584,30.27262],[120.055613,30.272451],[120.055417,30.272442],[120.055467,30.272831]]]}},{"type":"Feature","properties":{"kind":"water","osmId":"way/783009337"},"geometry":{"type":"Polygon","coordinates":[[[120.070935,30.26504],[120.070403,30.264955],[120.070434,30.26472],[120.070892,30.26481],[120.071022,30.264709],[120.07096,30.264586],[120.070446,30.26449],[120.070162,30.264575],[120.069908,30.265377],[120.069729,30.265452],[120.069685,30.265676],[120.06945,30.265676],[120.06911,30.265435],[120.06916,30.265361],[120.069698,30.265398],[120.069685,30.265163],[120.069883,30.265083],[120.070007,30.264757],[120.069698,30.26457],[120.069692,30.264484],[120.069945,30.264346],[120.070242,30.264474],[120.070409,30.264447],[120.070576,30.264415],[120.070743,30.264212],[120.070725,30.264399],[120.070818,30.264442],[120.071245,30.264378],[120.071245,30.264634],[120.071102,30.264746],[120.071077,30.26496],[120.070935,30.26504]]]}},{"type":"Feature","properties":{"kind":"water","osmId":"way/783009338"},"geometry":{"type":"Polygon","coordinates":[[[120.069289,30.26488],[120.069308,30.264768],[120.069549,30.26481],[120.069562,30.264671],[120.069859,30.264773],[120.069766,30.264965],[120.069289,30.26488]]]}},{"type":"Feature","properties":{"kind":"water","osmId":"way/783009339"},"geometry":{"type":"Polygon","coordinates":[[[120.069061,30.265126],[120.069073,30.265003],[120.069401,30.265104],[120.069302,30.265217],[120.069061,30.265126]]]}},{"type":"Feature","properties":{"kind":"water","osmId":"way/783009340"},"geometry":{"type":"Polygon","coordinates":[[[120.068473,30.264645],[120.068139,30.264479],[120.068244,30.264356],[120.06856,30.264415],[120.068628,30.264543],[120.068473,30.264645]]]}},{"type":"Feature","properties":{"kind":"water","osmId":"way/783009341"},"geometry":{"type":"Polygon","coordinates":[[[120.068337,30.265083],[120.068473,30.264736],[120.068634,30.264655],[120.068702,30.264794],[120.068337,30.265083]]]}},{"type":"Feature","properties":{"kind":"water","osmId":"way/783009342"},"geometry":{"type":"Polygon","coordinates":[[[120.067953,30.264426],[120.067842,30.264308],[120.068065,30.264036],[120.068083,30.264233],[120.067953,30.264426]]]}},{"type":"Feature","properties":{"kind":"water","osmId":"way/783009343"},"geometry":{"type":"Polygon","coordinates":[[[120.06791,30.265355],[120.06783,30.265265],[120.067922,30.264816],[120.068108,30.264682],[120.068164,30.26473],[120.06791,30.265355]]]}},{"type":"Feature","properties":{"kind":"water","osmId":"way/783010404"},"geometry":{"type":"Polygon","coordinates":[[[120.07032,30.266724],[120.070403,30.266304],[120.070747,30.265679],[120.070848,30.265766],[120.070795,30.265925],[120.07032,30.266724]]]}},{"type":"Feature","properties":{"kind":"water","osmId":"way/783010405"},"geometry":{"type":"Polygon","coordinates":[[[120.070338,30.26552],[120.070172,30.265428],[120.070166,30.265315],[120.070195,30.265187],[120.070367,30.265105],[120.070528,30.265258],[120.070439,30.265412],[120.070545,30.265694],[120.070243,30.266314],[120.070243,30.266524],[120.070106,30.266494],[120.07016,30.266268],[120.069952,30.266202],[120.069626,30.266422],[120.069756,30.266114],[120.070011,30.266114],[120.070195,30.265633],[120.070338,30.26552]]]}},{"type":"Feature","properties":{"kind":"water","osmId":"way/783010406"},"geometry":{"type":"Polygon","coordinates":[[[120.069922,30.265976],[120.069833,30.265889],[120.070047,30.26554],[120.070124,30.265587],[120.069922,30.265976]]]}},{"type":"Feature","properties":{"kind":"water","osmId":"way/783010407"},"geometry":{"type":"Polygon","coordinates":[[[120.069495,30.266268],[120.069335,30.266114],[120.0694,30.265884],[120.069548,30.265807],[120.069667,30.265909],[120.069495,30.266268]]]}},{"type":"Feature","properties":{"kind":"water","osmId":"way/783010408"},"geometry":{"type":"Polygon","coordinates":[[[120.069264,30.265879],[120.069103,30.265843],[120.068955,30.26554],[120.068664,30.265422],[120.068272,30.26553],[120.067993,30.265863],[120.068349,30.265345],[120.068355,30.265422],[120.068973,30.265417],[120.069264,30.265879]]]}},{"type":"Feature","properties":{"kind":"water","osmId":"way/783010409"},"geometry":{"type":"Polygon","coordinates":[[[120.068272,30.266186],[120.068332,30.265802],[120.068712,30.26574],[120.068688,30.266073],[120.068272,30.266186]]]}},{"type":"Feature","properties":{"kind":"water","osmId":"way/783010410"},"geometry":{"type":"Polygon","coordinates":[[[120.068818,30.266207],[120.068801,30.266068],[120.069157,30.266207],[120.068818,30.266207]]]}},{"type":"Feature","properties":{"kind":"water","osmId":"way/783010411"},"geometry":{"type":"Polygon","coordinates":[[[120.06975,30.267104],[120.069821,30.266878],[120.069952,30.266873],[120.069976,30.267001],[120.06975,30.267104]]]}},{"type":"Feature","properties":{"kind":"water","osmId":"way/783010412"},"geometry":{"type":"Polygon","coordinates":[[[120.069103,30.267063],[120.069044,30.266965],[120.069204,30.266617],[120.069305,30.266601],[120.069103,30.267063]]]}},{"type":"Feature","properties":{"kind":"water","osmId":"way/783010413"},"geometry":{"type":"Polygon","coordinates":[[[120.069252,30.267135],[120.069424,30.266704],[120.069661,30.266745],[120.069531,30.26715],[120.069252,30.267135]]]}},{"type":"Feature","properties":{"kind":"water","osmId":"way/783010414"},"geometry":{"type":"Polygon","coordinates":[[[120.068023,30.26677],[120.067958,30.26654],[120.068053,30.266422],[120.068332,30.266658],[120.068266,30.266791],[120.068023,30.26677]]]}},{"type":"Feature","properties":{"kind":"water","osmId":"way/783010415"},"geometry":{"type":"Polygon","coordinates":[[[120.067293,30.266073],[120.067269,30.265904],[120.067388,30.265689],[120.067827,30.265868],[120.067673,30.266176],[120.067293,30.266073]]]}},{"type":"Feature","properties":{"kind":"water","osmId":"way/783010416"},"geometry":{"type":"Polygon","coordinates":[[[120.067857,30.265679],[120.067489,30.26554],[120.067507,30.265371],[120.06775,30.265397],[120.067892,30.26552],[120.067946,30.265581],[120.067857,30.265679]]]}},{"type":"Feature","properties":{"kind":"water","osmId":"way/783010417"},"geometry":{"type":"Polygon","coordinates":[[[120.069341,30.266504],[120.069234,30.266248],[120.069406,30.266345],[120.069341,30.266504]]]}},{"type":"Feature","properties":{"kind":"water","osmId":"way/783010418"},"geometry":{"type":"Polygon","coordinates":[[[120.066658,30.26592],[120.066593,30.265807],[120.066729,30.265602],[120.067097,30.265709],[120.066979,30.265981],[120.066658,30.26592]]]}},{"type":"Feature","properties":{"kind":"water","osmId":"way/783010419"},"geometry":{"type":"Polygon","coordinates":[[[120.066439,30.265628],[120.066338,30.265525],[120.066456,30.26531],[120.066533,30.26552],[120.066439,30.265628]]]}},{"type":"Feature","properties":{"kind":"water","osmId":"way/783010420"},"geometry":{"type":"Polygon","coordinates":[[[120.066094,30.26534],[120.065982,30.265299],[120.066059,30.264966],[120.066237,30.264889],[120.066094,30.26534]]]}},{"type":"Feature","properties":{"kind":"water","osmId":"way/783010421"},"geometry":{"type":"Polygon","coordinates":[[[120.06686,30.265458],[120.067228,30.265566],[120.067406,30.265197],[120.067002,30.265058],[120.06686,30.265458]]]}},{"type":"Feature","properties":{"kind":"water","osmId":"way/783010422"},"geometry":{"type":"Polygon","coordinates":[[[120.06978,30.267939],[120.06971,30.267844],[120.069845,30.267399],[120.070076,30.26736],[120.06978,30.267939]]]}},{"type":"Feature","properties":{"kind":"water","osmId":"way/783010423"},"geometry":{"type":"Polygon","coordinates":[[[120.069652,30.268433],[120.069465,30.26835],[120.069401,30.268066],[120.069503,30.268228],[120.069684,30.268267],[120.069652,30.268433]]]}},{"type":"Feature","properties":{"kind":"water","osmId":"way/783010424"},"geometry":{"type":"Polygon","coordinates":[[[120.069227,30.268839],[120.069632,30.268962],[120.06969,30.268567],[120.069439,30.268506],[120.069381,30.268734],[120.069227,30.268839]]]}},{"type":"Feature","properties":{"kind":"water","osmId":"way/783010425"},"geometry":{"type":"Polygon","coordinates":[[[120.06913,30.267933],[120.06922,30.267466],[120.069368,30.267332],[120.069478,30.26736],[120.069304,30.267866],[120.06913,30.267933]]]}},{"type":"Feature","properties":{"kind":"water","osmId":"way/783010426"},"geometry":{"type":"Polygon","coordinates":[[[120.067295,30.268339],[120.067533,30.267538],[120.067752,30.267433],[120.067997,30.267471],[120.068139,30.26716],[120.068087,30.267004],[120.068782,30.267194],[120.068834,30.267455],[120.068396,30.267733],[120.067894,30.267683],[120.067682,30.267555],[120.067598,30.267616],[120.067295,30.268339]]]}},{"type":"Feature","properties":{"kind":"water","osmId":"way/783010427"},"geometry":{"type":"Polygon","coordinates":[[[120.067656,30.2684],[120.068113,30.268495],[120.068171,30.268372],[120.068171,30.2682],[120.067894,30.267866],[120.067778,30.267927],[120.067656,30.2684]]]}},{"type":"Feature","properties":{"kind":"water","osmId":"way/783010428"},"geometry":{"type":"Polygon","coordinates":[[[120.068209,30.268528],[120.068216,30.268622],[120.068364,30.268645],[120.068692,30.268161],[120.068667,30.267916],[120.068473,30.267916],[120.068209,30.268528]]]}},{"type":"Feature","properties":{"kind":"water","osmId":"way/783010429"},"geometry":{"type":"Polygon","coordinates":[[[120.06877,30.268823],[120.068699,30.268717],[120.069059,30.268089],[120.069111,30.268233],[120.06877,30.268823]]]}},{"type":"Feature","properties":{"kind":"water","osmId":"way/783010430"},"geometry":{"type":"Polygon","coordinates":[[[120.066999,30.267677],[120.066967,30.267538],[120.067147,30.267199],[120.067327,30.267199],[120.067231,30.26756],[120.066999,30.267677]]]}},{"type":"Feature","properties":{"kind":"water","osmId":"way/783010431"},"geometry":{"type":"Polygon","coordinates":[[[120.066812,30.267449],[120.066233,30.267271],[120.066162,30.267032],[120.06689,30.267288],[120.066812,30.267449]]]}},{"type":"Feature","properties":{"kind":"water","osmId":"way/783010432"},"geometry":{"type":"Polygon","coordinates":[[[120.066684,30.267027],[120.066986,30.267121],[120.06698,30.266693],[120.066728,30.266716],[120.066684,30.267027]]]}},{"type":"Feature","properties":{"kind":"water","osmId":"way/783014729"},"geometry":{"type":"Polygon","coordinates":[[[120.064423,30.267875],[120.064343,30.26786],[120.064366,30.267732],[120.064616,30.267472],[120.064599,30.267246],[120.064798,30.267133],[120.065048,30.267182],[120.065048,30.267354],[120.064883,30.267408],[120.064872,30.267315],[120.06473,30.267305],[120.064553,30.267771],[120.064423,30.267875]]]}},{"type":"Feature","properties":{"kind":"water","osmId":"way/783014730"},"geometry":{"type":"Polygon","coordinates":[[[120.064673,30.268385],[120.064451,30.268253],[120.064599,30.267919],[120.064741,30.267845],[120.064991,30.267904],[120.065031,30.268012],[120.064889,30.268307],[120.064673,30.268385]]]}},{"type":"Feature","properties":{"kind":"water","osmId":"way/783014731"},"geometry":{"type":"Polygon","coordinates":[[[120.065105,30.267894],[120.064792,30.267737],[120.064872,30.267521],[120.065509,30.267531],[120.065406,30.267889],[120.065105,30.267894]]]}},{"type":"Feature","properties":{"kind":"water","osmId":"way/783014732"},"geometry":{"type":"Polygon","coordinates":[[[120.06519,30.26897],[120.065156,30.268719],[120.065429,30.268267],[120.06556,30.267658],[120.065679,30.267531],[120.065725,30.267658],[120.06519,30.26897]]]}},{"type":"Feature","properties":{"kind":"water","osmId":"way/783014733"},"geometry":{"type":"Polygon","coordinates":[[[120.065639,30.269087],[120.06577,30.26869],[120.066037,30.268768],[120.065946,30.269058],[120.065639,30.269087]]]}},{"type":"Feature","properties":{"kind":"water","osmId":"way/783014734"},"geometry":{"type":"Polygon","coordinates":[[[120.066157,30.268636],[120.065889,30.268459],[120.065611,30.268439],[120.066503,30.2684],[120.066441,30.26866],[120.066157,30.268636]]]}},{"type":"Feature","properties":{"kind":"water","osmId":"way/783014735"},"geometry":{"type":"Polygon","coordinates":[[[120.066276,30.268248],[120.066123,30.268081],[120.066265,30.267732],[120.066435,30.267663],[120.066651,30.267816],[120.066492,30.268159],[120.066276,30.268248]]]}},{"type":"Feature","properties":{"kind":"water","osmId":"way/783014736"},"geometry":{"type":"Polygon","coordinates":[[[120.066759,30.268896],[120.066577,30.268798],[120.06681,30.268218],[120.066765,30.268051],[120.067106,30.267934],[120.067095,30.268091],[120.066901,30.268194],[120.066981,30.26839],[120.066759,30.268896]]]}},{"type":"Feature","properties":{"kind":"water","osmId":"way/783014738"},"geometry":{"type":"Polygon","coordinates":[[[120.064265,30.274742],[120.064165,30.27468],[120.064237,30.27452],[120.06436,30.274496],[120.06436,30.274713],[120.064265,30.274742]]]}},{"type":"Feature","properties":{"kind":"water","osmId":"way/783014739"},"geometry":{"type":"Polygon","coordinates":[[[120.064873,30.274266],[120.064662,30.274037],[120.064959,30.274027],[120.064873,30.274266]]]}},{"type":"Feature","properties":{"kind":"water","osmId":"way/783014740"},"geometry":{"type":"Polygon","coordinates":[[[120.065192,30.274372],[120.064951,30.274331],[120.065026,30.274143],[120.065375,30.274358],[120.065192,30.274372]]]}},{"type":"Feature","properties":{"kind":"water","osmId":"way/783014741"},"geometry":{"type":"Polygon","coordinates":[[[120.064472,30.274337],[120.064299,30.274293],[120.064153,30.274032],[120.064192,30.273921],[120.064539,30.274134],[120.064472,30.274337]]]}},{"type":"Feature","properties":{"kind":"water","osmId":"way/783014742"},"geometry":{"type":"Polygon","coordinates":[[[120.064573,30.274003],[120.064288,30.273858],[120.064349,30.273709],[120.064696,30.273863],[120.064573,30.274003]]]}},{"type":"Feature","properties":{"kind":"water","osmId":"way/783014743"},"geometry":{"type":"Polygon","coordinates":[[[120.064808,30.273428],[120.064713,30.273399],[120.064679,30.273211],[120.064791,30.272883],[120.065031,30.272998],[120.065003,30.273298],[120.064808,30.273428]]]}},{"type":"Feature","properties":{"kind":"water","osmId":"way/783014744"},"geometry":{"type":"Polygon","coordinates":[[[120.064534,30.273143],[120.064511,30.272912],[120.064673,30.272815],[120.064534,30.273143]]]}},{"type":"Feature","properties":{"kind":"water","osmId":"way/783014745"},"geometry":{"type":"Polygon","coordinates":[[[120.06478,30.272617],[120.064645,30.272511],[120.064852,30.272221],[120.065238,30.272404],[120.065166,30.272564],[120.06478,30.272617]]]}},{"type":"Feature","properties":{"kind":"water","osmId":"way/783014746"},"geometry":{"type":"Polygon","coordinates":[[[120.065417,30.272177],[120.065026,30.271916],[120.065171,30.27154],[120.065585,30.271627],[120.065417,30.272177]]]}},{"type":"Feature","properties":{"kind":"water","osmId":"way/783014747"},"geometry":{"type":"Polygon","coordinates":[[[120.065624,30.27153],[120.065261,30.271419],[120.065227,30.271332],[120.065596,30.271414],[120.065624,30.27153]]]}},{"type":"Feature","properties":{"kind":"water","osmId":"way/783014748"},"geometry":{"type":"Polygon","coordinates":[[[120.065669,30.271298],[120.065244,30.271134],[120.065255,30.271042],[120.065725,30.27111],[120.065764,30.271216],[120.065669,30.271298]]]}},{"type":"Feature","properties":{"kind":"water","osmId":"way/783014749"},"geometry":{"type":"Polygon","coordinates":[[[120.065658,30.27096],[120.065345,30.270839],[120.065518,30.270332],[120.065691,30.270119],[120.065865,30.270337],[120.065775,30.270535],[120.065585,30.270487],[120.065826,30.270641],[120.065809,30.270806],[120.065658,30.27096]]]}},{"type":"Feature","properties":{"kind":"water","osmId":"way/783014750"},"geometry":{"type":"Polygon","coordinates":[[[120.064064,30.272404],[120.063952,30.272342],[120.063896,30.272057],[120.063963,30.271796],[120.064058,30.271767],[120.064064,30.272404]]]}},{"type":"Feature","properties":{"kind":"water","osmId":"way/783014751"},"geometry":{"type":"Polygon","coordinates":[[[120.063169,30.273312],[120.063292,30.272834],[120.063409,30.272791],[120.063471,30.272308],[120.063644,30.272235],[120.063454,30.273221],[120.063169,30.273312]]]}},{"type":"Feature","properties":{"kind":"water","osmId":"way/783014752"},"geometry":{"type":"Polygon","coordinates":[[[120.063745,30.272883],[120.063862,30.272486],[120.064271,30.272559],[120.06412,30.272969],[120.063745,30.272883]]]}},{"type":"Feature","properties":{"kind":"water","osmId":"way/783014753"},"geometry":{"type":"Polygon","coordinates":[[[120.064215,30.272414],[120.064355,30.272438],[120.064455,30.272197],[120.064422,30.271873],[120.064271,30.271839],[120.06417,30.272052],[120.064215,30.272414]]]}},{"type":"Feature","properties":{"kind":"water","osmId":"way/783014754"},"geometry":{"type":"Polygon","coordinates":[[[120.064131,30.271665],[120.064019,30.271569],[120.06417,30.271255],[120.064304,30.271395],[120.064131,30.271665]]]}},{"type":"Feature","properties":{"kind":"water","osmId":"way/783014755"},"geometry":{"type":"Polygon","coordinates":[[[120.064286,30.271213],[120.064741,30.27124],[120.064735,30.271168],[120.064472,30.271129],[120.064567,30.270646],[120.064511,30.270559],[120.064286,30.271213]]]}},{"type":"Feature","properties":{"kind":"water","osmId":"way/783014756"},"geometry":{"type":"Polygon","coordinates":[[[120.064192,30.2711],[120.064069,30.271071],[120.064114,30.270709],[120.064215,30.270535],[120.06431,30.270545],[120.064399,30.270656],[120.064192,30.2711]]]}},{"type":"Feature","properties":{"kind":"water","osmId":"way/783014757"},"geometry":{"type":"Polygon","coordinates":[[[120.064802,30.271129],[120.064679,30.27096],[120.064808,30.270627],[120.064953,30.270593],[120.065037,30.270627],[120.064992,30.271003],[120.064802,30.271129]]]}},{"type":"Feature","properties":{"kind":"water","osmId":"way/783014758"},"geometry":{"type":"Polygon","coordinates":[[[120.064567,30.270477],[120.064411,30.270482],[120.064282,30.270322],[120.064427,30.270008],[120.064713,30.269994],[120.064948,30.269863],[120.06497,30.269955],[120.06469,30.270086],[120.064567,30.270477]]]}},{"type":"Feature","properties":{"kind":"water","osmId":"way/783014759"},"geometry":{"type":"Polygon","coordinates":[[[120.064187,30.270124],[120.064047,30.270081],[120.064092,30.269849],[120.06417,30.269675],[120.064338,30.26969],[120.064394,30.269815],[120.064299,30.270081],[120.064187,30.270124]]]}},{"type":"Feature","properties":{"kind":"water","osmId":"way/783014760"},"geometry":{"type":"Polygon","coordinates":[[[120.063762,30.269888],[120.063633,30.269772],[120.0637,30.269612],[120.063862,30.269593],[120.063762,30.269888]]]}},{"type":"Feature","properties":{"kind":"water","osmId":"way/783014761"},"geometry":{"type":"Polygon","coordinates":[[[120.063946,30.269492],[120.063806,30.269424],[120.06389,30.269211],[120.064036,30.26924],[120.063946,30.269492]]]}},{"type":"Feature","properties":{"kind":"water","osmId":"way/783014762"},"geometry":{"type":"Polygon","coordinates":[[[120.06459,30.269709],[120.064852,30.269496],[120.064892,30.269356],[120.064796,30.269318],[120.064617,30.269434],[120.064517,30.269627],[120.06459,30.269709]]]}},{"type":"Feature","properties":{"kind":"water","osmId":"way/783014763"},"geometry":{"type":"Polygon","coordinates":[[[120.06422,30.269564],[120.064344,30.26954],[120.064472,30.269289],[120.064332,30.26924],[120.06422,30.269564]]]}},{"type":"Feature","properties":{"kind":"water","osmId":"way/783014764"},"geometry":{"type":"Polygon","coordinates":[[[120.065304,30.269683],[120.065108,30.269553],[120.065177,30.269263],[120.065298,30.269158],[120.065414,30.269263],[120.065304,30.269683]]]}},{"type":"Feature","properties":{"kind":"water","osmId":"way/783014765"},"geometry":{"type":"Polygon","coordinates":[[[120.065686,30.269763],[120.065512,30.269678],[120.065547,30.269318],[120.065848,30.269213],[120.065686,30.269763]]]}},{"type":"Feature","properties":{"kind":"water","osmId":"way/783014766"},"geometry":{"type":"Polygon","coordinates":[[[120.066016,30.269653],[120.065906,30.269483],[120.06605,30.269278],[120.066108,30.268838],[120.06634,30.268773],[120.066016,30.269653]]]}},{"type":"Feature","properties":{"kind":"water","osmId":"way/783014767"},"geometry":{"type":"Polygon","coordinates":[[[120.066114,30.270637],[120.065998,30.270432],[120.066253,30.270422],[120.06645,30.270212],[120.066507,30.269832],[120.066282,30.269513],[120.066461,30.268993],[120.066611,30.268973],[120.066611,30.269433],[120.066496,30.269718],[120.066554,30.269902],[120.066432,30.270342],[120.06649,30.270512],[120.066455,30.270592],[120.066114,30.270637]]]}},{"type":"Feature","properties":{"kind":"water","osmId":"way/783014768"},"geometry":{"type":"Polygon","coordinates":[[[120.06627,30.271586],[120.066131,30.271561],[120.066154,30.271376],[120.066334,30.271401],[120.06627,30.271586]]]}},{"type":"Feature","properties":{"kind":"water","osmId":"way/783014769"},"geometry":{"type":"Polygon","coordinates":[[[120.065385,30.272445],[120.065374,30.2723],[120.065015,30.27205],[120.065455,30.272305],[120.065599,30.27227],[120.0659,30.271421],[120.065848,30.270882],[120.066189,30.270732],[120.06627,30.271051],[120.066004,30.271276],[120.065692,30.272235],[120.065738,30.272385],[120.065611,30.272475],[120.065385,30.272445]]]}},{"type":"Feature","properties":{"kind":"water","osmId":"way/783014770"},"geometry":{"type":"Polygon","coordinates":[[[120.066444,30.271002],[120.066461,30.270867],[120.066698,30.270827],[120.066797,30.270907],[120.066687,30.271036],[120.066444,30.271002]]]}},{"type":"Feature","properties":{"kind":"water","osmId":"way/783014771"},"geometry":{"type":"Polygon","coordinates":[[[120.062644,30.274567],[120.062574,30.27434],[120.062698,30.273832],[120.063136,30.273803],[120.063312,30.273448],[120.063436,30.273386],[120.06375,30.273493],[120.063789,30.273595],[120.063632,30.273933],[120.063495,30.273911],[120.063541,30.273533],[120.063305,30.273877],[120.063064,30.273877],[120.063038,30.274001],[120.063149,30.274148],[120.06307,30.274317],[120.062992,30.274311],[120.063005,30.274131],[120.062933,30.274159],[120.062644,30.274567]]]}},{"type":"Feature","properties":{"kind":"water","osmId":"way/783014772"},"geometry":{"type":"Polygon","coordinates":[[[120.067271,30.268776],[120.067075,30.268731],[120.067082,30.268494],[120.067317,30.2685],[120.067376,30.268584],[120.067271,30.268776]]]}},{"type":"Feature","properties":{"kind":"water","osmId":"way/783016534"},"geometry":{"type":"Polygon","coordinates":[[[120.066873,30.270277],[120.066755,30.270153],[120.066905,30.270023],[120.066853,30.269476],[120.067284,30.269436],[120.06735,30.269487],[120.067095,30.269555],[120.066984,30.270215],[120.066873,30.270277]]]}},{"type":"Feature","properties":{"kind":"water","osmId":"way/783016535"},"geometry":{"type":"Polygon","coordinates":[[[120.066866,30.26916],[120.066866,30.268889],[120.067101,30.268844],[120.067108,30.269098],[120.066951,30.269053],[120.066866,30.26916]]]}},{"type":"Feature","properties":{"kind":"water","osmId":"way/783016536"},"geometry":{"type":"Polygon","coordinates":[[[120.068003,30.269177],[120.067983,30.268928],[120.068121,30.26881],[120.068153,30.268974],[120.068003,30.269177]]]}},{"type":"Feature","properties":{"kind":"water","osmId":"way/783016537"},"geometry":{"type":"Polygon","coordinates":[[[120.067997,30.26973],[120.067892,30.269679],[120.067905,30.269572],[120.068147,30.269199],[120.068173,30.269357],[120.067997,30.26973]]]}},{"type":"Feature","properties":{"kind":"water","osmId":"way/783016538"},"geometry":{"type":"Polygon","coordinates":[[[120.067689,30.269611],[120.067637,30.26947],[120.067748,30.269289],[120.067689,30.269611]]]}},{"type":"Feature","properties":{"kind":"water","osmId":"way/783016539"},"geometry":{"type":"Polygon","coordinates":[[[120.067206,30.270599],[120.067016,30.270486],[120.067284,30.270017],[120.06733,30.270119],[120.067239,30.270277],[120.067598,30.270345],[120.0675,30.270536],[120.067206,30.270599]]]}},{"type":"Feature","properties":{"kind":"water","osmId":"way/783016540"},"geometry":{"type":"Polygon","coordinates":[[[120.067591,30.270988],[120.067598,30.27057],[120.067801,30.270474],[120.068016,30.270565],[120.067905,30.27092],[120.067591,30.270988]]]}},{"type":"Feature","properties":{"kind":"water","osmId":"way/783016541"},"geometry":{"type":"Polygon","coordinates":[[[120.067951,30.271377],[120.067833,30.271343],[120.06784,30.271169],[120.067689,30.271039],[120.067898,30.271033],[120.068088,30.271185],[120.068068,30.27136],[120.067951,30.271377]]]}},{"type":"Feature","properties":{"kind":"water","osmId":"way/783016542"},"geometry":{"type":"Polygon","coordinates":[[[120.068206,30.271044],[120.068114,30.270999],[120.068127,30.270847],[120.068277,30.270706],[120.068395,30.270734],[120.068421,30.270898],[120.068206,30.271044]]]}},{"type":"Feature","properties":{"kind":"water","osmId":"way/783016543"},"geometry":{"type":"Polygon","coordinates":[[[120.067533,30.270164],[120.067448,30.270108],[120.0675,30.269876],[120.067572,30.269871],[120.067533,30.270164]]]}},{"type":"Feature","properties":{"kind":"water","osmId":"way/783016544"},"geometry":{"type":"Polygon","coordinates":[[[120.067709,30.270254],[120.067657,30.27004],[120.067774,30.269933],[120.067833,30.27004],[120.067709,30.270254]]]}},{"type":"Feature","properties":{"kind":"water","osmId":"way/783016545"},"geometry":{"type":"Polygon","coordinates":[[[120.068029,30.270446],[120.067846,30.27039],[120.06782,30.270243],[120.067925,30.270119],[120.068107,30.270096],[120.068153,30.270226],[120.068029,30.270446]]]}},{"type":"Feature","properties":{"kind":"water","osmId":"way/783016546"},"geometry":{"type":"Polygon","coordinates":[[[120.068291,30.270565],[120.068245,30.270457],[120.068356,30.270294],[120.068682,30.270322],[120.068532,30.27061],[120.068291,30.270565]]]}},{"type":"Feature","properties":{"kind":"water","osmId":"way/783016547"},"geometry":{"type":"Polygon","coordinates":[[[120.068055,30.270029],[120.067781,30.269831],[120.068297,30.269978],[120.068258,30.269769],[120.068388,30.269527],[120.068343,30.269899],[120.068441,30.27],[120.068944,30.270158],[120.069643,30.27004],[120.069643,30.270158],[120.068865,30.270311],[120.068898,30.270226],[120.068578,30.270102],[120.068055,30.270029]]]}},{"type":"Feature","properties":{"kind":"water","osmId":"way/783016548"},"geometry":{"type":"Polygon","coordinates":[[[120.0685,30.269408],[120.068532,30.26912],[120.06863,30.269064],[120.0685,30.269408]]]}},{"type":"Feature","properties":{"kind":"water","osmId":"way/783016549"},"geometry":{"type":"Polygon","coordinates":[[[120.068709,30.269978],[120.068604,30.269888],[120.068741,30.269718],[120.0688,30.269837],[120.068709,30.269978]]]}},{"type":"Feature","properties":{"kind":"water","osmId":"way/783016550"},"geometry":{"type":"Polygon","coordinates":[[[120.068852,30.270046],[120.068983,30.269769],[120.069199,30.269825],[120.069179,30.270057],[120.068852,30.270046]]]}},{"type":"Feature","properties":{"kind":"water","osmId":"way/783016551"},"geometry":{"type":"Polygon","coordinates":[[[120.068892,30.269611],[120.069225,30.269662],[120.069329,30.269487],[120.069048,30.269397],[120.068892,30.269611]]]}},{"type":"Feature","properties":{"kind":"water","osmId":"way/783016552"},"geometry":{"type":"Polygon","coordinates":[[[120.069486,30.269763],[120.069427,30.269741],[120.069578,30.26925],[120.069277,30.269289],[120.069107,30.269199],[120.06899,30.269064],[120.069042,30.268917],[120.069323,30.269148],[120.069669,30.269199],[120.069578,30.269724],[120.069486,30.269763]]]}},{"type":"Feature","properties":{"kind":"water","osmId":"way/783016553"},"geometry":{"type":"Polygon","coordinates":[[[120.06783,30.274844],[120.067658,30.274785],[120.067676,30.274706],[120.067883,30.274713],[120.06783,30.274844]]]}},{"type":"Feature","properties":{"kind":"water","osmId":"way/783016554"},"geometry":{"type":"Polygon","coordinates":[[[120.066147,30.274362],[120.065795,30.274283],[120.065834,30.274097],[120.066167,30.274069],[120.066461,30.273753],[120.066468,30.273888],[120.066147,30.274362]]]}},{"type":"Feature","properties":{"kind":"water","osmId":"way/783016555"},"geometry":{"type":"Polygon","coordinates":[[[120.066076,30.273341],[120.065782,30.273126],[120.065906,30.273025],[120.066108,30.273036],[120.066428,30.272799],[120.066389,30.272997],[120.066076,30.273341]]]}},{"type":"Feature","properties":{"kind":"water","osmId":"way/783016556"},"geometry":{"type":"Polygon","coordinates":[[[120.066017,30.272878],[120.065991,30.272669],[120.066363,30.272568],[120.066559,30.27263],[120.066017,30.272878]]]}},{"type":"Feature","properties":{"kind":"water","osmId":"way/783016557"},"geometry":{"type":"Polygon","coordinates":[[[120.066553,30.273538],[120.066291,30.273403],[120.066533,30.273143],[120.066598,30.272929],[120.067003,30.272918],[120.067408,30.272562],[120.067676,30.272619],[120.067709,30.272241],[120.067964,30.272083],[120.068251,30.271315],[120.068852,30.27039],[120.068617,30.270779],[120.068473,30.271422],[120.068297,30.271592],[120.067892,30.272641],[120.067768,30.272731],[120.067467,30.273719],[120.067559,30.27386],[120.067722,30.273815],[120.068336,30.274024],[120.068303,30.274091],[120.068068,30.274114],[120.068068,30.274323],[120.067879,30.274475],[120.067572,30.274435],[120.067421,30.274334],[120.067441,30.274249],[120.067167,30.274238],[120.067082,30.274148],[120.067389,30.273708],[120.067657,30.273053],[120.067565,30.272856],[120.067428,30.272793],[120.066742,30.273205],[120.066553,30.273538]]]}},{"type":"Feature","properties":{"kind":"water","osmId":"way/783016558"},"geometry":{"type":"Polygon","coordinates":[[[120.066794,30.274633],[120.066794,30.274396],[120.066899,30.274356],[120.066794,30.274633]]]}},{"type":"Feature","properties":{"kind":"water","osmId":"way/783016559"},"geometry":{"type":"Polygon","coordinates":[[[120.067193,30.273617],[120.067069,30.273516],[120.067304,30.273132],[120.067402,30.273318],[120.067193,30.273617]]]}},{"type":"Feature","properties":{"kind":"water","osmId":"way/783016560"},"geometry":{"type":"Polygon","coordinates":[[[120.067095,30.272438],[120.066892,30.272342],[120.06701,30.27206],[120.066938,30.271942],[120.066566,30.271642],[120.066664,30.271479],[120.066579,30.27127],[120.067043,30.271219],[120.067186,30.270903],[120.06735,30.271005],[120.067206,30.271293],[120.066886,30.271349],[120.067186,30.27171],[120.067069,30.271953],[120.067226,30.27219],[120.067095,30.272438]]]}},{"type":"Feature","properties":{"kind":"water","osmId":"way/783016561"},"geometry":{"type":"Polygon","coordinates":[[[120.067376,30.272015],[120.067258,30.271902],[120.06735,30.271755],[120.0675,30.271851],[120.067376,30.272015]]]}},{"type":"Feature","properties":{"kind":"water","osmId":"way/783016562"},"geometry":{"type":"Polygon","coordinates":[[[120.067271,30.271682],[120.06752,30.271693],[120.067598,30.271445],[120.067278,30.271394],[120.067271,30.271682]]]}},{"type":"Feature","properties":{"kind":"water","osmId":"way/783016563"},"geometry":{"type":"Polygon","coordinates":[[[120.067454,30.27136],[120.067702,30.271377],[120.067611,30.271078],[120.067395,30.271202],[120.067454,30.27136]]]}},{"type":"Feature","properties":{"kind":"water","osmId":"way/783016564"},"geometry":{"type":"Polygon","coordinates":[[[120.068219,30.273888],[120.068101,30.273775],[120.068206,30.273375],[120.068362,30.273172],[120.068506,30.273172],[120.068408,30.273646],[120.068219,30.273888]]]}},{"type":"Feature","properties":{"kind":"water","osmId":"way/783016565"},"geometry":{"type":"Polygon","coordinates":[[[120.068303,30.272692],[120.068166,30.272698],[120.068153,30.27259],[120.068303,30.272596],[120.068303,30.272692]]]}},{"type":"Feature","properties":{"kind":"water","osmId":"way/783016566"},"geometry":{"type":"Polygon","coordinates":[[[120.068545,30.27285],[120.068421,30.272731],[120.068617,30.27228],[120.068865,30.272325],[120.0688,30.272686],[120.068545,30.27285]]]}},{"type":"Feature","properties":{"kind":"water","osmId":"way/783016567"},"geometry":{"type":"Polygon","coordinates":[[[120.068323,30.272511],[120.068101,30.272393],[120.068192,30.27215],[120.068388,30.272173],[120.068487,30.27232],[120.068323,30.272511]]]}},{"type":"Feature","properties":{"kind":"water","osmId":"way/783016568"},"geometry":{"type":"Polygon","coordinates":[[[120.068513,30.271964],[120.068408,30.271981],[120.068356,30.271846],[120.068454,30.271563],[120.068611,30.271501],[120.068513,30.271964]]]}},{"type":"Feature","properties":{"kind":"water","osmId":"way/783016569"},"geometry":{"type":"Polygon","coordinates":[[[120.068493,30.272099],[120.068682,30.27197],[120.06899,30.272094],[120.069016,30.272184],[120.068872,30.272252],[120.068493,30.272099]]]}},{"type":"Feature","properties":{"kind":"water","osmId":"way/783016570"},"geometry":{"type":"Polygon","coordinates":[[[120.068702,30.271857],[120.069068,30.271987],[120.069186,30.271648],[120.068865,30.271507],[120.068702,30.271857]]]}},{"type":"Feature","properties":{"kind":"water","osmId":"way/783016571"},"geometry":{"type":"Polygon","coordinates":[[[120.068754,30.271304],[120.06863,30.271281],[120.068656,30.271123],[120.068793,30.271157],[120.068754,30.271304]]]}},{"type":"Feature","properties":{"kind":"water","osmId":"way/783016572"},"geometry":{"type":"Polygon","coordinates":[[[120.068898,30.270954],[120.068826,30.270993],[120.068774,30.270858],[120.068918,30.27061],[120.068977,30.270666],[120.068898,30.270954]]]}},{"type":"Feature","properties":{"kind":"water","osmId":"way/783016573"},"geometry":{"type":"Polygon","coordinates":[[[120.069199,30.271535],[120.069029,30.271473],[120.06895,30.271248],[120.069231,30.270993],[120.069355,30.271044],[120.069375,30.271174],[120.069199,30.271535]]]}},{"type":"Feature","properties":{"kind":"water","osmId":"way/783016574"},"geometry":{"type":"Polygon","coordinates":[[[120.069382,30.270999],[120.069153,30.270813],[120.069342,30.270644],[120.069519,30.270661],[120.069486,30.270903],[120.069382,30.270999]]]}},{"type":"Feature","properties":{"kind":"water","osmId":"way/783016575"},"geometry":{"type":"Polygon","coordinates":[[[120.063972,30.276094],[120.063325,30.275914],[120.063469,30.27566],[120.063854,30.275733],[120.063776,30.275586],[120.063521,30.275553],[120.063528,30.275434],[120.063933,30.275575],[120.063985,30.275784],[120.064116,30.275795],[120.064246,30.275553],[120.063606,30.275254],[120.063626,30.275186],[120.064299,30.275513],[120.064501,30.275519],[120.064701,30.275371],[120.064795,30.27557],[120.065128,30.275513],[120.065109,30.275333],[120.065298,30.275135],[120.065494,30.275372],[120.065808,30.275271],[120.065755,30.275496],[120.065546,30.27562],[120.065546,30.275795],[120.066017,30.275919],[120.066023,30.276072],[120.06654,30.276376],[120.066409,30.276659],[120.066324,30.276461],[120.065997,30.27663],[120.065867,30.27645],[120.065703,30.276816],[120.065618,30.276766],[120.065671,30.276314],[120.06584,30.276049],[120.065777,30.275929],[120.065416,30.275914],[120.065239,30.276168],[120.065141,30.276117],[120.065429,30.275626],[120.065383,30.275479],[120.065213,30.27553],[120.065011,30.276072],[120.064723,30.276027],[120.064671,30.275936],[120.064527,30.276179],[120.064331,30.276185],[120.064498,30.275734],[120.064645,30.275712],[120.064632,30.275835],[120.064756,30.275812],[120.064789,30.275637],[120.064619,30.275558],[120.064364,30.27557],[120.064194,30.275784],[120.064194,30.276004],[120.063972,30.276094]]]}},{"type":"Feature","properties":{"kind":"water","osmId":"way/783016576"},"geometry":{"type":"Polygon","coordinates":[[[120.065403,30.276546],[120.065383,30.276162],[120.065507,30.276055],[120.065612,30.276122],[120.065403,30.276546]]]}},{"type":"Feature","properties":{"kind":"water","osmId":"way/783016577"},"geometry":{"type":"Polygon","coordinates":[[[120.06556,30.277099],[120.065507,30.277054],[120.065625,30.276862],[120.06556,30.277099]]]}},{"type":"Feature","properties":{"kind":"water","osmId":"way/783016578"},"geometry":{"type":"Polygon","coordinates":[[[120.067062,30.276151],[120.066945,30.276077],[120.06699,30.275903],[120.067265,30.275903],[120.067297,30.276038],[120.067062,30.276151]]]}},{"type":"Feature","properties":{"kind":"water","osmId":"way/783016579"},"geometry":{"type":"Polygon","coordinates":[[[120.065102,30.278063],[120.064913,30.277928],[120.064932,30.277544],[120.065128,30.277635],[120.065089,30.277922],[120.065207,30.278047],[120.065102,30.278063]]]}},{"type":"Feature","properties":{"kind":"water","osmId":"way/783016583"},"geometry":{"type":"Polygon","coordinates":[[[120.064228,30.277015],[120.064108,30.276981],[120.064253,30.276613],[120.064403,30.276591],[120.064228,30.277015]]]}},{"type":"Feature","properties":{"kind":"water","osmId":"way/783016584"},"geometry":{"type":"Polygon","coordinates":[[[120.06439,30.278349],[120.064109,30.278192],[120.064071,30.277982],[120.064209,30.277863],[120.064277,30.277517],[120.064271,30.277436],[120.063921,30.277387],[120.06404,30.277117],[120.064159,30.277177],[120.064065,30.277312],[120.064684,30.277468],[120.064615,30.277906],[120.064465,30.278036],[120.064465,30.278322],[120.06439,30.278349]]]}},{"type":"Feature","properties":{"kind":"water","osmId":"way/783016585"},"geometry":{"type":"Polygon","coordinates":[[[120.06292,30.269621],[120.062795,30.26955],[120.062804,30.269456],[120.062979,30.269196],[120.06307,30.269132],[120.063329,30.269218],[120.063262,30.269499],[120.06292,30.269621]]]}},{"type":"Feature","properties":{"kind":"water","osmId":"way/783016586"},"geometry":{"type":"Polygon","coordinates":[[[120.061953,30.269874],[120.061869,30.269701],[120.062203,30.269297],[120.062203,30.269175],[120.062295,30.269067],[120.06247,30.26911],[120.062603,30.269254],[120.062211,30.269802],[120.061953,30.269874]]]}},{"type":"Feature","properties":{"kind":"water","osmId":"way/783016587"},"geometry":{"type":"Polygon","coordinates":[[[120.062837,30.268879],[120.062578,30.2688],[120.062637,30.268562],[120.062929,30.268591],[120.06297,30.268721],[120.062837,30.268879]]]}},{"type":"Feature","properties":{"kind":"water","osmId":"way/783019438"},"geometry":{"type":"Polygon","coordinates":[[[120.061177,30.271898],[120.06106,30.271841],[120.061177,30.271689],[120.061611,30.271754],[120.061602,30.271862],[120.061377,30.271942],[120.061177,30.271898]]]}},{"type":"Feature","properties":{"kind":"water","osmId":"way/783019439"},"geometry":{"type":"Polygon","coordinates":[[[120.061669,30.271632],[120.06121,30.271581],[120.061093,30.271444],[120.061327,30.271192],[120.061677,30.271315],[120.061744,30.271473],[120.061669,30.271632]]]}},{"type":"Feature","properties":{"kind":"water","osmId":"way/783019440"},"geometry":{"type":"Polygon","coordinates":[[[120.061644,30.271221],[120.061419,30.271077],[120.061427,30.270976],[120.061828,30.27063],[120.061953,30.270731],[120.061644,30.271221]]]}},{"type":"Feature","properties":{"kind":"water","osmId":"way/783019441"},"geometry":{"type":"Polygon","coordinates":[[[120.061844,30.2713],[120.061794,30.271235],[120.062036,30.270781],[120.062236,30.270746],[120.061978,30.271257],[120.061844,30.2713]]]}},{"type":"Feature","properties":{"kind":"water","osmId":"way/783019442"},"geometry":{"type":"Polygon","coordinates":[[[120.062011,30.270616],[120.061844,30.270421],[120.061969,30.270256],[120.06237,30.270407],[120.062261,30.270594],[120.062011,30.270616]]]}},{"type":"Feature","properties":{"kind":"water","osmId":"way/783019443"},"geometry":{"type":"Polygon","coordinates":[[[120.062353,30.270284],[120.062161,30.270227],[120.062128,30.270061],[120.062612,30.269701],[120.062812,30.269686],[120.062662,30.269996],[120.062353,30.270284]]]}},{"type":"Feature","properties":{"kind":"water","osmId":"way/783019444"},"geometry":{"type":"Polygon","coordinates":[[[120.061894,30.27215],[120.061694,30.272014],[120.061886,30.271668],[120.062036,30.271596],[120.062145,30.271653],[120.061894,30.27215]]]}},{"type":"Feature","properties":{"kind":"water","osmId":"way/783019445"},"geometry":{"type":"Polygon","coordinates":[[[120.062178,30.271581],[120.062019,30.27143],[120.062303,30.271012],[120.062428,30.271062],[120.062178,30.271581]]]}},{"type":"Feature","properties":{"kind":"water","osmId":"way/783019446"},"geometry":{"type":"Polygon","coordinates":[[[120.062445,30.270998],[120.06232,30.27094],[120.06237,30.270695],[120.062645,30.270364],[120.062762,30.270472],[120.062445,30.270998]]]}},{"type":"Feature","properties":{"kind":"water","osmId":"way/783019447"},"geometry":{"type":"Polygon","coordinates":[[[120.062804,30.270313],[120.062729,30.270256],[120.06302,30.269665],[120.063112,30.269658],[120.063162,30.269737],[120.062804,30.270313]]]}},{"type":"Feature","properties":{"kind":"water","osmId":"way/783019448"},"geometry":{"type":"Polygon","coordinates":[[[120.063054,30.270659],[120.062979,30.270515],[120.063154,30.270364],[120.063187,30.270457],[120.063054,30.270659]]]}},{"type":"Feature","properties":{"kind":"water","osmId":"way/783019449"},"geometry":{"type":"Polygon","coordinates":[[[120.06287,30.271207],[120.062678,30.271048],[120.06292,30.270774],[120.063062,30.27089],[120.06287,30.271207]]]}},{"type":"Feature","properties":{"kind":"water","osmId":"way/783019450"},"geometry":{"type":"Polygon","coordinates":[[[120.063054,30.271841],[120.062829,30.27174],[120.063004,30.271416],[120.063137,30.271509],[120.063146,30.271776],[120.063054,30.271841]]]}},{"type":"Feature","properties":{"kind":"water","osmId":"way/783019451"},"geometry":{"type":"Polygon","coordinates":[[[120.062385,30.271692],[120.06267,30.271743],[120.062787,30.271446],[120.062611,30.271381],[120.062385,30.271692]]]}},{"type":"Feature","properties":{"kind":"water","osmId":"way/783019452"},"geometry":{"type":"Polygon","coordinates":[[[120.062225,30.272243],[120.062116,30.272192],[120.062351,30.271816],[120.062678,30.271874],[120.062586,30.272091],[120.062452,30.272069],[120.062225,30.272243]]]}},{"type":"Feature","properties":{"kind":"water","osmId":"way/783019455"},"geometry":{"type":"Polygon","coordinates":[[[120.056378,30.274122],[120.056341,30.273945],[120.056427,30.273897],[120.056849,30.273935],[120.056806,30.274127],[120.056378,30.274122]]]}},{"type":"Feature","properties":{"kind":"water","osmId":"way/783019459"},"geometry":{"type":"Polygon","coordinates":[[[120.05783,30.272704],[120.057716,30.272634],[120.057765,30.272489],[120.057538,30.272414],[120.057906,30.272325],[120.058204,30.272419],[120.058415,30.27276],[120.058772,30.272727],[120.058539,30.272877],[120.058117,30.272694],[120.05783,30.272704]]]}},{"type":"Feature","properties":{"kind":"water","osmId":"way/783019460"},"geometry":{"type":"Polygon","coordinates":[[[120.060776,30.275029],[120.060776,30.274742],[120.061,30.274815],[120.061054,30.274909],[120.060776,30.275029]]]}},{"type":"Feature","properties":{"kind":"water","osmId":"way/783019461"},"geometry":{"type":"Polygon","coordinates":[[[120.059905,30.27417],[120.059388,30.27403],[120.059504,30.273797],[120.059643,30.27379],[120.059851,30.273337],[120.059959,30.273404],[120.059959,30.273524],[120.059843,30.273757],[120.060044,30.273923],[120.059905,30.27417]]]}},{"type":"Feature","properties":{"kind":"water","osmId":"way/783019462"},"geometry":{"type":"Polygon","coordinates":[[[120.060121,30.274203],[120.060036,30.274183],[120.060136,30.27391],[120.060129,30.27379],[120.059998,30.273723],[120.060044,30.273604],[120.06036,30.273737],[120.060121,30.274203]]]}},{"type":"Feature","properties":{"kind":"water","osmId":"way/783019463"},"geometry":{"type":"Polygon","coordinates":[[[120.060368,30.274243],[120.060298,30.27417],[120.060422,30.273916],[120.060769,30.274016],[120.060568,30.274283],[120.060368,30.274243]]]}},{"type":"Feature","properties":{"kind":"water","osmId":"way/783019464"},"geometry":{"type":"Polygon","coordinates":[[[120.05888,30.27371],[120.058764,30.273577],[120.059126,30.273011],[120.059211,30.272971],[120.05925,30.273204],[120.059496,30.273104],[120.059597,30.273197],[120.059311,30.27375],[120.059119,30.273723],[120.05925,30.273417],[120.059188,30.27337],[120.058988,30.273497],[120.05888,30.27371]]]}},{"type":"Feature","properties":{"kind":"water","osmId":"way/783019465"},"geometry":{"type":"Polygon","coordinates":[[[120.059466,30.272818],[120.05955,30.272511],[120.059936,30.272498],[120.060059,30.272671],[120.060136,30.272638],[120.060214,30.272185],[120.060406,30.272085],[120.060553,30.272132],[120.060545,30.272724],[120.060853,30.272771],[120.061108,30.272445],[120.061216,30.272791],[120.061208,30.272871],[120.060823,30.272831],[120.060753,30.272951],[120.060429,30.273031],[120.060707,30.273084],[120.060823,30.272938],[120.061139,30.273018],[120.061108,30.273164],[120.060992,30.273217],[120.060391,30.273157],[120.060545,30.273257],[120.060962,30.273291],[120.061015,30.273384],[120.060545,30.273657],[120.060144,30.273444],[120.060252,30.273131],[120.060198,30.272971],[120.059843,30.273024],[120.059805,30.272924],[120.059466,30.272818]]]}},{"type":"Feature","properties":{"kind":"water","osmId":"way/783019466"},"geometry":{"type":"Polygon","coordinates":[[[120.06181,30.274429],[120.06154,30.274289],[120.061594,30.273757],[120.061679,30.273684],[120.062226,30.273757],[120.062249,30.273916],[120.062126,30.273996],[120.062064,30.274223],[120.06181,30.274429]]]}},{"type":"Feature","properties":{"kind":"water","osmId":"way/783019467"},"geometry":{"type":"Polygon","coordinates":[[[120.061694,30.273557],[120.062249,30.27361],[120.062519,30.273051],[120.061779,30.273018],[120.061694,30.273557]]]}},{"type":"Feature","properties":{"kind":"water","osmId":"way/783019468"},"geometry":{"type":"Polygon","coordinates":[[[120.061817,30.272911],[120.06174,30.272904],[120.061686,30.272665],[120.061748,30.272605],[120.061848,30.272618],[120.062018,30.272878],[120.061817,30.272911]]]}},{"type":"Feature","properties":{"kind":"water","osmId":"way/783019469"},"geometry":{"type":"Polygon","coordinates":[[[120.061049,30.277261],[120.061102,30.276795],[120.061349,30.276789],[120.061483,30.276996],[120.061468,30.277293],[120.061049,30.277261]]]}},{"type":"Feature","properties":{"kind":"water","osmId":"way/783019470"},"geometry":{"type":"Polygon","coordinates":[[[120.061595,30.276737],[120.061244,30.276576],[120.061251,30.276485],[120.061483,30.276363],[120.061259,30.276195],[120.061379,30.27593],[120.061236,30.27562],[120.061296,30.275536],[120.062015,30.27551],[120.061551,30.275807],[120.0617,30.276673],[120.061595,30.276737]]]}},{"type":"Feature","properties":{"kind":"water","osmId":"way/783019471"},"geometry":{"type":"Polygon","coordinates":[[[120.062254,30.275607],[120.062134,30.275471],[120.062179,30.275277],[120.062306,30.27529],[120.062254,30.275607]]]}},{"type":"Feature","properties":{"kind":"water","osmId":"way/783019472"},"geometry":{"type":"Polygon","coordinates":[[[120.060518,30.27728],[120.060481,30.276705],[120.06093,30.276705],[120.060855,30.277312],[120.060518,30.27728]]]}},{"type":"Feature","properties":{"kind":"water","osmId":"way/783019473"},"geometry":{"type":"Polygon","coordinates":[[[120.060608,30.276556],[120.061079,30.276569],[120.061147,30.276253],[120.061087,30.276052],[120.060593,30.276001],[120.060608,30.276556]]]}},{"type":"Feature","properties":{"kind":"water","osmId":"way/783019474"},"geometry":{"type":"Polygon","coordinates":[[[120.058573,30.27635],[120.058431,30.276279],[120.058416,30.275885],[120.058289,30.27571],[120.058409,30.275523],[120.05873,30.275581],[120.05888,30.275852],[120.059089,30.275981],[120.059538,30.275981],[120.059546,30.276136],[120.059658,30.276208],[120.060294,30.276317],[120.060354,30.276408],[120.060271,30.276589],[120.059037,30.276304],[120.058573,30.27635]]]}},{"type":"Feature","properties":{"kind":"water","osmId":"way/783019475"},"geometry":{"type":"Polygon","coordinates":[[[120.058094,30.275755],[120.057601,30.275665],[120.057496,30.275497],[120.057548,30.275335],[120.058147,30.27551],[120.058094,30.275755]]]}},{"type":"Feature","properties":{"kind":"water","osmId":"way/783019476"},"geometry":{"type":"Polygon","coordinates":[[[120.057369,30.275387],[120.056897,30.274935],[120.057182,30.275096],[120.057511,30.27509],[120.057369,30.275387]]]}},{"type":"Feature","properties":{"kind":"water","osmId":"way/783019477"},"geometry":{"type":"Polygon","coordinates":[[[120.058124,30.275406],[120.057601,30.275193],[120.057646,30.275116],[120.058139,30.2752],[120.058124,30.275406]]]}},{"type":"Feature","properties":{"kind":"water","osmId":"way/783019478"},"geometry":{"type":"Polygon","coordinates":[[[120.057728,30.274993],[120.058169,30.275077],[120.058259,30.274896],[120.057765,30.274806],[120.057668,30.274883],[120.057728,30.274993]]]}},{"type":"Feature","properties":{"kind":"water","osmId":"way/783019479"},"geometry":{"type":"Polygon","coordinates":[[[120.058251,30.27476],[120.057862,30.274709],[120.05775,30.274605],[120.05793,30.274528],[120.058296,30.274579],[120.058251,30.27476]]]}},{"type":"Feature","properties":{"kind":"water","osmId":"way/783220919"},"geometry":{"type":"Polygon","coordinates":[[[120.064912,30.279298],[120.064746,30.2792],[120.064934,30.278759],[120.065348,30.278838],[120.065073,30.279284],[120.064912,30.279298]]]}},{"type":"Feature","properties":{"kind":"water","osmId":"way/783220920"},"geometry":{"type":"Polygon","coordinates":[[[120.064568,30.280045],[120.064439,30.27998],[120.064445,30.279711],[120.064617,30.279646],[120.065004,30.279697],[120.064982,30.280017],[120.064568,30.280045]]]}},{"type":"Feature","properties":{"kind":"water","osmId":"way/783220921"},"geometry":{"type":"Polygon","coordinates":[[[120.064918,30.281224],[120.064746,30.281122],[120.064735,30.280361],[120.064799,30.280305],[120.064982,30.280407],[120.064918,30.281224]]]}},{"type":"Feature","properties":{"kind":"water","osmId":"way/783220922"},"geometry":{"type":"Polygon","coordinates":[[[120.064751,30.281711],[120.065041,30.281725],[120.065089,30.281595],[120.064756,30.281539],[120.064751,30.281711]]]}},{"type":"Feature","properties":{"kind":"water","osmId":"way/783220924"},"geometry":{"type":"Polygon","coordinates":[[[120.065917,30.282031],[120.06596,30.28192],[120.066121,30.281957],[120.066089,30.282059],[120.065917,30.282031]]]}},{"type":"Feature","properties":{"kind":"water","osmId":"way/783220925"},"geometry":{"type":"Polygon","coordinates":[[[120.063853,30.281976],[120.064493,30.281971],[120.064375,30.281813],[120.063913,30.281776],[120.063853,30.281976]]]}},{"type":"Feature","properties":{"kind":"water","osmId":"way/783220926"},"geometry":{"type":"Polygon","coordinates":[[[120.063945,30.281702],[120.063848,30.281688],[120.063848,30.281525],[120.064407,30.281553],[120.064482,30.281665],[120.063945,30.281702]]]}},{"type":"Feature","properties":{"kind":"water","osmId":"way/783220927"},"geometry":{"type":"Polygon","coordinates":[[[120.063966,30.281316],[120.064482,30.281358],[120.064498,30.280644],[120.064052,30.280625],[120.063966,30.281316]]]}},{"type":"Feature","properties":{"kind":"water","osmId":"way/783220928"},"geometry":{"type":"Polygon","coordinates":[[[120.063531,30.281242],[120.063837,30.281233],[120.063923,30.280597],[120.06366,30.280648],[120.063531,30.281242]]]}},{"type":"Feature","properties":{"kind":"water","osmId":"way/783220929"},"geometry":{"type":"Polygon","coordinates":[[[120.06294,30.281177],[120.063391,30.281205],[120.063606,30.28062],[120.063096,30.280569],[120.06294,30.281177]]]}},{"type":"Feature","properties":{"kind":"water","osmId":"way/783220930"},"geometry":{"type":"Polygon","coordinates":[[[120.063171,30.280425],[120.063805,30.280458],[120.063988,30.280124],[120.063977,30.280458],[120.064278,30.280518],[120.064402,30.280212],[120.064138,30.279975],[120.06337,30.279975],[120.063182,30.280124],[120.063171,30.280425]]]}},{"type":"Feature","properties":{"kind":"water","osmId":"way/783220931"},"geometry":{"type":"Polygon","coordinates":[[[120.061827,30.282402],[120.061688,30.282338],[120.061763,30.28199],[120.062161,30.282022],[120.061827,30.282402]]]}},{"type":"Feature","properties":{"kind":"water","osmId":"way/783220932"},"geometry":{"type":"Polygon","coordinates":[[[120.062322,30.282203],[120.062553,30.282189],[120.062644,30.282003],[120.062698,30.281256],[120.062574,30.281321],[120.062322,30.282203]]]}},{"type":"Feature","properties":{"kind":"water","osmId":"way/783220933"},"geometry":{"type":"Polygon","coordinates":[[[120.061989,30.281924],[120.061822,30.281878],[120.061903,30.281502],[120.062058,30.281535],[120.061989,30.281924]]]}},{"type":"Feature","properties":{"kind":"water","osmId":"way/783220934"},"geometry":{"type":"Polygon","coordinates":[[[120.062107,30.281883],[120.062295,30.281929],[120.06237,30.28159],[120.062128,30.281562],[120.062107,30.281883]]]}},{"type":"Feature","properties":{"kind":"water","osmId":"way/783220935"},"geometry":{"type":"Polygon","coordinates":[[[120.061919,30.281405],[120.062376,30.281484],[120.062505,30.28127],[120.061994,30.281117],[120.061919,30.281405]]]}},{"type":"Feature","properties":{"kind":"water","osmId":"way/783220936"},"geometry":{"type":"Polygon","coordinates":[[[120.062171,30.280579],[120.062628,30.280685],[120.062768,30.280036],[120.062227,30.279961],[120.062171,30.280579]]]}},{"type":"Feature","properties":{"kind":"water","osmId":"way/783220937"},"geometry":{"type":"Polygon","coordinates":[[[120.062462,30.27973],[120.062691,30.279695],[120.062731,30.27931],[120.062542,30.27931],[120.062462,30.27973]]]}},{"type":"Feature","properties":{"kind":"water","osmId":"way/783220938"},"geometry":{"type":"Polygon","coordinates":[[[120.062788,30.279705],[120.062857,30.279295],[120.063137,30.279305],[120.063046,30.279715],[120.062788,30.279705]]]}},{"type":"Feature","properties":{"kind":"water","osmId":"way/783220939"},"geometry":{"type":"Polygon","coordinates":[[[120.06264,30.279182],[120.063172,30.279117],[120.063263,30.2789],[120.063223,30.278742],[120.062657,30.278673],[120.062577,30.279142],[120.06264,30.279182]]]}},{"type":"Feature","properties":{"kind":"water","osmId":"way/783220940"},"geometry":{"type":"Polygon","coordinates":[[[120.063149,30.279701],[120.063223,30.27931],[120.063664,30.279266],[120.063669,30.279483],[120.063538,30.279695],[120.063149,30.279701]]]}},{"type":"Feature","properties":{"kind":"water","osmId":"way/783220941"},"geometry":{"type":"Polygon","coordinates":[[[120.063315,30.279137],[120.063698,30.279177],[120.063818,30.278974],[120.063389,30.278811],[120.063315,30.279137]]]}},{"type":"Feature","properties":{"kind":"water","osmId":"way/783220942"},"geometry":{"type":"Polygon","coordinates":[[[120.063721,30.279646],[120.064087,30.279562],[120.064373,30.278935],[120.064133,30.278925],[120.063789,30.279305],[120.063721,30.279646]]]}},{"type":"Feature","properties":{"kind":"water","osmId":"way/783220943"},"geometry":{"type":"Polygon","coordinates":[[[120.055246,30.278001],[120.055349,30.277967],[120.05531,30.277359],[120.05522,30.277415],[120.055246,30.278001]]]}},{"type":"Feature","properties":{"kind":"water","osmId":"way/783220944"},"geometry":{"type":"Polygon","coordinates":[[[120.054578,30.277832],[120.055134,30.277947],[120.05515,30.277381],[120.054761,30.277391],[120.054517,30.277679],[120.054578,30.277832]]]}},{"type":"Feature","properties":{"kind":"water","osmId":"way/783220945"},"geometry":{"type":"Polygon","coordinates":[[[120.056028,30.278015],[120.056228,30.278019],[120.056206,30.277842],[120.055989,30.277837],[120.056028,30.278015]]]}},{"type":"Feature","properties":{"kind":"water","osmId":"way/783220946"},"geometry":{"type":"Polygon","coordinates":[[[120.055095,30.279641],[120.054672,30.279632],[120.054578,30.27932],[120.054828,30.279238],[120.055156,30.279286],[120.055095,30.279641]]]}},{"type":"Feature","properties":{"kind":"water","osmId":"way/783220947"},"geometry":{"type":"Polygon","coordinates":[[[120.055195,30.279728],[120.055239,30.279066],[120.055506,30.279008],[120.055561,30.279622],[120.055406,30.279737],[120.055195,30.279728]]]}},{"type":"Feature","properties":{"kind":"water","osmId":"way/783220948"},"geometry":{"type":"Polygon","coordinates":[[[120.055484,30.278917],[120.055334,30.278821],[120.055334,30.278658],[120.05555,30.278667],[120.055572,30.278864],[120.055484,30.278917]]]}},{"type":"Feature","properties":{"kind":"water","osmId":"way/783220953"},"geometry":{"type":"Polygon","coordinates":[[[120.056123,30.279229],[120.056823,30.279382],[120.056917,30.279133],[120.056895,30.279061],[120.056145,30.278965],[120.056123,30.279229]]]}},{"type":"Feature","properties":{"kind":"water","osmId":"way/783220954"},"geometry":{"type":"Polygon","coordinates":[[[120.056006,30.278859],[120.056767,30.278984],[120.056884,30.278969],[120.05695,30.27883],[120.056745,30.278634],[120.056084,30.278543],[120.055973,30.278634],[120.056006,30.278859]]]}},{"type":"Feature","properties":{"kind":"water","osmId":"way/783220955"},"geometry":{"type":"Polygon","coordinates":[[[120.056145,30.280946],[120.055939,30.280874],[120.056095,30.280659],[120.056278,30.280759],[120.056256,30.280908],[120.056145,30.280946]]]}},{"type":"Feature","properties":{"kind":"water","osmId":"way/783220956"},"geometry":{"type":"Polygon","coordinates":[[[120.056039,30.281925],[120.056061,30.281839],[120.056467,30.281877],[120.056461,30.281964],[120.056039,30.281925]]]}},{"type":"Feature","properties":{"kind":"water","osmId":"way/783220957"},"geometry":{"type":"Polygon","coordinates":[[[120.055923,30.281901],[120.055795,30.281815],[120.055934,30.281786],[120.055923,30.281901]]]}},{"type":"Feature","properties":{"kind":"water","osmId":"way/783220958"},"geometry":{"type":"Polygon","coordinates":[[[120.055423,30.281824],[120.0552,30.281748],[120.05525,30.281503],[120.05555,30.281417],[120.055289,30.281326],[120.055239,30.281134],[120.055572,30.281081],[120.055567,30.281292],[120.055834,30.281287],[120.055878,30.281613],[120.055756,30.281776],[120.055423,30.281824]]]}},{"type":"Feature","properties":{"kind":"water","osmId":"way/783220959"},"geometry":{"type":"Polygon","coordinates":[[[120.054772,30.281647],[120.055,30.281705],[120.055022,30.281441],[120.054822,30.281388],[120.054772,30.281647]]]}},{"type":"Feature","properties":{"kind":"water","osmId":"way/783220960"},"geometry":{"type":"Polygon","coordinates":[[[120.056334,30.281633],[120.056317,30.281402],[120.056389,30.281378],[120.056423,30.281546],[120.056334,30.281633]]]}},{"type":"Feature","properties":{"kind":"water","osmId":"way/783220962"},"geometry":{"type":"Polygon","coordinates":[[[120.0565,30.281167],[120.056339,30.281057],[120.056406,30.280586],[120.056306,30.280159],[120.056606,30.280049],[120.056756,30.280323],[120.056656,30.28051],[120.056684,30.280889],[120.056617,30.281105],[120.0565,30.281167]]]}},{"type":"Feature","properties":{"kind":"water","osmId":"way/783220963"},"geometry":{"type":"Polygon","coordinates":[[[120.055828,30.280457],[120.055734,30.28038],[120.055834,30.280313],[120.055828,30.280457]]]}},{"type":"Feature","properties":{"kind":"water","osmId":"way/783220964"},"geometry":{"type":"Polygon","coordinates":[[[120.057639,30.277698],[120.057417,30.277612],[120.057367,30.277396],[120.057973,30.277429],[120.057967,30.277568],[120.057639,30.277698]]]}},{"type":"Feature","properties":{"kind":"water","osmId":"way/783220965"},"geometry":{"type":"Polygon","coordinates":[[[120.057882,30.277284],[120.057569,30.277177],[120.05758,30.276873],[120.058072,30.276873],[120.058038,30.277274],[120.057882,30.277284]]]}},{"type":"Feature","properties":{"kind":"water","osmId":"way/783220966"},"geometry":{"type":"Polygon","coordinates":[[[120.056541,30.277284],[120.05691,30.277332],[120.057178,30.277187],[120.057183,30.276724],[120.056837,30.276733],[120.056798,30.276656],[120.056893,30.276536],[120.056926,30.276135],[120.057049,30.276198],[120.057016,30.276637],[120.057155,30.276666],[120.057284,30.276526],[120.057541,30.276762],[120.058066,30.276724],[120.057971,30.276347],[120.057317,30.276208],[120.05725,30.27586],[120.057122,30.275749],[120.05691,30.275648],[120.056742,30.275715],[120.056541,30.277284]]]}},{"type":"Feature","properties":{"kind":"water","osmId":"way/783220967"},"geometry":{"type":"Polygon","coordinates":[[[120.056262,30.275585],[120.056306,30.275436],[120.056641,30.275397],[120.056803,30.275484],[120.056585,30.275691],[120.056262,30.275585]]]}},{"type":"Feature","properties":{"kind":"water","osmId":"way/783220968"},"geometry":{"type":"Polygon","coordinates":[[[120.056295,30.275368],[120.056161,30.275324],[120.056055,30.275826],[120.056111,30.275971],[120.05534,30.27599],[120.055306,30.275247],[120.055552,30.275156],[120.055463,30.275093],[120.055228,30.27516],[120.055127,30.275402],[120.055239,30.275489],[120.055217,30.275918],[120.054932,30.275918],[120.054904,30.275575],[120.054775,30.275918],[120.054429,30.275928],[120.054272,30.275754],[120.054636,30.275648],[120.054652,30.27559],[120.054311,30.275648],[120.05425,30.27558],[120.054401,30.275378],[120.055004,30.275455],[120.054859,30.275218],[120.054535,30.275218],[120.054507,30.27504],[120.054764,30.274861],[120.055613,30.274847],[120.055708,30.275006],[120.055602,30.275701],[120.055703,30.27586],[120.055915,30.275817],[120.055697,30.275701],[120.055759,30.275107],[120.056032,30.275088],[120.056161,30.275194],[120.056396,30.275078],[120.05658,30.275165],[120.056574,30.275334],[120.056295,30.275368]]]}},{"type":"Feature","properties":{"kind":"water","osmId":"way/783223296"},"geometry":{"type":"Polygon","coordinates":[[[120.058175,30.279309],[120.058811,30.279379],[120.05886,30.278952],[120.058718,30.278811],[120.058762,30.278399],[120.058675,30.278211],[120.0583,30.278211],[120.058279,30.278769],[120.058621,30.278863],[120.058159,30.278933],[120.058083,30.279046],[120.058175,30.279309]]]}},{"type":"Feature","properties":{"kind":"water","osmId":"way/783223297"},"geometry":{"type":"Polygon","coordinates":[[[120.059626,30.279506],[120.059615,30.279262],[120.059381,30.279163],[120.059403,30.278699],[120.059235,30.278549],[120.059262,30.278333],[120.059696,30.278338],[120.059832,30.278765],[120.059799,30.279567],[120.059626,30.279506]]]}},{"type":"Feature","properties":{"kind":"water","osmId":"way/783223298"},"geometry":{"type":"Polygon","coordinates":[[[120.059881,30.279853],[120.05987,30.279506],[120.060071,30.279468],[120.059881,30.279351],[120.059935,30.278746],[120.059821,30.278699],[120.059767,30.27837],[120.060185,30.278253],[120.060288,30.278277],[120.060267,30.279417],[120.060185,30.279463],[120.060234,30.279858],[120.059881,30.279853]]]}},{"type":"Feature","properties":{"kind":"water","osmId":"way/783223299"},"geometry":{"type":"Polygon","coordinates":[[[120.059425,30.278028],[120.059354,30.277873],[120.059517,30.277756],[120.060131,30.277775],[120.060294,30.277878],[120.060256,30.278042],[120.059425,30.278028]]]}},{"type":"Feature","properties":{"kind":"water","osmId":"way/783223300"},"geometry":{"type":"Polygon","coordinates":[[[120.060555,30.278652],[120.060517,30.278051],[120.061147,30.278051],[120.061402,30.278169],[120.061609,30.278417],[120.062146,30.278563],[120.062201,30.278971],[120.062049,30.279032],[120.06163,30.278952],[120.0615,30.278727],[120.061196,30.278647],[120.060555,30.278652]]]}},{"type":"Feature","properties":{"kind":"water","osmId":"way/783223301"},"geometry":{"type":"Polygon","coordinates":[[[120.060381,30.279731],[120.060538,30.279797],[120.060815,30.279731],[120.060891,30.278938],[120.06043,30.278915],[120.060381,30.279731]]]}},{"type":"Feature","properties":{"kind":"water","osmId":"way/783223302"},"geometry":{"type":"Polygon","coordinates":[[[120.060935,30.279764],[120.060989,30.279083],[120.061375,30.27906],[120.061255,30.279778],[120.060935,30.279764]]]}},{"type":"Feature","properties":{"kind":"water","osmId":"way/783223303"},"geometry":{"type":"Polygon","coordinates":[[[120.061429,30.279782],[120.061369,30.279646],[120.061467,30.279055],[120.061945,30.279079],[120.061804,30.279731],[120.061429,30.279782]]]}},{"type":"Feature","properties":{"kind":"water","osmId":"way/783261377"},"geometry":{"type":"Polygon","coordinates":[[[120.048774,30.280257],[120.048722,30.280134],[120.048927,30.280019],[120.049396,30.280217],[120.049376,30.280407],[120.048774,30.280257]]]}},{"type":"Feature","properties":{"kind":"water","osmId":"way/783261378"},"geometry":{"type":"Polygon","coordinates":[[[120.050049,30.279702],[120.049748,30.279583],[120.049682,30.279169],[120.050248,30.279076],[120.050269,30.279671],[120.050161,30.279662],[120.0501,30.279354],[120.050049,30.279702]]]}},{"type":"Feature","properties":{"kind":"water","osmId":"way/783261379"},"geometry":{"type":"Polygon","coordinates":[[[120.050406,30.279645],[120.05035,30.279138],[120.050457,30.279081],[120.050488,30.279601],[120.050406,30.279645]]]}},{"type":"Feature","properties":{"kind":"water","osmId":"way/783261380"},"geometry":{"type":"Polygon","coordinates":[[[120.050901,30.279645],[120.050804,30.279561],[120.050804,30.279041],[120.051151,30.278997],[120.051197,30.279063],[120.050962,30.279156],[120.050978,30.279645],[120.050901,30.279645]]]}},{"type":"Feature","properties":{"kind":"water","osmId":"way/783261381"},"geometry":{"type":"Polygon","coordinates":[[[120.051126,30.279614],[120.051085,30.279288],[120.051662,30.279239],[120.051672,30.279579],[120.051126,30.279614]]]}},{"type":"Feature","properties":{"kind":"water","osmId":"way/783261382"},"geometry":{"type":"Polygon","coordinates":[[[120.05085,30.280442],[120.050687,30.280363],[120.050605,30.280068],[120.050937,30.279927],[120.051325,30.280076],[120.051391,30.279698],[120.051605,30.27964],[120.051677,30.279706],[120.051463,30.279786],[120.051508,30.280156],[120.051682,30.280121],[120.051753,30.279808],[120.052116,30.27975],[120.052213,30.279786],[120.052233,30.279984],[120.052335,30.279984],[120.052447,30.279733],[120.052626,30.279852],[120.052774,30.279645],[120.052473,30.279222],[120.052713,30.279314],[120.05282,30.279543],[120.053106,30.27953],[120.053228,30.279389],[120.053248,30.279142],[120.053009,30.279297],[120.052998,30.27897],[120.053294,30.279081],[120.053907,30.279047],[120.053877,30.278753],[120.053958,30.278621],[120.054066,30.279384],[120.053768,30.279131],[120.053422,30.279526],[120.053009,30.27964],[120.053009,30.280235],[120.052789,30.280235],[120.052769,30.280072],[120.052662,30.280054],[120.052539,30.280151],[120.052514,30.280389],[120.052258,30.280156],[120.05231,30.280865],[120.052162,30.280887],[120.052044,30.280715],[120.052151,30.280477],[120.05209,30.280376],[120.051779,30.280266],[120.051202,30.280165],[120.050993,30.280416],[120.05085,30.280442]]]}},{"type":"Feature","properties":{"kind":"water","osmId":"way/783261383"},"geometry":{"type":"Polygon","coordinates":[[[120.05385,30.279878],[120.053789,30.279675],[120.054101,30.27964],[120.054075,30.279852],[120.05385,30.279878]]]}},{"type":"Feature","properties":{"kind":"water","osmId":"way/783261384"},"geometry":{"type":"Polygon","coordinates":[[[120.05355,30.281006],[120.054039,30.281169],[120.05408,30.280914],[120.054305,30.28098],[120.054361,30.280901],[120.053856,30.280693],[120.05356,30.28083],[120.05355,30.281006]]]}},{"type":"Feature","properties":{"kind":"water","osmId":"way/783261385"},"geometry":{"type":"Polygon","coordinates":[[[120.053907,30.280451],[120.053473,30.280367],[120.05332,30.279949],[120.053463,30.279944],[120.053606,30.280292],[120.053932,30.280372],[120.053907,30.280451]]]}},{"type":"Feature","properties":{"kind":"water","osmId":"way/783261386"},"geometry":{"type":"Polygon","coordinates":[[[120.052142,30.278428],[120.052046,30.278346],[120.052152,30.278168],[120.053116,30.278194],[120.053025,30.278363],[120.052142,30.278428]]]}},{"type":"Feature","properties":{"kind":"water","osmId":"way/783261387"},"geometry":{"type":"Polygon","coordinates":[[[120.052227,30.278033],[120.052222,30.277921],[120.052714,30.277903],[120.052754,30.277973],[120.052654,30.278046],[120.052227,30.278033]]]}},{"type":"Feature","properties":{"kind":"water","osmId":"way/783261388"},"geometry":{"type":"Polygon","coordinates":[[[120.052232,30.277856],[120.052061,30.277791],[120.052061,30.277682],[120.052608,30.277604],[120.052699,30.277674],[120.052659,30.277799],[120.052232,30.277856]]]}},{"type":"Feature","properties":{"kind":"water","osmId":"way/783261390"},"geometry":{"type":"Polygon","coordinates":[[[120.050068,30.278428],[120.050133,30.278137],[120.050615,30.27815],[120.05057,30.278545],[120.050264,30.278536],[120.050224,30.278432],[120.050068,30.278428]]]}},{"type":"Feature","properties":{"kind":"water","osmId":"way/783261391"},"geometry":{"type":"Polygon","coordinates":[[[120.050098,30.277864],[120.050425,30.277791],[120.050389,30.277474],[120.050053,30.277622],[120.050098,30.277864]]]}},{"type":"Feature","properties":{"kind":"water","osmId":"way/783261392"},"geometry":{"type":"Polygon","coordinates":[[[120.050826,30.278016],[120.050821,30.277773],[120.05067,30.277739],[120.05067,30.277474],[120.051298,30.277418],[120.051604,30.277513],[120.051459,30.27802],[120.050826,30.278016]]]}},{"type":"Feature","properties":{"kind":"water","osmId":"way/783261393"},"geometry":{"type":"Polygon","coordinates":[[[120.051439,30.27848],[120.051409,30.278133],[120.051539,30.278064],[120.051635,30.278155],[120.051644,30.27845],[120.051439,30.27848]]]}},{"type":"Feature","properties":{"kind":"water","osmId":"way/783261394"},"geometry":{"type":"Polygon","coordinates":[[[120.050199,30.27734],[120.050625,30.277387],[120.050686,30.277045],[120.050415,30.276937],[120.050199,30.27734]]]}},{"type":"Feature","properties":{"kind":"road","osmId":"way/783264510","roadClass":"residential"},"geometry":{"type":"LineString","coordinates":[[120.048412,30.280751],[120.048435,30.280532],[120.048803,30.280505],[120.048949,30.280559],[120.04896,30.280749]]}},{"type":"Feature","properties":{"kind":"road","osmId":"way/783264511","roadClass":"residential"},"geometry":{"type":"LineString","coordinates":[[120.048666,30.280509],[120.048599,30.280169],[120.048253,30.279966],[120.046489,30.279648],[120.04633,30.279361],[120.046223,30.278557],[120.046006,30.278037],[120.045993,30.277539]]}},{"type":"Feature","properties":{"kind":"road","osmId":"way/783264512","roadClass":"residential"},"geometry":{"type":"LineString","coordinates":[[120.045993,30.277539],[120.045984,30.277332]]}},{"type":"Feature","properties":{"kind":"road","osmId":"way/783264513","roadClass":"residential"},"geometry":{"type":"LineString","coordinates":[[120.045984,30.277332],[120.046028,30.27711],[120.046303,30.27677],[120.046427,30.276337],[120.047278,30.276169],[120.048333,30.27615]]}},{"type":"Feature","properties":{"kind":"road","osmId":"way/783264515","roadClass":"residential"},"geometry":{"type":"LineString","coordinates":[[120.045784,30.275882],[120.046186,30.275943],[120.046427,30.276337]]}},{"type":"Feature","properties":{"kind":"road","osmId":"way/783264523","roadClass":"residential"},"geometry":{"type":"LineString","coordinates":[[120.047323,30.279751],[120.047318,30.278992]]}},{"type":"Feature","properties":{"kind":"road","osmId":"way/783264525","roadClass":"residential"},"geometry":{"type":"LineString","coordinates":[[120.04783,30.278965],[120.048057,30.279142]]}},{"type":"Feature","properties":{"kind":"road","osmId":"way/783264526","roadClass":"residential"},"geometry":{"type":"LineString","coordinates":[[120.047928,30.279887],[120.047969,30.279695]]}},{"type":"Feature","properties":{"kind":"road","osmId":"way/783264527","roadClass":"residential"},"geometry":{"type":"LineString","coordinates":[[120.047969,30.279695],[120.048068,30.279325]]}},{"type":"Feature","properties":{"kind":"road","osmId":"way/783264528","roadClass":"residential"},"geometry":{"type":"LineString","coordinates":[[120.04783,30.278965],[120.047318,30.278992]]}},{"type":"Feature","properties":{"kind":"road","osmId":"way/783264531","roadClass":"residential"},"geometry":{"type":"LineString","coordinates":[[120.048068,30.279325],[120.048101,30.279087],[120.048793,30.278883]]}},{"type":"Feature","properties":{"kind":"road","osmId":"way/783264532","roadClass":"residential"},"geometry":{"type":"LineString","coordinates":[[120.048793,30.278883],[120.049155,30.278864]]}},{"type":"Feature","properties":{"kind":"road","osmId":"way/783264533","roadClass":"residential"},"geometry":{"type":"LineString","coordinates":[[120.049155,30.278864],[120.04937,30.278917],[120.049478,30.279106]]}},{"type":"Feature","properties":{"kind":"water","osmId":"way/783264615"},"geometry":{"type":"Polygon","coordinates":[[[120.046273,30.278356],[120.046165,30.278138],[120.046329,30.278124],[120.046386,30.27827],[120.046437,30.278116],[120.046536,30.278114],[120.046488,30.278322],[120.046273,30.278356]]]}},{"type":"Feature","properties":{"kind":"road","osmId":"way/783271094","name":"听溪路","roadClass":"residential"},"geometry":{"type":"LineString","coordinates":[[120.041633,30.266058],[120.046179,30.266347]]}},{"type":"Feature","properties":{"kind":"road","osmId":"way/783271109","roadClass":"residential"},"geometry":{"type":"LineString","coordinates":[[120.039549,30.261581],[120.039997,30.26146],[120.040973,30.260964],[120.041064,30.260609],[120.041255,30.260448],[120.04234,30.260334],[120.042445,30.260129],[120.042732,30.259932],[120.042887,30.259621],[120.043315,30.259609],[120.043566,30.259322],[120.043808,30.259243],[120.044564,30.25931],[120.044847,30.259216],[120.045458,30.25846]]}},{"type":"Feature","properties":{"kind":"road","osmId":"way/783271110","roadClass":"residential"},"geometry":{"type":"LineString","coordinates":[[120.039408,30.260406],[120.041046,30.260649]]}},{"type":"Feature","properties":{"kind":"road","osmId":"way/783271115","name":"清石滩路","roadClass":"residential"},"geometry":{"type":"LineString","coordinates":[[120.039047,30.257731],[120.039451,30.257375],[120.039988,30.25729],[120.044912,30.257913],[120.04523,30.258369],[120.045458,30.25846]]}},{"type":"Feature","properties":{"kind":"road","osmId":"way/783271116","name":"清石滩路","roadClass":"residential"},"geometry":{"type":"LineString","coordinates":[[120.048128,30.257609],[120.048232,30.257385]]}},{"type":"Feature","properties":{"kind":"road","osmId":"way/783271117","name":"清石滩路","roadClass":"residential"},"geometry":{"type":"LineString","coordinates":[[120.048232,30.257385],[120.049492,30.256459]]}},{"type":"Feature","properties":{"kind":"road","osmId":"way/783271119","roadClass":"residential"},"geometry":{"type":"LineString","coordinates":[[120.040419,30.257095],[120.040488,30.256151],[120.040663,30.25562],[120.041022,30.255019],[120.04118,30.254555],[120.04146,30.254395],[120.041905,30.254334],[120.042583,30.254555],[120.042279,30.255387],[120.042285,30.255609],[120.042454,30.25582],[120.043808,30.256254],[120.044392,30.256335]]}},{"type":"Feature","properties":{"kind":"water","osmId":"way/783316610"},"geometry":{"type":"Polygon","coordinates":[[[120.080937,30.269046],[120.08095,30.268964],[120.081844,30.269016],[120.082104,30.267804],[120.082151,30.267923],[120.081952,30.268956],[120.082626,30.269076],[120.082747,30.268785],[120.082769,30.268173],[120.082726,30.267968],[120.082549,30.267893],[120.082808,30.267886],[120.082881,30.268341],[120.082769,30.269053],[120.083071,30.269094],[120.08309,30.269195],[120.080937,30.269046]]]}},{"type":"Feature","properties":{"kind":"road","osmId":"way/786416588","name":"长深高速","roadClass":"motorway"},"geometry":{"type":"LineString","coordinates":[[120.044929,30.290539],[120.043958,30.288158],[120.043113,30.285397],[120.042658,30.283648],[120.042164,30.280627]]}},{"type":"Feature","properties":{"kind":"water","osmId":"way/817891274"},"geometry":{"type":"Polygon","coordinates":[[[120.057204,30.280349],[120.057763,30.280378],[120.057908,30.280297],[120.057915,30.280032],[120.057626,30.28002],[120.057537,30.280106],[120.057112,30.280044],[120.057058,30.280238],[120.057204,30.280349]]]}},{"type":"Feature","properties":{"kind":"water","osmId":"way/817891275"},"geometry":{"type":"Polygon","coordinates":[[[120.057172,30.280676],[120.057733,30.28067],[120.057783,30.280556],[120.057694,30.280464],[120.057319,30.280421],[120.057069,30.280485],[120.057047,30.280646],[120.057172,30.280676]]]}},{"type":"Feature","properties":{"kind":"water","osmId":"way/817891276"},"geometry":{"type":"Polygon","coordinates":[[[120.058001,30.280602],[120.058797,30.280633],[120.058686,30.280516],[120.058119,30.280436],[120.057922,30.280504],[120.058001,30.280602]]]}},{"type":"Feature","properties":{"kind":"water","osmId":"way/817891277"},"geometry":{"type":"Polygon","coordinates":[[[120.058119,30.280282],[120.058819,30.280362],[120.058768,30.280223],[120.058104,30.280177],[120.058015,30.280257],[120.058119,30.280282]]]}},{"type":"Feature","properties":{"kind":"water","osmId":"way/817891278"},"geometry":{"type":"Polygon","coordinates":[[[120.058215,30.280094],[120.058821,30.280117],[120.058174,30.280016],[120.058215,30.280094]]]}},{"type":"Feature","properties":{"kind":"water","osmId":"way/817891279"},"geometry":{"type":"Polygon","coordinates":[[[120.058269,30.279973],[120.058905,30.279999],[120.058958,30.279785],[120.058848,30.279616],[120.0582,30.279508],[120.058133,30.279904],[120.058269,30.279973]]]}},{"type":"Feature","properties":{"kind":"waterway","osmId":"way/817891280"},"geometry":{"type":"LineString","coordinates":[[120.058808,30.280099],[120.059054,30.280023]]}},{"type":"Feature","properties":{"kind":"water","osmId":"way/817891281"},"geometry":{"type":"Polygon","coordinates":[[[120.058881,30.280653],[120.058905,30.280308],[120.059078,30.280169],[120.059058,30.280406],[120.058881,30.280653]]]}},{"type":"Feature","properties":{"kind":"water","osmId":"way/817891282"},"geometry":{"type":"Polygon","coordinates":[[[120.059111,30.280706],[120.059454,30.280757],[120.059359,30.280608],[120.0591,30.280522],[120.059111,30.280706]]]}},{"type":"Feature","properties":{"kind":"water","osmId":"way/817891283"},"geometry":{"type":"Polygon","coordinates":[[[120.059285,30.280513],[120.059562,30.280494],[120.059558,30.280204],[120.059403,30.280139],[120.059249,30.280213],[120.059285,30.280513]]]}},{"type":"Feature","properties":{"kind":"water","osmId":"way/817891284"},"geometry":{"type":"Polygon","coordinates":[[[120.05972,30.280518],[120.060056,30.280555],[120.060145,30.28042],[120.059704,30.280364],[120.05972,30.280518]]]}},{"type":"Feature","properties":{"kind":"water","osmId":"way/817891287"},"geometry":{"type":"Polygon","coordinates":[[[120.059712,30.280987],[120.059936,30.280911],[120.059976,30.280703],[120.059623,30.280624],[120.059586,30.280906],[120.059712,30.280987]]]}},{"type":"Feature","properties":{"kind":"water","osmId":"way/817891288"},"geometry":{"type":"Polygon","coordinates":[[[120.060033,30.280985],[120.06019,30.28089],[120.060202,30.280568],[120.060025,30.280622],[120.060033,30.280985]]]}},{"type":"Feature","properties":{"kind":"water","osmId":"way/817891289"},"geometry":{"type":"Polygon","coordinates":[[[120.060297,30.281032],[120.060777,30.281038],[120.060832,30.280799],[120.060533,30.280748],[120.060557,30.280634],[120.060356,30.280653],[120.060222,30.280953],[120.060297,30.281032]]]}},{"type":"Feature","properties":{"kind":"water","osmId":"way/817891290"},"geometry":{"type":"Polygon","coordinates":[[[120.060996,30.281053],[120.061344,30.280936],[120.061464,30.280994],[120.061486,30.280806],[120.060986,30.280689],[120.060919,30.280971],[120.060996,30.281053]]]}},{"type":"Feature","properties":{"kind":"water","osmId":"way/817891291"},"geometry":{"type":"Polygon","coordinates":[[[120.060769,30.280676],[120.060935,30.280557],[120.061256,30.28056],[120.061366,30.280048],[120.061197,30.28005],[120.061042,30.280529],[120.060903,30.280508],[120.061041,30.280036],[120.060466,30.280034],[120.06046,30.280334],[120.060606,30.28038],[120.060725,30.28021],[120.060845,30.28029],[120.060769,30.280676]]]}},{"type":"Feature","properties":{"kind":"water","osmId":"way/817891292"},"geometry":{"type":"Polygon","coordinates":[[[120.06148,30.280378],[120.061781,30.28038],[120.061872,30.280083],[120.061527,30.280069],[120.061423,30.280255],[120.06148,30.280378]]]}},{"type":"Feature","properties":{"kind":"water","osmId":"way/817891293"},"geometry":{"type":"Polygon","coordinates":[[[120.060636,30.281453],[120.061002,30.281378],[120.06105,30.281228],[120.060245,30.281173],[120.0605,30.281274],[120.060636,30.281453]]]}},{"type":"Feature","properties":{"kind":"water","osmId":"way/817891294"},"geometry":{"type":"Polygon","coordinates":[[[120.061172,30.281271],[120.061393,30.281191],[120.061524,30.281448],[120.061367,30.281934],[120.060917,30.282166],[120.060824,30.282028],[120.061119,30.281893],[120.061141,30.281584],[120.061272,30.281424],[120.061172,30.281271]]]}},{"type":"Feature","properties":{"kind":"water","osmId":"way/817891295"},"geometry":{"type":"Polygon","coordinates":[[[120.060709,30.281901],[120.060976,30.281779],[120.060907,30.281609],[120.060812,30.28164],[120.060709,30.281901]]]}},{"type":"Feature","properties":{"kind":"water","osmId":"way/817891296"},"geometry":{"type":"Polygon","coordinates":[[[120.060357,30.282255],[120.060562,30.282294],[120.060676,30.282201],[120.060233,30.282031],[120.060204,30.282201],[120.060357,30.282255]]]}},{"type":"Feature","properties":{"kind":"water","osmId":"way/817891297"},"geometry":{"type":"Polygon","coordinates":[[[120.060285,30.281728],[120.06055,30.281734],[120.060428,30.28159],[120.06009,30.281578],[120.060176,30.281405],[120.06,30.281274],[120.05995,30.28171],[120.060285,30.281728]]]}},{"type":"Feature","properties":{"kind":"water","osmId":"way/817891298"},"geometry":{"type":"Polygon","coordinates":[[[120.058024,30.282242],[120.058167,30.282314],[120.058313,30.282141],[120.057937,30.282149],[120.057885,30.282023],[120.05771,30.282094],[120.057696,30.282234],[120.057796,30.282265],[120.057908,30.282161],[120.058024,30.282242]]]}},{"type":"Feature","properties":{"kind":"water","osmId":"way/817891300"},"geometry":{"type":"Polygon","coordinates":[[[120.057097,30.28213],[120.057394,30.28212],[120.057403,30.281956],[120.057129,30.281979],[120.057097,30.28213]]]}},{"type":"Feature","properties":{"kind":"water","osmId":"way/817891301"},"geometry":{"type":"Polygon","coordinates":[[[120.056802,30.282146],[120.05695,30.28218],[120.056988,30.281953],[120.05676,30.281981],[120.056802,30.282146]]]}},{"type":"Feature","properties":{"kind":"water","osmId":"way/817891302"},"geometry":{"type":"Polygon","coordinates":[[[120.056847,30.281598],[120.056906,30.281231],[120.057225,30.281257],[120.057221,30.28171],[120.057043,30.281765],[120.056892,30.281718],[120.056847,30.281598]]]}},{"type":"Feature","properties":{"kind":"water","osmId":"way/817891303"},"geometry":{"type":"Polygon","coordinates":[[[120.058601,30.281833],[120.058703,30.281732],[120.058595,30.281597],[120.058509,30.281747],[120.058601,30.281833]]]}},{"type":"Feature","properties":{"kind":"water","osmId":"way/817891304"},"geometry":{"type":"Polygon","coordinates":[[[120.058937,30.281326],[120.059433,30.281432],[120.059504,30.281149],[120.059054,30.281048],[120.058928,30.281144],[120.058937,30.281326]]]}},{"type":"Feature","properties":{"kind":"water","osmId":"way/817891305"},"geometry":{"type":"Polygon","coordinates":[[[120.059017,30.280979],[120.059387,30.281056],[120.059493,30.280969],[120.059037,30.280861],[120.059017,30.280979]]]}},{"type":"Feature","properties":{"kind":"water","osmId":"way/817891306"},"geometry":{"type":"Polygon","coordinates":[[[120.058427,30.281378],[120.058746,30.281331],[120.058535,30.280984],[120.058663,30.280869],[120.058643,30.280718],[120.05819,30.280694],[120.05817,30.281068],[120.058427,30.281378]]]}},{"type":"Feature","properties":{"kind":"water","osmId":"way/817891307"},"geometry":{"type":"Polygon","coordinates":[[[120.057857,30.28116],[120.058012,30.281108],[120.057943,30.280778],[120.057809,30.280937],[120.057857,30.28116]]]}},{"type":"Feature","properties":{"kind":"water","osmId":"way/817891308"},"geometry":{"type":"Polygon","coordinates":[[[120.057412,30.281799],[120.057587,30.281372],[120.057592,30.281572],[120.057685,30.281444],[120.057705,30.281562],[120.057439,30.28187],[120.057412,30.281799]]]}},{"type":"Feature","properties":{"kind":"water","osmId":"way/817897553"},"geometry":{"type":"Polygon","coordinates":[[[120.057323,30.279899],[120.057938,30.279922],[120.057959,30.279855],[120.057356,30.279707],[120.057114,30.279781],[120.057114,30.279897],[120.057323,30.279899]]]}},{"type":"Feature","properties":{"kind":"water","osmId":"way/817897583"},"geometry":{"type":"Polygon","coordinates":[[[120.052773,30.277152],[120.053095,30.277004],[120.052878,30.276754],[120.052631,30.276822],[120.052621,30.277089],[120.052773,30.277152]]]}},{"type":"Feature","properties":{"kind":"water","osmId":"way/817897584"},"geometry":{"type":"Polygon","coordinates":[[[120.051827,30.276378],[120.052598,30.276577],[120.052773,30.276424],[120.052773,30.276299],[120.052473,30.275966],[120.051886,30.275838],[120.051748,30.276057],[120.051827,30.276378]]]}},{"type":"Feature","properties":{"kind":"water","osmId":"way/817897585"},"geometry":{"type":"Polygon","coordinates":[[[120.05211,30.275838],[120.052973,30.276017],[120.053049,30.275943],[120.053132,30.275607],[120.05269,30.275457],[120.052694,30.275209],[120.052815,30.275426],[120.05296,30.275477],[120.05377,30.275653],[120.053817,30.275596],[120.053705,30.275283],[120.053352,30.275209],[120.052845,30.274945],[120.052987,30.274208],[120.052614,30.274276],[120.052404,30.274512],[120.052384,30.274834],[120.052806,30.274939],[120.052898,30.275064],[120.052858,30.275178],[120.052492,30.275115],[120.052245,30.275371],[120.052107,30.275312],[120.05217,30.274911],[120.051942,30.274817],[120.051686,30.274851],[120.05185,30.274197],[120.051817,30.274097],[120.051567,30.274072],[120.051346,30.274967],[120.051541,30.275002],[120.051679,30.274885],[120.051705,30.275027],[120.051304,30.275235],[120.051221,30.275474],[120.05161,30.275607],[120.051626,30.275975],[120.051755,30.275721],[120.051646,30.275588],[120.051788,30.275554],[120.051854,30.275249],[120.051959,30.275226],[120.052147,30.275403],[120.051962,30.275741],[120.05211,30.275838]]]}},{"type":"Feature","properties":{"kind":"water","osmId":"way/817897586"},"geometry":{"type":"Polygon","coordinates":[[[120.050315,30.275795],[120.051089,30.27596],[120.051211,30.275824],[120.051458,30.275957],[120.051544,30.275815],[120.051448,30.275676],[120.050398,30.275525],[120.050299,30.275616],[120.050315,30.275795]]]}},{"type":"Feature","properties":{"kind":"water","osmId":"way/817897587"},"geometry":{"type":"Polygon","coordinates":[[[120.050674,30.274828],[120.051234,30.274916],[120.051333,30.27476],[120.051317,30.27468],[120.050803,30.274464],[120.050585,30.274612],[120.050572,30.27478],[120.050674,30.274828]]]}},{"type":"Feature","properties":{"kind":"water","osmId":"way/817897588"},"geometry":{"type":"Polygon","coordinates":[[[120.049484,30.275234],[120.049587,30.275257],[120.049756,30.274908],[120.049565,30.27484],[120.049429,30.274981],[120.049429,30.274795],[120.049348,30.274712],[120.049236,30.274751],[120.049157,30.274816],[120.049182,30.275218],[120.049275,30.275221],[120.049426,30.27502],[120.049484,30.275234]]]}},{"type":"Feature","properties":{"kind":"water","osmId":"way/817897589"},"geometry":{"type":"Polygon","coordinates":[[[120.048789,30.275529],[120.049,30.275422],[120.049027,30.275208],[120.048341,30.274986],[120.048287,30.275182],[120.048628,30.275239],[120.048789,30.275529]]]}},{"type":"Feature","properties":{"kind":"water","osmId":"way/817897591"},"geometry":{"type":"Polygon","coordinates":[[[120.048763,30.274262],[120.049365,30.274435],[120.049434,30.273875],[120.048691,30.273617],[120.048755,30.273849],[120.048648,30.274159],[120.048763,30.274262]]]}},{"type":"Feature","properties":{"kind":"water","osmId":"way/817897592"},"geometry":{"type":"Polygon","coordinates":[[[120.047777,30.272499],[120.048114,30.272706],[120.048349,30.272632],[120.04837,30.272462],[120.048605,30.27261],[120.048725,30.272577],[120.0489,30.272189],[120.048644,30.272086],[120.048469,30.272392],[120.04837,30.272245],[120.047952,30.272197],[120.04782,30.272256],[120.047777,30.272499]]]}},{"type":"Feature","properties":{"kind":"water","osmId":"way/817897593"},"geometry":{"type":"Polygon","coordinates":[[[120.049194,30.272536],[120.049361,30.272562],[120.049331,30.27244],[120.049468,30.272234],[120.049417,30.272149],[120.049288,30.272119],[120.049199,30.272219],[120.049194,30.272536]]]}},{"type":"Feature","properties":{"kind":"water","osmId":"way/817897597"},"geometry":{"type":"Polygon","coordinates":[[[120.050602,30.272026],[120.050937,30.272179],[120.051009,30.271976],[120.05081,30.271706],[120.050176,30.271646],[120.050223,30.271752],[120.050555,30.271859],[120.050602,30.272026]]]}},{"type":"Feature","properties":{"kind":"water","osmId":"way/817897598"},"geometry":{"type":"Polygon","coordinates":[[[120.050373,30.271596],[120.050862,30.271668],[120.050934,30.271496],[120.050292,30.271341],[120.050226,30.271513],[120.050373,30.271596]]]}},{"type":"Feature","properties":{"kind":"water","osmId":"way/817897599"},"geometry":{"type":"Polygon","coordinates":[[[120.050066,30.271849],[120.050226,30.271303],[120.050989,30.271345],[120.049322,30.271021],[120.050077,30.271307],[120.050066,30.271849]]]}},{"type":"Feature","properties":{"kind":"water","osmId":"way/817897600"},"geometry":{"type":"Polygon","coordinates":[[[120.049228,30.271725],[120.049515,30.271811],[120.049593,30.271596],[120.049875,30.271591],[120.049975,30.271322],[120.049347,30.271145],[120.04899,30.271178],[120.048926,30.271269],[120.048996,30.271458],[120.049195,30.271453],[120.049247,30.271599],[120.049073,30.271486],[120.04881,30.27156],[120.048896,30.271188],[120.048755,30.271123],[120.048714,30.271417],[120.048503,30.271482],[120.048539,30.27167],[120.048987,30.271814],[120.049228,30.271725]]]}},{"type":"Feature","properties":{"kind":"water","osmId":"way/817897601"},"geometry":{"type":"Polygon","coordinates":[[[120.04809,30.272128],[120.048437,30.272186],[120.048563,30.272117],[120.048305,30.271828],[120.048922,30.271956],[120.049042,30.272176],[120.049238,30.272054],[120.049585,30.272051],[120.047688,30.271603],[120.047934,30.271317],[120.047906,30.271126],[120.048191,30.270863],[120.048198,30.270696],[120.048099,30.270598],[120.04759,30.271298],[120.047587,30.271444],[120.047393,30.271563],[120.047485,30.271815],[120.047624,30.271632],[120.047967,30.271722],[120.047973,30.271831],[120.048106,30.271852],[120.047949,30.272046],[120.04809,30.272128]]]}},{"type":"Feature","properties":{"kind":"waterway","osmId":"way/817897602"},"geometry":{"type":"LineString","coordinates":[[120.046673,30.271285],[120.047393,30.271563]]}},{"type":"Feature","properties":{"kind":"water","osmId":"way/817897603"},"geometry":{"type":"Polygon","coordinates":[[[120.049931,30.273402],[120.050257,30.273505],[120.050335,30.273386],[120.050357,30.273572],[120.050724,30.273647],[120.050986,30.27358],[120.0511,30.273422],[120.051096,30.273346],[120.050426,30.273263],[120.050032,30.273057],[120.049807,30.273101],[120.049784,30.27337],[120.049931,30.273402]]]}},{"type":"Feature","properties":{"kind":"water","osmId":"way/817897604"},"geometry":{"type":"Polygon","coordinates":[[[120.049706,30.272835],[120.049991,30.272816],[120.050023,30.272927],[120.050298,30.272978],[120.050316,30.273065],[120.051022,30.273271],[120.051551,30.272184],[120.051584,30.271613],[120.051066,30.271459],[120.050987,30.271597],[120.051125,30.272368],[120.050501,30.272525],[120.050474,30.272688],[120.051095,30.272842],[120.050455,30.272772],[120.050453,30.272408],[120.050142,30.27242],[120.049789,30.27221],[120.049645,30.272683],[120.049706,30.272835]]]}},{"type":"Feature","properties":{"kind":"water","osmId":"way/817897605"},"geometry":{"type":"Polygon","coordinates":[[[120.049945,30.272218],[120.050305,30.272248],[120.050114,30.272077],[120.049936,30.272132],[120.049945,30.272218]]]}},{"type":"Feature","properties":{"kind":"road","osmId":"way/831669005","name":"Chongren Road","roadClass":"tertiary"},"geometry":{"type":"LineString","coordinates":[[120.072058,30.284716],[120.072146,30.283092]]}},{"type":"Feature","properties":{"kind":"road","osmId":"way/831669006","name":"Chongren Road","roadClass":"tertiary"},"geometry":{"type":"LineString","coordinates":[[120.072048,30.285126],[120.072049,30.284906]]}},{"type":"Feature","properties":{"kind":"road","osmId":"way/831712668","name":"Wen'er Road West","roadClass":"secondary"},"geometry":{"type":"LineString","coordinates":[[120.076505,30.283264],[120.077797,30.283248],[120.081784,30.28285]]}},{"type":"Feature","properties":{"kind":"road","osmId":"way/831712669","name":"文二西路","roadClass":"secondary"},"geometry":{"type":"LineString","coordinates":[[120.067437,30.282914],[120.067843,30.282928]]}},{"type":"Feature","properties":{"kind":"road","osmId":"way/831712670","name":"Wen'er Road West","roadClass":"secondary"},"geometry":{"type":"LineString","coordinates":[[120.067392,30.283006],[120.061674,30.282787]]}},{"type":"Feature","properties":{"kind":"road","osmId":"way/831712671","name":"文二西路","roadClass":"secondary"},"geometry":{"type":"LineString","coordinates":[[120.067838,30.283019],[120.067392,30.283006]]}},{"type":"Feature","properties":{"kind":"road","osmId":"way/832189514","name":"Wen'er Road West","roadClass":"secondary"},"geometry":{"type":"LineString","coordinates":[[120.072444,30.283225],[120.068008,30.283026]]}},{"type":"Feature","properties":{"kind":"road","osmId":"way/832189515","name":"文二西路","roadClass":"secondary"},"geometry":{"type":"LineString","coordinates":[[120.072708,30.283232],[120.072444,30.283225]]}},{"type":"Feature","properties":{"kind":"road","osmId":"way/832190134","name":"文二西路","roadClass":"secondary"},"geometry":{"type":"LineString","coordinates":[[120.072455,30.283106],[120.072719,30.283118]]}},{"type":"Feature","properties":{"kind":"road","osmId":"way/832190135","name":"Wen'er Road West","roadClass":"secondary"},"geometry":{"type":"LineString","coordinates":[[120.067843,30.282928],[120.072455,30.283106]]}},{"type":"Feature","properties":{"kind":"road","osmId":"way/832191603","name":"Ziyun Street","roadClass":"unclassified"},"geometry":{"type":"LineString","coordinates":[[120.067835,30.284709],[120.067406,30.284682]]}},{"type":"Feature","properties":{"kind":"road","osmId":"way/832193321","name":"Hongde Road","roadClass":"tertiary"},"geometry":{"type":"LineString","coordinates":[[120.06805,30.284717],[120.068008,30.283026]]}},{"type":"Feature","properties":{"kind":"road","osmId":"way/832193322","name":"Hongde Road","roadClass":"tertiary"},"geometry":{"type":"LineString","coordinates":[[120.068055,30.285141],[120.068054,30.284876]]}},{"type":"Feature","properties":{"kind":"road","osmId":"way/832203866","name":"Ziyun Street","roadClass":"unclassified"},"geometry":{"type":"LineString","coordinates":[[120.060929,30.284374],[120.060572,30.284367]]}},{"type":"Feature","properties":{"kind":"road","osmId":"way/832203867","name":"Ziyun Street","roadClass":"unclassified"},"geometry":{"type":"LineString","coordinates":[[120.061249,30.284382],[120.060929,30.284374]]}},{"type":"Feature","properties":{"kind":"road","osmId":"way/834590743","roadClass":"unclassified"},"geometry":{"type":"LineString","coordinates":[[120.041134,30.277968],[120.041223,30.278014]]}},{"type":"Feature","properties":{"kind":"road","osmId":"way/834590744","roadClass":"unclassified"},"geometry":{"type":"LineString","coordinates":[[120.040903,30.277799],[120.041134,30.277968]]}},{"type":"Feature","properties":{"kind":"road","osmId":"way/834590745","roadClass":"unclassified"},"geometry":{"type":"LineString","coordinates":[[120.039859,30.278894],[120.039681,30.278687]]}},{"type":"Feature","properties":{"kind":"road","osmId":"way/834590746","name":"洪家埭路","roadClass":"unclassified"},"geometry":{"type":"LineString","coordinates":[[120.039627,30.279693],[120.039922,30.279131],[120.039859,30.278894]]}},{"type":"Feature","properties":{"kind":"road","osmId":"way/834639520","name":"长深高速","roadClass":"motorway"},"geometry":{"type":"LineString","coordinates":[[120.042268,30.280653],[120.042631,30.282981],[120.043209,30.285381],[120.044053,30.288131],[120.045084,30.290568]]}},{"type":"Feature","properties":{"kind":"road","osmId":"way/834939797","roadClass":"residential"},"geometry":{"type":"LineString","coordinates":[[120.049447,30.256386],[120.049705,30.256981]]}},{"type":"Feature","properties":{"kind":"road","osmId":"way/834939798","roadClass":"residential"},"geometry":{"type":"LineString","coordinates":[[120.04931,30.256207],[120.049447,30.256386]]}},{"type":"Feature","properties":{"kind":"road","osmId":"way/835969235","name":"访溪路","roadClass":"tertiary"},"geometry":{"type":"LineString","coordinates":[[120.043509,30.280546],[120.043471,30.280732]]}},{"type":"Feature","properties":{"kind":"road","osmId":"way/835969236","name":"访溪路","roadClass":"tertiary"},"geometry":{"type":"LineString","coordinates":[[120.04353,30.280331],[120.043509,30.280546]]}},{"type":"Feature","properties":{"kind":"road","osmId":"way/835969237","name":"访溪路","roadClass":"tertiary"},"geometry":{"type":"LineString","coordinates":[[120.041905,30.27638],[120.041979,30.276909]]}},{"type":"Feature","properties":{"kind":"road","osmId":"way/835969238","name":"访溪路","roadClass":"tertiary"},"geometry":{"type":"LineString","coordinates":[[120.040932,30.270215],[120.041905,30.27638]]}},{"type":"Feature","properties":{"kind":"road","osmId":"way/838474100","name":"上河渚街","roadClass":"unclassified"},"geometry":{"type":"LineString","coordinates":[[120.063622,30.274729],[120.06333,30.274604]]}},{"type":"Feature","properties":{"kind":"road","osmId":"way/838474101","name":"上河渚街","roadClass":"unclassified"},"geometry":{"type":"LineString","coordinates":[[120.063697,30.274848],[120.063622,30.274729]]}},{"type":"Feature","properties":{"kind":"road","osmId":"way/838476316","name":"全福桥","roadClass":"unclassified"},"geometry":{"type":"LineString","coordinates":[[120.065203,30.279608],[120.065262,30.27942]]}},{"type":"Feature","properties":{"kind":"road","osmId":"way/838476317","name":"福堤","roadClass":"unclassified"},"geometry":{"type":"LineString","coordinates":[[120.065417,30.282273],[120.065533,30.282154],[120.065468,30.281604],[120.065036,30.280984],[120.065203,30.279608]]}},{"type":"Feature","properties":{"kind":"road","osmId":"way/838476318","name":"福堤","roadClass":"unclassified"},"geometry":{"type":"LineString","coordinates":[[120.065103,30.282294],[120.065417,30.282273]]}},{"type":"Feature","properties":{"kind":"road","osmId":"way/838476319","name":"福堤","roadClass":"unclassified"},"geometry":{"type":"LineString","coordinates":[[120.064794,30.282818],[120.064847,30.282363],[120.065103,30.282294]]}},{"type":"Feature","properties":{"kind":"water","osmId":"way/899196580"},"geometry":{"type":"Polygon","coordinates":[[[120.048399,30.261404],[120.048959,30.261413],[120.048981,30.261301],[120.048932,30.261192],[120.048497,30.261122],[120.048333,30.26131],[120.048399,30.261404]]]}},{"type":"Feature","properties":{"kind":"water","osmId":"way/899196581"},"geometry":{"type":"Polygon","coordinates":[[[120.048573,30.261018],[120.049128,30.261084],[120.04915,30.260793],[120.04866,30.260684],[120.048524,30.260811],[120.048573,30.261018]]]}},{"type":"Feature","properties":{"kind":"water","osmId":"way/899196582"},"geometry":{"type":"Polygon","coordinates":[[[120.048644,30.260506],[120.049199,30.260506],[120.049292,30.260247],[120.04897,30.260162],[120.048649,30.260209],[120.04854,30.260341],[120.048644,30.260506]]]}},{"type":"Feature","properties":{"kind":"water","osmId":"way/899196583"},"geometry":{"type":"Polygon","coordinates":[[[120.049346,30.260684],[120.049558,30.260741],[120.049738,30.26044],[120.049716,30.260242],[120.049395,30.260247],[120.049346,30.260684]]]}},{"type":"Feature","properties":{"kind":"water","osmId":"way/899196584"},"geometry":{"type":"Polygon","coordinates":[[[120.048954,30.260106],[120.049428,30.260144],[120.049531,30.26012],[120.049558,30.259998],[120.048856,30.259923],[120.048845,30.260092],[120.048954,30.260106]]]}},{"type":"Feature","properties":{"kind":"water","osmId":"way/899196585"},"geometry":{"type":"Polygon","coordinates":[[[120.048905,30.259485],[120.049542,30.259495],[120.049537,30.259325],[120.049504,30.259231],[120.048954,30.259161],[120.048856,30.259278],[120.048905,30.259485]]]}},{"type":"Feature","properties":{"kind":"water","osmId":"way/899196586"},"geometry":{"type":"Polygon","coordinates":[[[120.047975,30.259614],[120.048473,30.259731],[120.048596,30.259635],[120.048399,30.25923],[120.048218,30.259361],[120.048,30.259376],[120.047921,30.259535],[120.047975,30.259614]]]}},{"type":"Feature","properties":{"kind":"water","osmId":"way/899196587"},"geometry":{"type":"Polygon","coordinates":[[[120.047827,30.259912],[120.048345,30.260019],[120.048465,30.259959],[120.048444,30.259838],[120.048127,30.259724],[120.047674,30.259749],[120.047662,30.259884],[120.047827,30.259912]]]}},{"type":"Feature","properties":{"kind":"water","osmId":"way/899196588"},"geometry":{"type":"Polygon","coordinates":[[[120.048918,30.257993],[120.049316,30.257953],[120.049395,30.257628],[120.049259,30.257557],[120.049098,30.257607],[120.049057,30.257873],[120.048858,30.257911],[120.048918,30.257993]]]}},{"type":"Feature","properties":{"kind":"water","osmId":"way/899196589"},"geometry":{"type":"Polygon","coordinates":[[[120.049499,30.258416],[120.049275,30.258401],[120.04916,30.258203],[120.049422,30.258217],[120.049499,30.258416]]]}},{"type":"Feature","properties":{"kind":"water","osmId":"way/899196590"},"geometry":{"type":"Polygon","coordinates":[[[120.048365,30.257673],[120.048859,30.25778],[120.04901,30.257683],[120.048939,30.25739],[120.048695,30.257411],[120.048505,30.257305],[120.048365,30.257472],[120.048365,30.257673]]]}},{"type":"Feature","properties":{"kind":"water","osmId":"way/899196591"},"geometry":{"type":"Polygon","coordinates":[[[120.048217,30.258101],[120.048749,30.258112],[120.048796,30.257919],[120.048356,30.25777],[120.048169,30.257978],[120.048217,30.258101]]]}},{"type":"Feature","properties":{"kind":"water","osmId":"way/899196592"},"geometry":{"type":"Polygon","coordinates":[[[120.048181,30.258489],[120.048556,30.258343],[120.048844,30.258389],[120.048945,30.258294],[120.048844,30.258155],[120.048127,30.258197],[120.04805,30.258438],[120.048181,30.258489]]]}},{"type":"Feature","properties":{"kind":"water","osmId":"way/899196593"},"geometry":{"type":"Polygon","coordinates":[[[120.048367,30.258423],[120.048872,30.258425],[120.048919,30.258536],[120.048445,30.258592],[120.048507,30.258671],[120.048339,30.258754],[120.048367,30.258932],[120.048516,30.258724],[120.048632,30.258935],[120.048884,30.258638],[120.049015,30.258724],[120.049171,30.258606],[120.049377,30.258654],[120.049452,30.258899],[120.049271,30.259094],[120.048822,30.259145],[120.048626,30.259029],[120.048304,30.259115],[120.048236,30.258722],[120.048407,30.258627],[120.048367,30.258423]]]}},{"type":"Feature","properties":{"kind":"water","osmId":"way/899196594"},"geometry":{"type":"Polygon","coordinates":[[[120.046978,30.259355],[120.047184,30.259398],[120.047306,30.25929],[120.047425,30.258835],[120.047652,30.258501],[120.047618,30.258296],[120.047409,30.258291],[120.047228,30.258404],[120.047022,30.259091],[120.046773,30.259212],[120.046704,30.25946],[120.046841,30.259492],[120.046978,30.259355]]]}},{"type":"Feature","properties":{"kind":"water","osmId":"way/899196595"},"geometry":{"type":"Polygon","coordinates":[[[120.047434,30.258145],[120.047786,30.258142],[120.047864,30.257978],[120.047621,30.2579],[120.047615,30.2577],[120.047385,30.257639],[120.047287,30.257822],[120.047446,30.25801],[120.047434,30.258145]]]}},{"type":"Feature","properties":{"kind":"water","osmId":"way/899196596"},"geometry":{"type":"Polygon","coordinates":[[[120.045915,30.257065],[120.046415,30.257185],[120.04664,30.257002],[120.047073,30.257041],[120.047077,30.256917],[120.04705,30.256812],[120.046807,30.256687],[120.046537,30.256847],[120.04619,30.256753],[120.04578,30.256788],[120.04569,30.256905],[120.045915,30.257065]]]}},{"type":"Feature","properties":{"kind":"water","osmId":"way/899196597"},"geometry":{"type":"Polygon","coordinates":[[[120.046285,30.256687],[120.046637,30.256688],[120.046686,30.256248],[120.046224,30.256252],[120.046115,30.256598],[120.046285,30.256687]]]}},{"type":"Feature","properties":{"kind":"water","osmId":"way/899196598"},"geometry":{"type":"Polygon","coordinates":[[[120.046822,30.256577],[120.047342,30.256952],[120.047352,30.25631],[120.046797,30.256296],[120.046822,30.256577]]]}},{"type":"Feature","properties":{"kind":"water","osmId":"way/899196599"},"geometry":{"type":"Polygon","coordinates":[[[120.046481,30.255905],[120.046574,30.255919],[120.046679,30.255715],[120.047067,30.255803],[120.047054,30.25616],[120.047144,30.256256],[120.047355,30.256259],[120.047423,30.256047],[120.047656,30.256063],[120.047643,30.256628],[120.047801,30.256776],[120.047941,30.256719],[120.047932,30.256039],[120.04808,30.256077],[120.04795,30.255737],[120.047361,30.255691],[120.04653,30.255445],[120.04644,30.255637],[120.046481,30.255905]]]}},{"type":"Feature","properties":{"kind":"water","osmId":"way/899196600"},"geometry":{"type":"Polygon","coordinates":[[[120.048217,30.256894],[120.048378,30.256915],[120.048483,30.256819],[120.048576,30.256521],[120.04848,30.256352],[120.048635,30.256259],[120.048629,30.25601],[120.048738,30.256004],[120.048787,30.256136],[120.048629,30.256559],[120.048688,30.256631],[120.049051,30.256318],[120.048967,30.256042],[120.048787,30.255929],[120.048619,30.255978],[120.048618,30.255834],[120.048231,30.255808],[120.048161,30.256253],[120.048447,30.25634],[120.048191,30.256398],[120.048217,30.256894]]]}},{"type":"Feature","properties":{"kind":"water","osmId":"way/899196603"},"geometry":{"type":"Polygon","coordinates":[[[120.046982,30.255052],[120.047225,30.254596],[120.047205,30.25449],[120.046941,30.254431],[120.046746,30.25496],[120.046819,30.25509],[120.046982,30.255052]]]}},{"type":"Feature","properties":{"kind":"water","osmId":"way/899196608"},"geometry":{"type":"Polygon","coordinates":[[[120.042413,30.255478],[120.042573,30.254881],[120.043279,30.255172],[120.043272,30.255377],[120.043138,30.255524],[120.043198,30.255585],[120.043402,30.255218],[120.043656,30.255178],[120.043937,30.254927],[120.044124,30.254961],[120.04394,30.255461],[120.04377,30.255524],[120.043539,30.255435],[120.043526,30.255686],[120.043135,30.255611],[120.042973,30.255803],[120.042871,30.255782],[120.042768,30.255582],[120.042413,30.255478]]]}},{"type":"Feature","properties":{"kind":"water","osmId":"way/899196609"},"geometry":{"type":"Polygon","coordinates":[[[120.043256,30.254557],[120.043364,30.25396],[120.043528,30.25369],[120.043795,30.253597],[120.044002,30.252808],[120.043831,30.252481],[120.043489,30.252412],[120.043196,30.252171],[120.043801,30.252233],[120.043897,30.252303],[120.043855,30.252445],[120.044233,30.25258],[120.044559,30.252471],[120.04515,30.252683],[120.045248,30.252606],[120.045147,30.252507],[120.044712,30.252347],[120.044835,30.252078],[120.045722,30.252355],[120.045602,30.252119],[120.045251,30.252041],[120.045473,30.251731],[120.045314,30.251438],[120.045377,30.251394],[120.046759,30.251897],[120.046834,30.251946],[120.046711,30.252106],[120.046768,30.252292],[120.046954,30.252272],[120.0469,30.252116],[120.047058,30.251702],[120.047634,30.251806],[120.047682,30.252148],[120.047622,30.252295],[120.047487,30.252269],[120.047322,30.252593],[120.047742,30.25272],[120.0477,30.252831],[120.048101,30.252927],[120.047996,30.253248],[120.048137,30.253501],[120.047993,30.254099],[120.048413,30.254296],[120.048389,30.254521],[120.048802,30.254591],[120.048704,30.255104],[120.048479,30.255124],[120.048401,30.25545],[120.048272,30.255432],[120.048212,30.255311],[120.047658,30.255238],[120.04713,30.255497],[120.046989,30.255479],[120.047241,30.255339],[120.047403,30.254956],[120.04734,30.254632],[120.04749,30.254534],[120.04764,30.254169],[120.047709,30.254231],[120.04755,30.254925],[120.047742,30.254966],[120.047832,30.253874],[120.04781,30.253809],[120.047232,30.253765],[120.047673,30.253884],[120.047754,30.253962],[120.047703,30.254029],[120.04692,30.253877],[120.047007,30.253726],[120.046932,30.253527],[120.047109,30.253211],[120.047577,30.253222],[120.047634,30.253155],[120.047541,30.252945],[120.047103,30.25287],[120.047019,30.252722],[120.047083,30.252461],[120.04693,30.252336],[120.04666,30.252362],[120.046624,30.25257],[120.046935,30.252842],[120.046943,30.252974],[120.046597,30.252849],[120.046538,30.252389],[120.046292,30.25223],[120.046558,30.252211],[120.046687,30.251992],[120.046474,30.251902],[120.046091,30.252292],[120.046138,30.252588],[120.046054,30.25272],[120.04547,30.252735],[120.045272,30.252647],[120.045266,30.252958],[120.045144,30.253041],[120.044343,30.252717],[120.044155,30.252743],[120.044086,30.252872],[120.044388,30.253072],[120.045018,30.253092],[120.045102,30.253359],[120.044826,30.253437],[120.044017,30.253403],[120.044098,30.253962],[120.043927,30.254415],[120.043555,30.254392],[120.043408,30.254467],[120.043489,30.254601],[120.043256,30.254557]]]}},{"type":"Feature","properties":{"kind":"water","osmId":"way/899196615"},"geometry":{"type":"Polygon","coordinates":[[[120.04489,30.255304],[120.045211,30.25536],[120.045282,30.255132],[120.045184,30.255032],[120.044955,30.25503],[120.044836,30.255184],[120.04489,30.255304]]]}},{"type":"Feature","properties":{"kind":"water","osmId":"way/899196616"},"geometry":{"type":"Polygon","coordinates":[[[120.045551,30.256323],[120.045929,30.25634],[120.046085,30.255759],[120.046008,30.255659],[120.0457,30.255659],[120.045616,30.256064],[120.045412,30.256134],[120.045395,30.256233],[120.045551,30.256323]]]}},{"type":"Feature","properties":{"kind":"water","osmId":"way/899196617"},"geometry":{"type":"Polygon","coordinates":[[[120.045874,30.255569],[120.04608,30.255622],[120.046194,30.255376],[120.045909,30.255367],[120.045797,30.25547],[120.045874,30.255569]]]}},{"type":"Feature","properties":{"kind":"water","osmId":"way/899196618"},"geometry":{"type":"Polygon","coordinates":[[[120.046698,30.255399],[120.046822,30.255451],[120.046919,30.255358],[120.046827,30.255298],[120.046797,30.255399],[120.046673,30.255189],[120.046229,30.254953],[120.04542,30.254941],[120.045375,30.254994],[120.045601,30.255157],[120.045606,30.255324],[120.045231,30.256094],[120.044837,30.256321],[120.044804,30.256464],[120.045082,30.256634],[120.04537,30.256615],[120.045398,30.256392],[120.045219,30.256216],[120.045542,30.255705],[120.045558,30.255532],[120.045899,30.2552],[120.046698,30.255399]]]}},{"type":"Feature","properties":{"kind":"water","osmId":"way/899196619"},"geometry":{"type":"Polygon","coordinates":[[[120.044667,30.256088],[120.045019,30.256096],[120.044967,30.25595],[120.045067,30.255645],[120.044826,30.255533],[120.044644,30.25584],[120.044478,30.255681],[120.044685,30.255624],[120.044783,30.255469],[120.044721,30.255134],[120.044273,30.254961],[120.044009,30.255536],[120.044134,30.255589],[120.044444,30.255158],[120.044323,30.25575],[120.043984,30.25573],[120.043727,30.255606],[120.043677,30.255817],[120.044002,30.255783],[120.044048,30.25596],[120.044393,30.255921],[120.044667,30.256088]]]}},{"type":"Feature","properties":{"kind":"water","osmId":"way/899224526"},"geometry":{"type":"Polygon","coordinates":[[[120.047218,30.257268],[120.04711,30.257725],[120.04591,30.258144],[120.045711,30.258435],[120.045553,30.258411],[120.045692,30.25801],[120.045505,30.257876],[120.045711,30.257626],[120.045648,30.257197],[120.045155,30.256943],[120.044993,30.257259],[120.044603,30.257533],[120.044516,30.257427],[120.044659,30.256874],[120.044981,30.256689],[120.045342,30.256782],[120.045688,30.257121],[120.046267,30.257358],[120.047141,30.257183],[120.047218,30.257268]]]}},{"type":"Feature","properties":{"kind":"water","osmId":"way/899224527"},"geometry":{"type":"Polygon","coordinates":[[[120.044047,30.257507],[120.044286,30.25753],[120.044497,30.257044],[120.044117,30.257095],[120.043988,30.257404],[120.044047,30.257507]]]}},{"type":"Feature","properties":{"kind":"water","osmId":"way/899224528"},"geometry":{"type":"Polygon","coordinates":[[[120.034627,30.267711],[120.034277,30.267746],[120.034438,30.267277],[120.03435,30.267146],[120.033959,30.267197],[120.033963,30.267086],[120.034438,30.267008],[120.034255,30.265949],[120.034418,30.265861],[120.034317,30.265725],[120.034388,30.265459],[120.034811,30.26485],[120.035297,30.263876],[120.036774,30.260734],[120.036899,30.260389],[120.036858,30.260261],[120.036961,30.26024],[120.037678,30.258777],[120.038123,30.257622],[120.038502,30.257655],[120.039194,30.257098],[120.041403,30.25724],[120.041637,30.257082],[120.042098,30.25713],[120.0423,30.257365],[120.043659,30.257552],[120.04383,30.257424],[120.044183,30.257661],[120.045006,30.257769],[120.04556,30.257735],[120.045505,30.257876],[120.044957,30.257865],[120.041928,30.257405],[120.039494,30.25718],[120.038258,30.257999],[120.03807,30.258223],[120.037147,30.260303],[120.036324,30.261841],[120.035032,30.264893],[120.034888,30.265021],[120.034577,30.26568],[120.034553,30.267443],[120.034627,30.267711]]]}},{"type":"Feature","properties":{"kind":"water","osmId":"way/899224529"},"geometry":{"type":"Polygon","coordinates":[[[120.042433,30.257233],[120.043234,30.2573],[120.043121,30.257114],[120.042886,30.257014],[120.042928,30.256699],[120.042651,30.256584],[120.042455,30.256627],[120.042441,30.256789],[120.042328,30.256835],[120.042402,30.256985],[120.042353,30.257171],[120.042433,30.257233]]]}},{"type":"Feature","properties":{"kind":"water","osmId":"way/899224530"},"geometry":{"type":"Polygon","coordinates":[[[120.043382,30.256666],[120.043585,30.256634],[120.043651,30.256511],[120.043478,30.256329],[120.043382,30.256666]]]}},{"type":"Feature","properties":{"kind":"water","osmId":"way/899224532"},"geometry":{"type":"Polygon","coordinates":[[[120.040665,30.256771],[120.040939,30.256255],[120.040809,30.256184],[120.040583,30.256389],[120.040546,30.256739],[120.040665,30.256771]]]}},{"type":"Feature","properties":{"kind":"water","osmId":"way/899224533"},"geometry":{"type":"Polygon","coordinates":[[[120.040824,30.256825],[120.04111,30.256851],[120.041196,30.256213],[120.041029,30.256226],[120.040824,30.256825]]]}},{"type":"Feature","properties":{"kind":"water","osmId":"way/899224534"},"geometry":{"type":"Polygon","coordinates":[[[120.041196,30.257063],[120.041485,30.257104],[120.041623,30.256995],[120.041968,30.256954],[120.042131,30.256739],[120.041831,30.256495],[120.041901,30.256392],[120.042052,30.256561],[120.042179,30.256424],[120.042067,30.256483],[120.041966,30.256412],[120.042015,30.256306],[120.041852,30.256148],[120.042147,30.256104],[120.042158,30.256022],[120.04177,30.256017],[120.041711,30.256096],[120.041431,30.255976],[120.041294,30.256075],[120.041209,30.256032],[120.041348,30.255967],[120.041403,30.255789],[120.041585,30.25593],[120.041811,30.255701],[120.042115,30.255697],[120.042199,30.255616],[120.042317,30.255211],[120.042115,30.255157],[120.04211,30.255044],[120.042181,30.254958],[120.04238,30.254966],[120.042491,30.25467],[120.042283,30.254733],[120.042347,30.254491],[120.04205,30.254441],[120.041953,30.254597],[120.041886,30.254485],[120.041722,30.254463],[120.041265,30.254514],[120.040994,30.255207],[120.041281,30.255265],[120.041153,30.255474],[120.040789,30.255489],[120.040934,30.255756],[120.041294,30.255875],[120.041235,30.255974],[120.040949,30.255864],[120.040852,30.25595],[120.040927,30.256109],[120.041347,30.256138],[120.041151,30.256709],[120.041196,30.257063]]]}},{"type":"Feature","properties":{"kind":"water","osmId":"way/899465099"},"geometry":{"type":"Polygon","coordinates":[[[120.048215,30.271583],[120.048401,30.271404],[120.048252,30.271336],[120.048289,30.271248],[120.048534,30.271307],[120.048727,30.271232],[120.048709,30.271122],[120.048329,30.270851],[120.04813,30.271354],[120.048215,30.271583]]]}},{"type":"Feature","properties":{"kind":"water","osmId":"way/899465131"},"geometry":{"type":"Polygon","coordinates":[[[120.039168,30.256929],[120.039319,30.256926],[120.0392,30.256184],[120.039255,30.256013],[120.039536,30.255928],[120.039952,30.256027],[120.040047,30.2559],[120.039785,30.255654],[120.040078,30.255572],[120.039596,30.255484],[120.039631,30.25534],[120.040252,30.255384],[120.039987,30.255169],[120.039655,30.255268],[120.039918,30.254949],[120.04002,30.255097],[120.040153,30.255099],[120.040282,30.254784],[120.040129,30.254755],[120.040013,30.254947],[120.039932,30.254922],[120.040031,30.254786],[120.040189,30.254684],[120.040502,30.254735],[120.040941,30.254469],[120.041732,30.254178],[120.041728,30.254099],[120.0414,30.254099],[120.040569,30.253829],[120.040379,30.253966],[120.040328,30.25372],[120.039738,30.253488],[120.039457,30.254728],[120.03939,30.254879],[120.039137,30.254855],[120.039168,30.256929]]]}},{"type":"Feature","properties":{"kind":"water","osmId":"way/899465132"},"geometry":{"type":"Polygon","coordinates":[[[120.040106,30.256167],[120.040399,30.256143],[120.04064,30.255528],[120.040589,30.255466],[120.0403,30.255456],[120.040369,30.255582],[120.040221,30.255952],[120.040023,30.256119],[120.040106,30.256167]]]}},{"type":"Feature","properties":{"kind":"road","osmId":"way/899465133","roadClass":"residential"},"geometry":{"type":"LineString","coordinates":[[120.040388,30.257338],[120.040419,30.257095]]}},{"type":"Feature","properties":{"kind":"water","osmId":"way/899465134"},"geometry":{"type":"Polygon","coordinates":[[[120.040597,30.255292],[120.040734,30.255148],[120.0408,30.254736],[120.041063,30.254683],[120.040862,30.255275],[120.040731,30.255372],[120.040597,30.255292]]]}},{"type":"Feature","properties":{"kind":"water","osmId":"way/899490852"},"geometry":{"type":"Polygon","coordinates":[[[120.044019,30.258447],[120.044258,30.258421],[120.044283,30.258078],[120.044191,30.257866],[120.044044,30.257942],[120.044019,30.258447]]]}},{"type":"Feature","properties":{"kind":"water","osmId":"way/899490853"},"geometry":{"type":"Polygon","coordinates":[[[120.043732,30.258523],[120.043846,30.258516],[120.043901,30.257882],[120.043266,30.257799],[120.04288,30.257879],[120.042854,30.258091],[120.042942,30.258164],[120.043615,30.258218],[120.043732,30.258523]]]}},{"type":"Feature","properties":{"kind":"water","osmId":"way/899490854"},"geometry":{"type":"Polygon","coordinates":[[[120.044489,30.258294],[120.044647,30.258374],[120.045055,30.25831],[120.045055,30.258148],[120.044761,30.258021],[120.044595,30.258167],[120.044364,30.258113],[120.044331,30.258231],[120.044489,30.258294]]]}},{"type":"Feature","properties":{"kind":"water","osmId":"way/899490855"},"geometry":{"type":"Polygon","coordinates":[[[120.04432,30.258589],[120.044614,30.25864],[120.04479,30.258532],[120.04479,30.258424],[120.044408,30.258428],[120.04432,30.258589]]]}},{"type":"Feature","properties":{"kind":"water","osmId":"way/899490856"},"geometry":{"type":"Polygon","coordinates":[[[120.042468,30.258072],[120.042703,30.25811],[120.042803,30.257825],[120.042531,30.257729],[120.04241,30.257923],[120.042468,30.258072]]]}},{"type":"Feature","properties":{"kind":"water","osmId":"way/899490857"},"geometry":{"type":"Polygon","coordinates":[[[120.042828,30.258596],[120.043471,30.258675],[120.043596,30.258612],[120.043593,30.258364],[120.042237,30.25812],[120.042378,30.257834],[120.042226,30.257886],[120.041993,30.25778],[120.041749,30.258017],[120.041598,30.257925],[120.041595,30.2578],[120.041198,30.25786],[120.041353,30.257717],[120.041112,30.257737],[120.041092,30.25799],[120.041201,30.258056],[120.041263,30.257939],[120.041417,30.257933],[120.041475,30.258145],[120.041705,30.258175],[120.041644,30.258523],[120.041729,30.258591],[120.04193,30.258594],[120.042033,30.258225],[120.042207,30.258212],[120.042096,30.258963],[120.042349,30.258973],[120.042451,30.258576],[120.042828,30.258596]]]}},{"type":"Feature","properties":{"kind":"water","osmId":"way/899490858"},"geometry":{"type":"Polygon","coordinates":[[[120.041703,30.258919],[120.041979,30.258897],[120.041964,30.258623],[120.041706,30.25864],[120.041626,30.258909],[120.041703,30.258919]]]}},{"type":"Feature","properties":{"kind":"water","osmId":"way/899490860"},"geometry":{"type":"Polygon","coordinates":[[[120.040947,30.258741],[120.041051,30.258646],[120.041151,30.258175],[120.040995,30.258186],[120.040857,30.258693],[120.040947,30.258741]]]}},{"type":"Feature","properties":{"kind":"water","osmId":"way/899490861"},"geometry":{"type":"Polygon","coordinates":[[[120.041119,30.258752],[120.041277,30.258719],[120.04139,30.258458],[120.041306,30.25824],[120.041185,30.258312],[120.041119,30.258752]]]}},{"type":"Feature","properties":{"kind":"water","osmId":"way/899490862"},"geometry":{"type":"Polygon","coordinates":[[[120.041477,30.258823],[120.041613,30.258554],[120.041512,30.258533],[120.041558,30.258319],[120.0414,30.258495],[120.041372,30.258823],[120.041477,30.258823]]]}},{"type":"Feature","properties":{"kind":"water","osmId":"way/899490864"},"geometry":{"type":"Polygon","coordinates":[[[120.039239,30.258024],[120.039368,30.257991],[120.039443,30.257722],[120.039255,30.257744],[120.039184,30.257932],[120.039239,30.258024]]]}},{"type":"Feature","properties":{"kind":"water","osmId":"way/899490865"},"geometry":{"type":"Polygon","coordinates":[[[120.039709,30.258215],[120.039877,30.257403],[120.039537,30.257537],[120.039372,30.25834],[120.039449,30.258592],[120.039342,30.2592],[120.039394,30.259412],[120.039618,30.259465],[120.039407,30.259477],[120.039398,30.259608],[120.039799,30.259712],[120.039964,30.25965],[120.03988,30.259482],[120.039984,30.259096],[120.040168,30.259037],[120.040344,30.258771],[120.04034,30.258685],[120.040029,30.258559],[120.04024,30.257778],[120.040168,30.257543],[120.040084,30.257557],[120.039896,30.258105],[120.039838,30.258562],[120.039611,30.258514],[120.039709,30.258215]]]}},{"type":"Feature","properties":{"kind":"water","osmId":"way/899490866"},"geometry":{"type":"Polygon","coordinates":[[[120.040165,30.259359],[120.040412,30.25871],[120.041302,30.258844],[120.041296,30.258973],[120.041153,30.259093],[120.040839,30.259037],[120.040803,30.25885],[120.040719,30.259018],[120.040509,30.25897],[120.040237,30.25941],[120.040165,30.259359]]]}},{"type":"Feature","properties":{"kind":"water","osmId":"way/899490868"},"geometry":{"type":"Polygon","coordinates":[[[120.040023,30.260414],[120.040989,30.26056],[120.041187,30.260376],[120.041175,30.260107],[120.040062,30.259947],[120.039929,30.260098],[120.040023,30.260414]]]}},{"type":"Feature","properties":{"kind":"water","osmId":"way/899490869"},"geometry":{"type":"Polygon","coordinates":[[[120.041286,30.260224],[120.041659,30.260168],[120.041737,30.259961],[120.041309,30.259846],[120.041286,30.260224]]]}},{"type":"Feature","properties":{"kind":"water","osmId":"way/899490870"},"geometry":{"type":"Polygon","coordinates":[[[120.041591,30.259804],[120.041869,30.259908],[120.042074,30.259616],[120.041986,30.259449],[120.042086,30.25909],[120.042035,30.259004],[120.04196,30.259018],[120.041889,30.259297],[120.041707,30.259205],[120.041578,30.259404],[120.04128,30.259376],[120.041215,30.259479],[120.041208,30.259768],[120.041487,30.259712],[120.041591,30.259804]]]}},{"type":"Feature","properties":{"kind":"water","osmId":"way/899490871"},"geometry":{"type":"Polygon","coordinates":[[[120.04151,30.259325],[120.041626,30.259023],[120.041568,30.259001],[120.041435,30.259214],[120.04151,30.259325]]]}},{"type":"Feature","properties":{"kind":"water","osmId":"way/899490872"},"geometry":{"type":"Polygon","coordinates":[[[120.041821,30.25916],[120.041908,30.259023],[120.041662,30.259018],[120.041669,30.259152],[120.041821,30.25916]]]}},{"type":"Feature","properties":{"kind":"water","osmId":"way/899490880"},"geometry":{"type":"Polygon","coordinates":[[[120.039614,30.261203],[120.039628,30.260999],[120.040334,30.261067],[120.039921,30.260978],[120.039921,30.260858],[120.040049,30.26077],[120.040543,30.260818],[120.04076,30.260938],[120.040762,30.261031],[120.040483,30.26107],[120.04027,30.26127],[120.039614,30.261203]]]}},{"type":"Feature","properties":{"kind":"waterway","osmId":"way/899490881"},"geometry":{"type":"LineString","coordinates":[[120.038387,30.26348],[120.038761,30.263375],[120.038919,30.263235],[120.039135,30.2622],[120.039833,30.261694],[120.041018,30.261122],[120.041418,30.260512],[120.043018,30.260492],[120.043346,30.260424],[120.043589,30.260258],[120.044609,30.260061],[120.045651,30.258426]]}},{"type":"Feature","properties":{"kind":"road","osmId":"way/899490882","name":"清石滩路","roadClass":"residential"},"geometry":{"type":"LineString","coordinates":[[120.045789,30.258523],[120.046841,30.258447],[120.047274,30.258223],[120.047805,30.258228],[120.048128,30.257609]]}},{"type":"Feature","properties":{"kind":"road","osmId":"way/899490883","name":"清石滩路","roadClass":"residential"},"geometry":{"type":"LineString","coordinates":[[120.045458,30.25846],[120.045789,30.258523]]}},{"type":"Feature","properties":{"kind":"water","osmId":"way/899490885"},"geometry":{"type":"Polygon","coordinates":[[[120.042158,30.259701],[120.042324,30.25968],[120.042332,30.259518],[120.042236,30.259488],[120.042126,30.259592],[120.042158,30.259701]]]}},{"type":"Feature","properties":{"kind":"water","osmId":"way/899490886"},"geometry":{"type":"Polygon","coordinates":[[[120.042919,30.260065],[120.043325,30.260198],[120.043457,30.260176],[120.043623,30.259908],[120.043735,30.259878],[120.044183,30.260002],[120.044369,30.259869],[120.044366,30.259573],[120.043828,30.25954],[120.043626,30.259847],[120.042961,30.25967],[120.042826,30.260027],[120.042919,30.260065]]]}},{"type":"Feature","properties":{"kind":"waterway","osmId":"way/899490887"},"geometry":{"type":"LineString","coordinates":[[120.044609,30.260061],[120.044786,30.260169],[120.044872,30.260489],[120.045304,30.261024],[120.045259,30.261713],[120.045487,30.262336],[120.044608,30.26266],[120.044258,30.262695],[120.043928,30.262568],[120.043572,30.262652],[120.043455,30.262774],[120.043537,30.263665],[120.043273,30.264678],[120.042988,30.264933],[120.042368,30.264924],[120.041784,30.265095],[120.041429,30.265494],[120.041368,30.26578],[120.041332,30.266587],[120.0415,30.267069],[120.041728,30.267311],[120.041576,30.267964],[120.041662,30.268464],[120.041977,30.268574],[120.042561,30.268482],[120.043689,30.268829],[120.044156,30.269096]]}},{"type":"Feature","properties":{"kind":"road","osmId":"way/899490890","name":"听溪路","roadClass":"residential"},"geometry":{"type":"LineString","coordinates":[[120.041643,30.266946],[120.041554,30.266625],[120.041633,30.266058]]}},{"type":"Feature","properties":{"kind":"road","osmId":"way/899490891","name":"花儿桥","roadClass":"residential"},"geometry":{"type":"LineString","coordinates":[[120.041264,30.266973],[120.041643,30.266946]]}},{"type":"Feature","properties":{"kind":"waterway","osmId":"way/899490892"},"geometry":{"type":"LineString","coordinates":[[120.044141,30.270012],[120.044156,30.269096],[120.044363,30.268522],[120.044328,30.26823],[120.04452,30.268062],[120.044584,30.267742]]}},{"type":"Feature","properties":{"kind":"road","osmId":"way/899490893","name":"御田里路","roadClass":"residential"},"geometry":{"type":"LineString","coordinates":[[120.044473,30.267804],[120.043934,30.267806]]}},{"type":"Feature","properties":{"kind":"road","osmId":"way/899490894","name":"御田里路","roadClass":"residential"},"geometry":{"type":"LineString","coordinates":[[120.044676,30.267802],[120.044473,30.267804]]}},{"type":"Feature","properties":{"kind":"waterway","osmId":"way/899490897"},"geometry":{"type":"LineString","coordinates":[[120.042073,30.269371],[120.045378,30.270318],[120.045474,30.270398],[120.045471,30.270907],[120.045567,30.271208],[120.045519,30.271484],[120.045381,30.271628],[120.045074,30.271821],[120.044796,30.271849],[120.044316,30.27207],[120.04341,30.27299],[120.043351,30.273658],[120.043106,30.273945],[120.04277,30.27381],[120.042066,30.274143],[120.042116,30.274837],[120.042296,30.275101],[120.042604,30.275312]]}},{"type":"Feature","properties":{"kind":"waterway","osmId":"way/899490898"},"geometry":{"type":"LineString","coordinates":[[120.045492,30.273397],[120.043795,30.27296],[120.042981,30.272584],[120.041911,30.27238],[120.041416,30.2725]]}},{"type":"Feature","properties":{"kind":"water","osmId":"way/899490899"},"geometry":{"type":"Polygon","coordinates":[[[120.044584,30.267742],[120.04482,30.267584],[120.045204,30.267564],[120.04531,30.267373],[120.045296,30.267099],[120.046132,30.267199],[120.046196,30.266778],[120.045773,30.266708],[120.045768,30.266583],[120.045954,30.266507],[120.04563,30.266366],[120.04486,30.266417],[120.044521,30.266303],[120.044279,30.266615],[120.044259,30.266876],[120.044574,30.266977],[120.044743,30.266603],[120.044901,30.266659],[120.044826,30.267004],[120.044527,30.267237],[120.044584,30.267742]]]}},{"type":"Feature","properties":{"kind":"water","osmId":"way/904453942"},"geometry":{"type":"Polygon","coordinates":[[[120.045887,30.258393],[120.046235,30.258458],[120.046361,30.258363],[120.045943,30.258256],[120.045887,30.258393]]]}},{"type":"Feature","properties":{"kind":"water","osmId":"way/904453943"},"geometry":{"type":"Polygon","coordinates":[[[120.046534,30.258377],[120.046582,30.258251],[120.046477,30.25813],[120.046663,30.258088],[120.046386,30.258023],[120.046121,30.258116],[120.046129,30.258198],[120.046359,30.258219],[120.046534,30.258377]]]}},{"type":"Feature","properties":{"kind":"water","osmId":"way/904453944"},"geometry":{"type":"Polygon","coordinates":[[[120.046674,30.25799],[120.046814,30.258081],[120.047111,30.258042],[120.046617,30.257909],[120.046674,30.25799]]]}},{"type":"Feature","properties":{"kind":"water","osmId":"way/904453948"},"geometry":{"type":"Polygon","coordinates":[[[120.045995,30.261289],[120.046513,30.261293],[120.04678,30.260728],[120.046672,30.260623],[120.046161,30.260623],[120.046032,30.260849],[120.045801,30.260976],[120.04578,30.26125],[120.045995,30.261289]]]}},{"type":"Feature","properties":{"kind":"water","osmId":"way/904453950"},"geometry":{"type":"Polygon","coordinates":[[[120.044228,30.260203],[120.044446,30.260394],[120.044622,30.260195],[120.044742,30.260482],[120.044628,30.260618],[120.044628,30.260799],[120.045152,30.26094],[120.045217,30.26106],[120.045094,30.261183],[120.045131,30.261889],[120.04477,30.261906],[120.044336,30.261672],[120.044259,30.261903],[120.045186,30.262001],[120.045362,30.262246],[120.045584,30.262278],[120.045637,30.262041],[120.045402,30.261953],[120.045387,30.261817],[120.045566,30.261492],[120.04551,30.261167],[120.045689,30.260501],[120.045525,30.260402],[120.044961,30.260434],[120.045011,30.260176],[120.044742,30.260035],[120.044909,30.259816],[120.044888,30.259624],[120.044767,30.259611],[120.044557,30.259947],[120.044228,30.260203]]]}},{"type":"Feature","properties":{"kind":"water","osmId":"way/904453953"},"geometry":{"type":"Polygon","coordinates":[[[120.046292,30.262447],[120.046545,30.262535],[120.046507,30.262598],[120.045808,30.262474],[120.04559,30.26261],[120.045648,30.262726],[120.046105,30.262729],[120.046332,30.262922],[120.046766,30.26297],[120.046851,30.262781],[120.046702,30.262583],[120.046795,30.262487],[120.046795,30.26215],[120.046938,30.261866],[120.047253,30.261835],[120.047253,30.261644],[120.047014,30.261602],[120.046781,30.261835],[120.046455,30.261853],[120.046458,30.262019],[120.046277,30.26224],[120.046292,30.262447]]]}},{"type":"Feature","properties":{"kind":"water","osmId":"way/904453954"},"geometry":{"type":"Polygon","coordinates":[[[120.047518,30.261989],[120.047786,30.261939],[120.047888,30.261624],[120.047366,30.261614],[120.047398,30.261934],[120.047518,30.261989]]]}},{"type":"Feature","properties":{"kind":"water","osmId":"way/904453955"},"geometry":{"type":"Polygon","coordinates":[[[120.047066,30.262344],[120.047532,30.262432],[120.04762,30.262064],[120.047148,30.261921],[120.047066,30.262344]]]}},{"type":"Feature","properties":{"kind":"water","osmId":"way/904453956"},"geometry":{"type":"Polygon","coordinates":[[[120.047474,30.261418],[120.047666,30.26144],[120.04801,30.261189],[120.048094,30.260935],[120.04801,30.260651],[120.047681,30.260535],[120.047395,30.260809],[120.047282,30.26129],[120.047293,30.26137],[120.047474,30.261418]]]}},{"type":"Feature","properties":{"kind":"water","osmId":"way/904453959"},"geometry":{"type":"Polygon","coordinates":[[[120.046139,30.260104],[120.046325,30.260061],[120.046323,30.259966],[120.045838,30.260015],[120.046043,30.260213],[120.046139,30.260104]]]}},{"type":"Feature","properties":{"kind":"water","osmId":"way/904453960"},"geometry":{"type":"Polygon","coordinates":[[[120.046058,30.260539],[120.046359,30.260341],[120.046412,30.26016],[120.046077,30.260242],[120.046098,30.260362],[120.04595,30.26056],[120.046058,30.260539]]]}},{"type":"Feature","properties":{"kind":"water","osmId":"way/904453963"},"geometry":{"type":"Polygon","coordinates":[[[120.049989,30.258338],[120.049487,30.258371],[120.049816,30.258841],[120.049747,30.259],[120.049809,30.259601],[120.049899,30.259733],[120.049006,30.259649],[120.048864,30.259817],[120.0501,30.259972],[120.050182,30.25976],[120.050098,30.260096],[120.050387,30.260142],[120.050522,30.259458],[120.050499,30.258574],[120.050616,30.258496],[120.050498,30.258478],[120.050492,30.258321],[120.049989,30.258338]]]}},{"type":"Feature","properties":{"kind":"water","osmId":"way/904453964"},"geometry":{"type":"Polygon","coordinates":[[[120.049592,30.262085],[120.049383,30.26199],[120.04889,30.262273],[120.04875,30.262229],[120.048773,30.262131],[120.049066,30.262139],[120.049076,30.261994],[120.048865,30.261925],[120.048241,30.261961],[120.048165,30.261886],[120.048271,30.261757],[120.048271,30.26155],[120.048398,30.261465],[120.048825,30.261548],[120.04886,30.261813],[120.048941,30.261728],[120.048896,30.26158],[120.049033,30.261433],[120.049119,30.261433],[120.049225,30.261633],[120.049345,30.260877],[120.049518,30.260826],[120.049628,30.260931],[120.049524,30.261142],[120.049631,30.261425],[120.049926,30.261591],[120.049592,30.262085]]]}},{"type":"Feature","properties":{"kind":"water","osmId":"way/904453965"},"geometry":{"type":"Polygon","coordinates":[[[120.048163,30.262875],[120.048329,30.262857],[120.04856,30.262252],[120.048188,30.262148],[120.048073,30.262217],[120.04798,30.262734],[120.04801,30.262853],[120.048163,30.262875]]]}},{"type":"Feature","properties":{"kind":"water","osmId":"way/904453966"},"geometry":{"type":"Polygon","coordinates":[[[120.048533,30.262975],[120.048523,30.262716],[120.048621,30.262391],[120.048714,30.26235],[120.048766,30.262588],[120.04896,30.262819],[120.048676,30.263009],[120.048533,30.262975]]]}},{"type":"Feature","properties":{"kind":"water","osmId":"way/904453967"},"geometry":{"type":"Polygon","coordinates":[[[120.047605,30.263537],[120.048635,30.263598],[120.048776,30.263507],[120.048807,30.263154],[120.04779,30.262842],[120.047477,30.263005],[120.047404,30.263226],[120.047397,30.263441],[120.047605,30.263537]]]}},{"type":"Feature","properties":{"kind":"water","osmId":"way/904453968"},"geometry":{"type":"Polygon","coordinates":[[[120.046979,30.2633],[120.047244,30.263319],[120.047448,30.262699],[120.047381,30.262481],[120.047116,30.262437],[120.046947,30.262512],[120.04697,30.262842],[120.046842,30.263168],[120.046979,30.2633]]]}},{"type":"Feature","properties":{"kind":"water","osmId":"way/904453969"},"geometry":{"type":"Polygon","coordinates":[[[120.046568,30.264022],[120.046501,30.263926],[120.046785,30.263603],[120.046785,30.263355],[120.046966,30.263361],[120.047235,30.263542],[120.047158,30.263862],[120.047247,30.264248],[120.046568,30.264022]]]}},{"type":"Feature","properties":{"kind":"water","osmId":"way/904453970"},"geometry":{"type":"Polygon","coordinates":[[[120.046229,30.263757],[120.046421,30.26376],[120.046635,30.263496],[120.046734,30.263187],[120.046325,30.263118],[120.046095,30.263228],[120.045961,30.263639],[120.046229,30.263757]]]}},{"type":"Feature","properties":{"kind":"water","osmId":"way/904453971"},"geometry":{"type":"Polygon","coordinates":[[[120.045633,30.263523],[120.045818,30.263576],[120.045984,30.263239],[120.045997,30.263057],[120.045786,30.262898],[120.045508,30.262955],[120.045473,30.263085],[120.045515,30.263391],[120.045633,30.263523]]]}},{"type":"Feature","properties":{"kind":"waterway","osmId":"way/904453972"},"geometry":{"type":"LineString","coordinates":[[120.047766,30.262859],[120.047588,30.262827],[120.047597,30.262736],[120.047715,30.26266],[120.047753,30.262409],[120.047995,30.262076],[120.048249,30.260901],[120.048216,30.260791],[120.048072,30.260757]]}},{"type":"Feature","properties":{"kind":"water","osmId":"way/904465165"},"geometry":{"type":"Polygon","coordinates":[[[120.047755,30.265336],[120.048124,30.265323],[120.048314,30.265026],[120.048388,30.264513],[120.048224,30.264276],[120.047984,30.26435],[120.048089,30.26453],[120.047909,30.264612],[120.047905,30.264888],[120.048099,30.265004],[120.04775,30.265112],[120.047675,30.265263],[120.047755,30.265336]]]}},{"type":"Feature","properties":{"kind":"water","osmId":"way/904465166"},"geometry":{"type":"Polygon","coordinates":[[[120.047431,30.265306],[120.04754,30.265349],[120.047899,30.264492],[120.04763,30.264569],[120.047431,30.265306]]]}},{"type":"Feature","properties":{"kind":"water","osmId":"way/904465167"},"geometry":{"type":"Polygon","coordinates":[[[120.047166,30.265147],[120.047276,30.265138],[120.047411,30.264845],[120.04745,30.264457],[120.047376,30.264423],[120.047261,30.264444],[120.047166,30.265147]]]}},{"type":"Feature","properties":{"kind":"waterway","osmId":"way/904465168"},"geometry":{"type":"LineString","coordinates":[[120.047446,30.264695],[120.047591,30.264727]]}},{"type":"Feature","properties":{"kind":"water","osmId":"way/904465169"},"geometry":{"type":"Polygon","coordinates":[[[120.047803,30.265891],[120.048045,30.265954],[120.048175,30.265385],[120.047919,30.265405],[120.047756,30.265796],[120.047803,30.265891]]]}},{"type":"Feature","properties":{"kind":"waterway","osmId":"way/904465170"},"geometry":{"type":"LineString","coordinates":[[120.048175,30.265385],[120.048124,30.265323]]}},{"type":"Feature","properties":{"kind":"water","osmId":"way/904465171"},"geometry":{"type":"Polygon","coordinates":[[[120.046928,30.26517],[120.047237,30.264354],[120.046992,30.264481],[120.046785,30.265066],[120.046948,30.264366],[120.046908,30.264211],[120.046815,30.264211],[120.046606,30.264323],[120.04634,30.265075],[120.04641,30.265127],[120.046526,30.264983],[120.046599,30.264636],[120.046725,30.264553],[120.046533,30.265115],[120.046656,30.265227],[120.046782,30.265112],[120.046928,30.26517]]]}},{"type":"Feature","properties":{"kind":"water","osmId":"way/904465172"},"geometry":{"type":"Polygon","coordinates":[[[120.046127,30.26521],[120.046217,30.265201],[120.04634,30.264929],[120.046576,30.264165],[120.04623,30.264018],[120.046217,30.264173],[120.046327,30.264116],[120.046383,30.264185],[120.046127,30.26521]]]}},{"type":"Feature","properties":{"kind":"water","osmId":"way/904465173"},"geometry":{"type":"Polygon","coordinates":[[[120.046054,30.264581],[120.046263,30.264395],[120.04625,30.264217],[120.045476,30.264033],[120.045446,30.264251],[120.045299,30.264389],[120.045329,30.264555],[120.045565,30.264558],[120.045678,30.264277],[120.045815,30.264237],[120.045552,30.264682],[120.045562,30.264834],[120.045791,30.264843],[120.046044,30.26426],[120.046139,30.264314],[120.046054,30.264581]]]}},{"type":"Feature","properties":{"kind":"waterway","osmId":"way/904465174"},"geometry":{"type":"LineString","coordinates":[[120.046089,30.264552],[120.046233,30.264669]]}},{"type":"Feature","properties":{"kind":"waterway","osmId":"way/904465175"},"geometry":{"type":"LineString","coordinates":[[120.046227,30.264204],[120.04624,30.264172]]}},{"type":"Feature","properties":{"kind":"waterway","osmId":"way/904465176"},"geometry":{"type":"LineString","coordinates":[[120.047099,30.264794],[120.047201,30.264828]]}},{"type":"Feature","properties":{"kind":"water","osmId":"way/904465177"},"geometry":{"type":"Polygon","coordinates":[[[120.045797,30.2652],[120.046003,30.265253],[120.046096,30.265431],[120.047017,30.265425],[120.046945,30.265241],[120.046453,30.265286],[120.046409,30.265357],[120.046068,30.265283],[120.046017,30.265167],[120.046178,30.26473],[120.046116,30.264635],[120.045948,30.264674],[120.045673,30.265075],[120.045683,30.265179],[120.045797,30.2652]]]}},{"type":"Feature","properties":{"kind":"water","osmId":"way/904465178"},"geometry":{"type":"Polygon","coordinates":[[[120.045192,30.265185],[120.045446,30.265099],[120.04548,30.26465],[120.045202,30.264698],[120.045274,30.264891],[120.045143,30.26503],[120.045192,30.265185]]]}},{"type":"Feature","properties":{"kind":"water","osmId":"way/904465179"},"geometry":{"type":"Polygon","coordinates":[[[120.045033,30.265158],[120.04515,30.264534],[120.045051,30.264534],[120.044961,30.264885],[120.04493,30.265149],[120.045033,30.265158]]]}},{"type":"Feature","properties":{"kind":"water","osmId":"way/904465180"},"geometry":{"type":"Polygon","coordinates":[[[120.045174,30.264502],[120.045418,30.263878],[120.045253,30.263952],[120.045099,30.264451],[120.045174,30.264502]]]}},{"type":"Feature","properties":{"kind":"waterway","osmId":"way/904465181"},"geometry":{"type":"LineString","coordinates":[[120.046217,30.264039],[120.045579,30.264036],[120.045487,30.263812],[120.045356,30.263878]]}},{"type":"Feature","properties":{"kind":"water","osmId":"way/904465182","name":"东关荷塘"},"geometry":{"type":"Polygon","coordinates":[[[120.044332,30.264724],[120.044882,30.264698],[120.045136,30.264219],[120.045198,30.263898],[120.044493,30.263925],[120.044566,30.264124],[120.044108,30.26427],[120.044019,30.264368],[120.044064,30.264561],[120.044332,30.264724]]]}},{"type":"Feature","properties":{"kind":"waterway","osmId":"way/904465183"},"geometry":{"type":"LineString","coordinates":[[120.043359,30.264317],[120.044019,30.26443]]}},{"type":"Feature","properties":{"kind":"water","osmId":"way/904465186"},"geometry":{"type":"Polygon","coordinates":[[[120.044451,30.262634],[120.044342,30.263005],[120.044744,30.263156],[120.044648,30.263201],[120.044517,30.263117],[120.044442,30.263307],[120.044769,30.263432],[120.044985,30.263406],[120.045016,30.263239],[120.044775,30.263138],[120.044689,30.262996],[120.044923,30.263123],[120.045154,30.263034],[120.04514,30.262948],[120.044992,30.262856],[120.044961,30.262716],[120.044793,30.262755],[120.0447,30.262904],[120.044569,30.262871],[120.044608,30.26266],[120.044451,30.262634]]]}},{"type":"Feature","properties":{"kind":"water","osmId":"way/904465187"},"geometry":{"type":"Polygon","coordinates":[[[120.043464,30.263331],[120.043242,30.26323],[120.043304,30.263058],[120.043211,30.262841],[120.043393,30.262734],[120.043369,30.262553],[120.043843,30.262467],[120.043964,30.262575],[120.043592,30.262734],[120.043627,30.263305],[120.043464,30.263331]]]}},{"type":"Feature","properties":{"kind":"water","osmId":"way/904465188"},"geometry":{"type":"Polygon","coordinates":[[[120.044641,30.262538],[120.044758,30.26239],[120.045288,30.262404],[120.045274,30.262556],[120.045095,30.262654],[120.04493,30.262598],[120.044693,30.262711],[120.044608,30.26266],[120.044641,30.262538]]]}},{"type":"Feature","properties":{"kind":"water","osmId":"way/904465192"},"geometry":{"type":"Polygon","coordinates":[[[120.044695,30.26162],[120.044964,30.261544],[120.045032,30.261056],[120.04453,30.261149],[120.044081,30.261035],[120.043879,30.261081],[120.043809,30.260481],[120.043515,30.260485],[120.043673,30.261266],[120.04393,30.261192],[120.044037,30.261486],[120.044186,30.261509],[120.044261,30.261213],[120.044454,30.261192],[120.044438,30.261526],[120.044695,30.26162]]]}},{"type":"Feature","properties":{"kind":"water","osmId":"way/904465193"},"geometry":{"type":"Polygon","coordinates":[[[120.043942,30.260884],[120.044154,30.260904],[120.044136,30.260574],[120.044264,30.260519],[120.04428,30.260392],[120.043937,30.260435],[120.043942,30.260884]]]}},{"type":"Feature","properties":{"kind":"water","osmId":"way/904465194"},"geometry":{"type":"Polygon","coordinates":[[[120.042794,30.261141],[120.042986,30.261132],[120.043142,30.26096],[120.042918,30.260616],[120.041878,30.26096],[120.04191,30.261711],[120.042155,30.261877],[120.042418,30.261868],[120.042514,30.261465],[120.042794,30.261141]]]}},{"type":"Feature","properties":{"kind":"water","osmId":"way/904465195"},"geometry":{"type":"Polygon","coordinates":[[[120.042585,30.26204],[120.042833,30.261954],[120.043085,30.261711],[120.042965,30.261217],[120.042773,30.261362],[120.042897,30.261803],[120.042585,30.26204]]]}},{"type":"Feature","properties":{"kind":"water","osmId":"way/904465196"},"geometry":{"type":"Polygon","coordinates":[[[120.043224,30.261135],[120.043228,30.260904],[120.043338,30.260849],[120.043615,30.261543],[120.043781,30.261622],[120.043711,30.261785],[120.043536,30.261779],[120.043412,30.261227],[120.043224,30.261135]]]}},{"type":"Feature","properties":{"kind":"water","osmId":"way/904465197"},"geometry":{"type":"Polygon","coordinates":[[[120.043206,30.261441],[120.043146,30.261279],[120.043267,30.26119],[120.043295,30.261503],[120.043206,30.261441]]]}},{"type":"Feature","properties":{"kind":"water","osmId":"way/904465198"},"geometry":{"type":"Polygon","coordinates":[[[120.040222,30.262092],[120.040482,30.26212],[120.040619,30.261867],[120.040561,30.261723],[120.040193,30.261667],[120.040066,30.261733],[120.040034,30.261886],[120.040222,30.262092]]]}},{"type":"Feature","properties":{"kind":"water","osmId":"way/904465199"},"geometry":{"type":"Polygon","coordinates":[[[120.0417,30.261517],[120.041798,30.26138],[120.041794,30.261061],[120.041523,30.261127],[120.041527,30.261314],[120.041172,30.261302],[120.041277,30.261477],[120.041516,30.26143],[120.0417,30.261517]]]}},{"type":"Feature","properties":{"kind":"water","osmId":"way/904465201"},"geometry":{"type":"Polygon","coordinates":[[[120.039992,30.26316],[120.040094,30.26317],[120.040211,30.263741],[120.040748,30.263838],[120.040675,30.264267],[120.040864,30.264418],[120.040718,30.265033],[120.040923,30.265128],[120.040463,30.265181],[120.04062,30.265033],[120.040488,30.264781],[120.040656,30.264589],[120.040653,30.264355],[120.040233,30.264166],[120.040299,30.263882],[120.040025,30.263778],[120.039992,30.26316]]]}},{"type":"Feature","properties":{"kind":"water","osmId":"way/904465202"},"geometry":{"type":"Polygon","coordinates":[[[120.040366,30.264469],[120.040494,30.264354],[120.040461,30.26504],[120.040366,30.264469]]]}},{"type":"Feature","properties":{"kind":"water","osmId":"way/904465203"},"geometry":{"type":"Polygon","coordinates":[[[120.040844,30.264356],[120.041161,30.264397],[120.041392,30.26403],[120.041033,30.264023],[120.040992,30.264219],[120.040705,30.264267],[120.040844,30.264356]]]}},{"type":"Feature","properties":{"kind":"water","osmId":"way/904465204"},"geometry":{"type":"Polygon","coordinates":[[[120.041241,30.263386],[120.041615,30.263489],[120.041526,30.2633],[120.041016,30.263254],[120.04101,30.263332],[120.041241,30.263386]]]}},{"type":"Feature","properties":{"kind":"water","osmId":"way/904465205"},"geometry":{"type":"Polygon","coordinates":[[[120.041653,30.263609],[120.041899,30.262959],[120.04188,30.262386],[120.041808,30.263015],[120.041625,30.263225],[120.041653,30.263609]]]}},{"type":"Feature","properties":{"kind":"waterway","osmId":"way/904465221"},"geometry":{"type":"LineString","coordinates":[[120.048518,30.266342],[120.047785,30.266317],[120.047548,30.266462],[120.047478,30.267072],[120.047279,30.267431],[120.047406,30.267542]]}},{"type":"Feature","properties":{"kind":"waterway","osmId":"way/904465222"},"geometry":{"type":"LineString","coordinates":[[120.047546,30.266499],[120.046057,30.26626],[120.043004,30.265965],[120.041419,30.265946]]}},{"type":"Feature","properties":{"kind":"water","osmId":"way/904465223"},"geometry":{"type":"Polygon","coordinates":[[[120.041871,30.265684],[120.042317,30.265692],[120.042343,30.265441],[120.041973,30.265409],[120.042064,30.265237],[120.041892,30.265251],[120.04181,30.265504],[120.041871,30.265684]]]}},{"type":"Feature","properties":{"kind":"water","osmId":"way/904465224"},"geometry":{"type":"Polygon","coordinates":[[[120.042382,30.26571],[120.04238,30.265825],[120.042517,30.265734],[120.042601,30.265208],[120.042529,30.265098],[120.042431,30.265234],[120.042382,30.26571]]]}},{"type":"Feature","properties":{"kind":"water","osmId":"way/904465225"},"geometry":{"type":"Polygon","coordinates":[[[120.042594,30.265882],[120.042774,30.265835],[120.042947,30.265297],[120.042929,30.265875],[120.04303,30.265864],[120.043069,30.265083],[120.042951,30.265267],[120.042876,30.265111],[120.042653,30.265141],[120.042594,30.265882]]]}},{"type":"Feature","properties":{"kind":"water","osmId":"way/904465226"},"geometry":{"type":"Polygon","coordinates":[[[120.043166,30.265058],[120.043227,30.264871],[120.043389,30.264841],[120.043458,30.265135],[120.043375,30.265947],[120.043071,30.265864],[120.043166,30.265058]]]}},{"type":"Feature","properties":{"kind":"water","osmId":"way/904465227"},"geometry":{"type":"Polygon","coordinates":[[[120.043539,30.265936],[120.043638,30.265846],[120.043652,30.265672],[120.043553,30.26561],[120.04368,30.265225],[120.043692,30.265844],[120.043784,30.265944],[120.044032,30.265958],[120.044032,30.265507],[120.044132,30.265588],[120.044141,30.265892],[120.044371,30.26594],[120.044385,30.265311],[120.044433,30.265992],[120.044702,30.266008],[120.044825,30.265261],[120.04486,30.266088],[120.045098,30.266038],[120.045101,30.265538],[120.045182,30.265548],[120.045133,30.265806],[120.045219,30.266042],[120.045184,30.265383],[120.045263,30.265313],[120.045323,30.26597],[120.04555,30.266008],[120.045525,30.265389],[120.045592,30.265347],[120.045624,30.266016],[120.045726,30.266088],[120.045794,30.265309],[120.045715,30.265225],[120.045539,30.265297],[120.04517,30.265243],[120.045156,30.265466],[120.045045,30.265217],[120.044424,30.265161],[120.044394,30.265287],[120.044373,30.265175],[120.044259,30.265169],[120.044113,30.265211],[120.044109,30.2655],[120.04403,30.265159],[120.043506,30.265147],[120.043539,30.265936]]]}},{"type":"Feature","properties":{"kind":"water","osmId":"way/904465228"},"geometry":{"type":"Polygon","coordinates":[[[120.043488,30.265039],[120.043506,30.264899],[120.044065,30.264913],[120.044039,30.265111],[120.043488,30.265039]]]}},{"type":"Feature","properties":{"kind":"waterway","osmId":"way/904465229"},"geometry":{"type":"LineString","coordinates":[[120.043488,30.265039],[120.043389,30.264841]]}},{"type":"Feature","properties":{"kind":"water","osmId":"way/904465230"},"geometry":{"type":"Polygon","coordinates":[[[120.044246,30.265085],[120.044744,30.265067],[120.044748,30.265149],[120.044881,30.265167],[120.044917,30.264843],[120.044139,30.264787],[120.044095,30.265045],[120.044246,30.265085]]]}},{"type":"Feature","properties":{"kind":"water","osmId":"way/904465231"},"geometry":{"type":"Polygon","coordinates":[[[120.045527,30.265175],[120.045601,30.265183],[120.045689,30.264897],[120.045573,30.264891],[120.045527,30.265175]]]}},{"type":"Feature","properties":{"kind":"water","osmId":"way/904465232"},"geometry":{"type":"Polygon","coordinates":[[[120.045899,30.266247],[120.045916,30.265909],[120.046024,30.265722],[120.04642,30.265776],[120.046147,30.265877],[120.046145,30.266273],[120.045899,30.266247]]]}},{"type":"Feature","properties":{"kind":"water","osmId":"way/904465233"},"geometry":{"type":"Polygon","coordinates":[[[120.046517,30.265663],[120.047642,30.265688],[120.047782,30.265412],[120.047192,30.265282],[120.046967,30.265567],[120.046454,30.26552],[120.046414,30.265639],[120.046517,30.265663]]]}},{"type":"Feature","properties":{"kind":"water","osmId":"way/904465234"},"geometry":{"type":"Polygon","coordinates":[[[120.046678,30.266345],[120.046833,30.266224],[120.04684,30.265941],[120.046487,30.265939],[120.046501,30.265756],[120.046744,30.265854],[120.047196,30.265752],[120.047573,30.265831],[120.047624,30.266132],[120.047862,30.266267],[120.0477,30.266352],[120.047627,30.266244],[120.047516,30.266257],[120.047408,30.266002],[120.047104,30.265854],[120.046828,30.266366],[120.046678,30.266345]]]}},{"type":"Feature","properties":{"kind":"water","osmId":"way/904474733"},"geometry":{"type":"Polygon","coordinates":[[[120.04337,30.266826],[120.043828,30.266813],[120.043964,30.266902],[120.044094,30.266778],[120.044087,30.266528],[120.043883,30.266468],[120.043742,30.266725],[120.043759,30.266528],[120.0433,30.266462],[120.042979,30.266582],[120.043025,30.266266],[120.042838,30.266284],[120.042751,30.266618],[120.043002,30.26662],[120.043042,30.266762],[120.04337,30.266826]]]}},{"type":"Feature","properties":{"kind":"water","osmId":"way/904474734"},"geometry":{"type":"Polygon","coordinates":[[[120.042498,30.26663],[120.042642,30.266549],[120.042725,30.266278],[120.042608,30.266312],[120.042498,30.26663]]]}},{"type":"Feature","properties":{"kind":"water","osmId":"way/904474735"},"geometry":{"type":"Polygon","coordinates":[[[120.042236,30.266655],[120.042432,30.266637],[120.04247,30.26635],[120.042195,30.266387],[120.042185,30.266573],[120.0421,30.26649],[120.042076,30.266132],[120.041929,30.266159],[120.041863,30.26628],[120.0417,30.266271],[120.041678,30.266497],[120.041765,30.266519],[120.041834,30.266295],[120.041812,30.266506],[120.041895,30.26662],[120.042185,30.266587],[120.042236,30.266655]]]}},{"type":"Feature","properties":{"kind":"waterway","osmId":"way/904474745"},"geometry":{"type":"LineString","coordinates":[[120.04252,30.266629],[120.042335,30.267662],[120.043537,30.267841],[120.043429,30.268743]]}},{"type":"Feature","properties":{"kind":"water","osmId":"way/904474746"},"geometry":{"type":"Polygon","coordinates":[[[120.042985,30.267742],[120.0429,30.267927],[120.042995,30.267968],[120.042901,30.268145],[120.042779,30.268134],[120.042827,30.267727],[120.042985,30.267742]]]}},{"type":"Feature","properties":{"kind":"water","osmId":"way/904474752"},"geometry":{"type":"Polygon","coordinates":[[[120.042335,30.267662],[120.042985,30.267742],[120.043051,30.267335],[120.042741,30.26729],[120.042525,30.267093],[120.042405,30.267097],[120.042335,30.267662]]]}},{"type":"Feature","properties":{"kind":"water","osmId":"way/904485813"},"geometry":{"type":"Polygon","coordinates":[[[120.045494,30.267603],[120.045372,30.267605],[120.045431,30.2672],[120.045695,30.26724],[120.045777,30.267388],[120.045862,30.267303],[120.046019,30.267355],[120.046041,30.267601],[120.046175,30.267328],[120.046352,30.267297],[120.046479,30.266968],[120.046712,30.267039],[120.046891,30.266719],[120.047129,30.266797],[120.047064,30.2669],[120.046894,30.266922],[120.046887,30.267059],[120.047032,30.267022],[120.046903,30.267228],[120.047356,30.267319],[120.047288,30.267415],[120.046873,30.2673],[120.046698,30.267056],[120.046584,30.267082],[120.04657,30.26731],[120.046793,30.267291],[120.046894,30.267388],[120.046765,30.26776],[120.046672,30.267807],[120.045803,30.267748],[120.045968,30.267606],[120.045928,30.267527],[120.04583,30.267577],[120.045793,30.267437],[120.045628,30.267587],[120.045634,30.267384],[120.045729,30.267361],[120.045621,30.267246],[120.045494,30.267603]]]}},{"type":"Feature","properties":{"kind":"water","osmId":"way/904485814"},"geometry":{"type":"Polygon","coordinates":[[[120.046288,30.267228],[120.046391,30.267055],[120.046297,30.267007],[120.046578,30.266745],[120.046486,30.266681],[120.046352,30.266765],[120.046286,30.267095],[120.046171,30.267152],[120.046288,30.267228]]]}},{"type":"Feature","properties":{"kind":"waterway","osmId":"way/904485815"},"geometry":{"type":"LineString","coordinates":[[120.0462,30.266794],[120.046412,30.266608],[120.046695,30.266699],[120.046789,30.266892]]}},{"type":"Feature","properties":{"kind":"waterway","osmId":"way/904485816"},"geometry":{"type":"LineString","coordinates":[[120.046894,30.267455],[120.047034,30.267608],[120.047365,30.267639]]}},{"type":"Feature","properties":{"kind":"water","osmId":"way/904494647"},"geometry":{"type":"Polygon","coordinates":[[[120.047595,30.267505],[120.047486,30.26743],[120.047611,30.267337],[120.047634,30.267154],[120.047478,30.267072],[120.047487,30.266928],[120.047626,30.266972],[120.047772,30.266809],[120.047891,30.266855],[120.047889,30.266997],[120.047715,30.267208],[120.047954,30.267343],[120.048029,30.267301],[120.047866,30.267188],[120.048039,30.267136],[120.047954,30.266897],[120.048033,30.266896],[120.048241,30.267384],[120.048396,30.267414],[120.048334,30.267487],[120.048063,30.267394],[120.047595,30.267505]]]}},{"type":"Feature","properties":{"kind":"water","osmId":"way/904494649"},"geometry":{"type":"Polygon","coordinates":[[[120.046854,30.267798],[120.047359,30.267823],[120.047026,30.267719],[120.046781,30.267811],[120.046854,30.267798]]]}},{"type":"Feature","properties":{"kind":"waterway","osmId":"way/904494650"},"geometry":{"type":"LineString","coordinates":[[120.046781,30.267811],[120.046516,30.26781]]}},{"type":"Feature","properties":{"kind":"water","osmId":"way/904494655"},"geometry":{"type":"Polygon","coordinates":[[[120.044336,30.268596],[120.04463,30.268485],[120.045051,30.268643],[120.045137,30.268511],[120.046155,30.268869],[120.046329,30.268647],[120.046619,30.268723],[120.0467,30.268912],[120.046459,30.269204],[120.046444,30.269375],[120.046209,30.269412],[120.045648,30.26917],[120.045511,30.269557],[120.045402,30.269633],[120.04601,30.269667],[120.046071,30.270055],[120.046169,30.269925],[120.046822,30.270217],[120.046959,30.270188],[120.047136,30.269966],[120.046884,30.26988],[120.046838,30.269578],[120.047106,30.269327],[120.047015,30.269085],[120.047201,30.26879],[120.046828,30.268593],[120.047259,30.268646],[120.047364,30.268516],[120.04731,30.268402],[120.046537,30.268272],[120.046415,30.268185],[120.046436,30.268019],[120.045863,30.267955],[120.045818,30.268036],[120.045528,30.268022],[120.045519,30.268203],[120.045239,30.268165],[120.045249,30.268089],[120.044901,30.268095],[120.044785,30.268408],[120.044361,30.268441],[120.044336,30.268596]]]}},{"type":"Feature","properties":{"kind":"water","osmId":"way/904494656"},"geometry":{"type":"Polygon","coordinates":[[[120.044573,30.269649],[120.044664,30.269716],[120.044828,30.26963],[120.044903,30.269783],[120.04515,30.2699],[120.045353,30.269682],[120.044895,30.269251],[120.044603,30.269136],[120.044462,30.26921],[120.044626,30.269443],[120.044537,30.269531],[120.044573,30.269649]]]}},{"type":"Feature","properties":{"kind":"water","osmId":"way/904494657"},"geometry":{"type":"Polygon","coordinates":[[[120.047481,30.269459],[120.047845,30.269285],[120.047928,30.269126],[120.047609,30.268906],[120.047825,30.268915],[120.047911,30.269019],[120.048153,30.268975],[120.048247,30.268688],[120.047906,30.268726],[120.047447,30.268602],[120.047424,30.268741],[120.047525,30.268871],[120.047391,30.268986],[120.047297,30.269368],[120.047481,30.269459]]]}},{"type":"Feature","properties":{"kind":"water","osmId":"way/904494658"},"geometry":{"type":"Polygon","coordinates":[[[120.047558,30.268508],[120.047853,30.268553],[120.047881,30.268485],[120.047594,30.268432],[120.047558,30.268508]]]}},{"type":"Feature","properties":{"kind":"waterway","osmId":"way/904494659"},"geometry":{"type":"LineString","coordinates":[[120.047869,30.268541],[120.048035,30.268663]]}},{"type":"Feature","properties":{"kind":"waterway","osmId":"way/904494660"},"geometry":{"type":"LineString","coordinates":[[120.045474,30.270398],[120.046808,30.270773]]}},{"type":"Feature","properties":{"kind":"water","osmId":"way/904557341"},"geometry":{"type":"Polygon","coordinates":[[[120.043967,30.26851],[120.044293,30.268522],[120.044173,30.268264],[120.044407,30.268077],[120.044444,30.267823],[120.043994,30.267834],[120.043926,30.267924],[120.043749,30.268434],[120.043967,30.26851]]]}},{"type":"Feature","properties":{"kind":"water","osmId":"way/904557342"},"geometry":{"type":"Polygon","coordinates":[[[120.043686,30.268679],[120.043734,30.268534],[120.044125,30.268567],[120.044199,30.268801],[120.044153,30.268864],[120.043686,30.268679]]]}},{"type":"Feature","properties":{"kind":"water","osmId":"way/911796453"},"geometry":{"type":"Polygon","coordinates":[[[120.042012,30.268569],[120.042077,30.268668],[120.042784,30.268905],[120.042738,30.269019],[120.042861,30.26906],[120.042972,30.268943],[120.043079,30.268976],[120.043284,30.268698],[120.043207,30.268674],[120.043141,30.268846],[120.042902,30.268939],[120.04282,30.268819],[120.042305,30.268677],[120.042278,30.268496],[120.042012,30.268569]]]}},{"type":"Feature","properties":{"kind":"waterway","osmId":"way/911796454"},"geometry":{"type":"LineString","coordinates":[[120.041679,30.268469],[120.042077,30.269323],[120.041996,30.2697]]}},{"type":"Feature","properties":{"kind":"water","osmId":"way/911796461"},"geometry":{"type":"Polygon","coordinates":[[[120.041184,30.267584],[120.041314,30.267346],[120.041075,30.267193],[120.04091,30.267218],[120.040942,30.267473],[120.041184,30.267584]]]}},{"type":"Feature","properties":{"kind":"water","osmId":"way/911796462"},"geometry":{"type":"Polygon","coordinates":[[[120.041586,30.268311],[120.041626,30.268556],[120.041418,30.268588],[120.041533,30.268474],[120.0414,30.268131],[120.041094,30.268079],[120.040862,30.268189],[120.040781,30.267873],[120.040901,30.267717],[120.041372,30.268019],[120.041583,30.267933],[120.041586,30.268311]]]}},{"type":"Feature","properties":{"kind":"water","osmId":"way/911796463"},"geometry":{"type":"Polygon","coordinates":[[[120.040934,30.268742],[120.04108,30.26865],[120.041036,30.268341],[120.04085,30.268391],[120.040859,30.2687],[120.040934,30.268742]]]}},{"type":"Feature","properties":{"kind":"water","osmId":"way/911796464"},"geometry":{"type":"Polygon","coordinates":[[[120.041115,30.268742],[120.041217,30.268694],[120.041182,30.268349],[120.041115,30.268742]]]}},{"type":"Feature","properties":{"kind":"waterway","osmId":"way/911796465"},"geometry":{"type":"LineString","coordinates":[[120.041045,30.268714],[120.04112,30.268719]]}},{"type":"Feature","properties":{"kind":"waterway","osmId":"way/911796466"},"geometry":{"type":"LineString","coordinates":[[120.041408,30.268546],[120.041064,30.268462]]}},{"type":"Feature","properties":{"kind":"water","osmId":"way/911796474"},"geometry":{"type":"Polygon","coordinates":[[[120.041071,30.269973],[120.041275,30.269685],[120.041211,30.269406],[120.041082,30.269311],[120.040915,30.269455],[120.041071,30.269973]]]}},{"type":"Feature","properties":{"kind":"water","osmId":"way/911817044"},"geometry":{"type":"Polygon","coordinates":[[[120.045941,30.271618],[120.045947,30.27135],[120.045847,30.271552],[120.045941,30.271618]]]}},{"type":"Feature","properties":{"kind":"water","osmId":"way/911817052"},"geometry":{"type":"Polygon","coordinates":[[[120.044457,30.273169],[120.044854,30.273128],[120.045202,30.273268],[120.045057,30.273347],[120.044457,30.273169]]]}},{"type":"Feature","properties":{"kind":"water","osmId":"way/911817053"},"geometry":{"type":"Polygon","coordinates":[[[120.043702,30.272683],[120.044002,30.272689],[120.044159,30.272191],[120.045076,30.271773],[120.044669,30.271779],[120.044173,30.272],[120.043655,30.272596],[120.043702,30.272683]]]}},{"type":"Feature","properties":{"kind":"water","osmId":"way/911817057"},"geometry":{"type":"Polygon","coordinates":[[[120.042572,30.271549],[120.04278,30.271211],[120.042315,30.271075],[120.042194,30.27143],[120.042572,30.271549]]]}},{"type":"Feature","properties":{"kind":"water","osmId":"way/911817058"},"geometry":{"type":"Polygon","coordinates":[[[120.04295,30.271629],[120.042709,30.271563],[120.042855,30.271163],[120.043136,30.271232],[120.043093,30.271395],[120.043663,30.27146],[120.043659,30.271591],[120.043436,30.271762],[120.04295,30.271629]]]}},{"type":"Feature","properties":{"kind":"water","osmId":"way/911817059"},"geometry":{"type":"Polygon","coordinates":[[[120.041176,30.270813],[120.041602,30.270597],[120.041612,30.270428],[120.041411,30.27049],[120.041149,30.27074],[120.041176,30.270813]]]}},{"type":"Feature","properties":{"kind":"water","osmId":"way/911817060"},"geometry":{"type":"Polygon","coordinates":[[[120.041441,30.271231],[120.041723,30.271025],[120.041697,30.27093],[120.041847,30.270743],[120.041522,30.270716],[120.04155,30.270863],[120.041351,30.2712],[120.041441,30.271231]]]}},{"type":"Feature","properties":{"kind":"water","osmId":"way/911817064"},"geometry":{"type":"Polygon","coordinates":[[[120.041312,30.271966],[120.041546,30.271667],[120.041292,30.271468],[120.041237,30.271609],[120.041312,30.271966]]]}},{"type":"Feature","properties":{"kind":"water","osmId":"way/911817065"},"geometry":{"type":"Polygon","coordinates":[[[120.041721,30.272275],[120.041846,30.272237],[120.041873,30.271925],[120.041569,30.271894],[120.041518,30.272177],[120.041721,30.272275]]]}},{"type":"Feature","properties":{"kind":"water","osmId":"way/911819923"},"geometry":{"type":"Polygon","coordinates":[[[120.040655,30.266802],[120.040919,30.266847],[120.040919,30.266281],[120.040787,30.266097],[120.040522,30.266321],[120.040689,30.26639],[120.040655,30.266802]]]}},{"type":"Feature","properties":{"kind":"water","osmId":"way/911819924"},"geometry":{"type":"Polygon","coordinates":[[[120.041419,30.26686],[120.041086,30.266847],[120.04108,30.266728],[120.041281,30.266619],[120.040988,30.266465],[120.04104,30.266058],[120.041298,30.266038],[120.04131,30.265944],[120.041017,30.265819],[120.041011,30.26568],[120.041287,30.265661],[120.041315,30.265537],[120.040689,30.265497],[120.040752,30.265289],[120.04135,30.265274],[120.041666,30.265055],[120.041787,30.265155],[120.041459,30.265626],[120.04153,30.265928],[120.041419,30.26686]]]}},{"type":"Feature","properties":{"kind":"water","osmId":"way/911819925"},"geometry":{"type":"Polygon","coordinates":[[[120.041075,30.265063],[120.041174,30.265047],[120.041075,30.264846],[120.041108,30.264465],[120.040951,30.264596],[120.040911,30.264411],[120.040872,30.264742],[120.040918,30.264653],[120.040984,30.264705],[120.040875,30.264958],[120.041075,30.265063]]]}},{"type":"Feature","properties":{"kind":"water","osmId":"way/911827216"},"geometry":{"type":"Polygon","coordinates":[[[120.050618,30.275407],[120.051024,30.275483],[120.051194,30.275279],[120.051183,30.27507],[120.05092,30.27497],[120.050552,30.275141],[120.050508,30.275354],[120.050618,30.275407]]]}},{"type":"Feature","properties":{"kind":"water","osmId":"way/911827217"},"geometry":{"type":"Polygon","coordinates":[[[120.049371,30.275725],[120.050151,30.27581],[120.050189,30.275663],[120.05014,30.27554],[120.04959,30.275521],[120.049316,30.275592],[120.049371,30.275725]]]}},{"type":"Feature","properties":{"kind":"water","osmId":"way/911827218"},"geometry":{"type":"Polygon","coordinates":[[[120.048343,30.274852],[120.049008,30.274975],[120.049003,30.274548],[120.048437,30.27441],[120.048261,30.274776],[120.048343,30.274852]]]}},{"type":"Feature","properties":{"kind":"water","osmId":"way/911827219"},"geometry":{"type":"Polygon","coordinates":[[[120.04992,30.274581],[120.050002,30.274188],[120.050123,30.274202],[120.050222,30.27432],[120.050112,30.274705],[120.04992,30.274581]]]}},{"type":"Feature","properties":{"kind":"water","osmId":"way/911827221"},"geometry":{"type":"Polygon","coordinates":[[[120.051969,30.274662],[120.052095,30.274145],[120.052403,30.274178],[120.052299,30.274766],[120.05209,30.27478],[120.051969,30.274662]]]}},{"type":"Feature","properties":{"kind":"waterway","osmId":"way/911827222"},"geometry":{"type":"LineString","coordinates":[[120.045849,30.272651],[120.046981,30.273077],[120.047217,30.272831],[120.047366,30.272309],[120.047624,30.272271],[120.047525,30.271794]]}},{"type":"Feature","properties":{"kind":"waterway","osmId":"way/911827223"},"geometry":{"type":"LineString","coordinates":[[120.047366,30.272309],[120.047107,30.271986],[120.047396,30.271651]]}},{"type":"Feature","properties":{"kind":"waterway","osmId":"way/911827224"},"geometry":{"type":"LineString","coordinates":[[120.047247,30.272735],[120.050836,30.273799],[120.051628,30.273946],[120.052047,30.273923],[120.05293,30.274097],[120.053282,30.274273]]}},{"type":"Feature","properties":{"kind":"water","osmId":"way/911827225"},"geometry":{"type":"Polygon","coordinates":[[[120.053161,30.274847],[120.053496,30.275056],[120.053727,30.275113],[120.053826,30.275051],[120.053831,30.274728],[120.053425,30.274197],[120.05321,30.274325],[120.053084,30.274676],[120.053161,30.274847]]]}},{"type":"Feature","properties":{"kind":"water","osmId":"way/911827226"},"geometry":{"type":"Polygon","coordinates":[[[120.053952,30.273936],[120.054375,30.273931],[120.054358,30.273277],[120.053924,30.273243],[120.053886,30.273851],[120.053952,30.273936]]]}},{"type":"Feature","properties":{"kind":"water","osmId":"way/911827227"},"geometry":{"type":"Polygon","coordinates":[[[120.053584,30.27386],[120.053782,30.273874],[120.053853,30.273196],[120.053655,30.273201],[120.053584,30.27386]]]}},{"type":"Feature","properties":{"kind":"water","osmId":"way/911827228"},"geometry":{"type":"Polygon","coordinates":[[[120.053397,30.273917],[120.053534,30.273827],[120.053578,30.273196],[120.05349,30.273139],[120.05332,30.273405],[120.053304,30.273851],[120.053397,30.273917]]]}},{"type":"Feature","properties":{"kind":"water","osmId":"way/911827229"},"geometry":{"type":"Polygon","coordinates":[[[120.052936,30.273846],[120.053057,30.273874],[120.053216,30.27349],[120.053166,30.273172],[120.053392,30.273106],[120.053359,30.272712],[120.053084,30.272807],[120.05304,30.273039],[120.053117,30.273158],[120.052969,30.2734],[120.052936,30.273846]]]}},{"type":"Feature","properties":{"kind":"water","osmId":"way/911827230"},"geometry":{"type":"Polygon","coordinates":[[[120.053952,30.27313],[120.054331,30.273115],[120.054298,30.272546],[120.054172,30.272299],[120.054177,30.272057],[120.054084,30.272034],[120.053853,30.272152],[120.053919,30.272266],[120.05376,30.272342],[120.053743,30.272475],[120.053771,30.273077],[120.053952,30.27313]]]}},{"type":"Feature","properties":{"kind":"water","osmId":"way/911827231"},"geometry":{"type":"Polygon","coordinates":[[[120.053457,30.272027],[120.05358,30.272035],[120.053613,30.271896],[120.053589,30.271354],[120.053453,30.271358],[120.053254,30.271671],[120.05325,30.271938],[120.053457,30.272027]]]}},{"type":"Feature","properties":{"kind":"water","osmId":"way/911827232"},"geometry":{"type":"Polygon","coordinates":[[[120.052388,30.271543],[120.052929,30.271604],[120.053048,30.271521],[120.053102,30.271204],[120.052376,30.271026],[120.052223,30.271397],[120.05224,30.271493],[120.052388,30.271543]]]}},{"type":"Feature","properties":{"kind":"water","osmId":"way/911827233"},"geometry":{"type":"Polygon","coordinates":[[[120.051881,30.272035],[120.052141,30.272027],[120.052269,30.271678],[120.051926,30.271571],[120.051699,30.271992],[120.051881,30.272035]]]}},{"type":"Feature","properties":{"kind":"waterway","osmId":"way/911827235"},"geometry":{"type":"LineString","coordinates":[[120.053514,30.273154],[120.053572,30.27259],[120.053756,30.27237]]}},{"type":"Feature","properties":{"kind":"water","osmId":"way/911827236"},"geometry":{"type":"Polygon","coordinates":[[[120.052281,30.273834],[120.05271,30.273866],[120.052706,30.27367],[120.052842,30.273602],[120.05292,30.273402],[120.052974,30.272658],[120.052161,30.272612],[120.052112,30.272501],[120.052285,30.272248],[120.05193,30.272102],[120.051794,30.272181],[120.051526,30.272776],[120.052391,30.272956],[120.052183,30.27372],[120.052281,30.273834]]]}},{"type":"Feature","properties":{"kind":"water","osmId":"way/911827237"},"geometry":{"type":"Polygon","coordinates":[[[120.051501,30.273757],[120.051748,30.27373],[120.051688,30.27344],[120.05187,30.272895],[120.051527,30.272924],[120.051478,30.273279],[120.051327,30.273463],[120.051501,30.273757]]]}},{"type":"Feature","properties":{"kind":"waterway","osmId":"way/911827238"},"geometry":{"type":"LineString","coordinates":[[120.051098,30.273391],[120.051343,30.273434]]}},{"type":"Feature","properties":{"kind":"water","osmId":"way/911827239"},"geometry":{"type":"Polygon","coordinates":[[[120.052039,30.273804],[120.052125,30.273781],[120.052208,30.273387],[120.051958,30.273418],[120.051945,30.273752],[120.052039,30.273804]]]}},{"type":"Feature","properties":{"kind":"water","osmId":"way/911827240"},"geometry":{"type":"Polygon","coordinates":[[[120.052215,30.273313],[120.052306,30.273032],[120.052213,30.273014],[120.052101,30.273297],[120.052215,30.273313]]]}},{"type":"Feature","properties":{"kind":"waterway","osmId":"way/911827243"},"geometry":{"type":"LineString","coordinates":[[120.052031,30.273357],[120.051932,30.273179],[120.05203,30.272904]]}},{"type":"Feature","properties":{"kind":"water","osmId":"way/911827244"},"geometry":{"type":"Polygon","coordinates":[[[120.051271,30.271493],[120.051614,30.27158],[120.051767,30.271291],[120.052001,30.271147],[120.051987,30.27104],[120.051495,30.270871],[120.051195,30.271275],[120.051175,30.271435],[120.051271,30.271493]]]}},{"type":"Feature","properties":{"kind":"water","osmId":"way/911827245"},"geometry":{"type":"Polygon","coordinates":[[[120.050799,30.271246],[120.051085,30.2712],[120.051075,30.271003],[120.050732,30.271015],[120.050617,30.271192],[120.050799,30.271246]]]}},{"type":"Feature","properties":{"kind":"water","osmId":"way/911827246"},"geometry":{"type":"Polygon","coordinates":[[[120.051777,30.271468],[120.052259,30.270978],[120.052101,30.271493],[120.051801,30.271576],[120.051777,30.271468]]]}},{"type":"Feature","properties":{"kind":"water","osmId":"way/911827247"},"geometry":{"type":"Polygon","coordinates":[[[120.050011,30.271093],[120.05046,30.271147],[120.050612,30.271007],[120.050569,30.270924],[120.050016,30.270846],[120.04993,30.271027],[120.050011,30.271093]]]}},{"type":"Feature","properties":{"kind":"water","osmId":"way/911827248"},"geometry":{"type":"Polygon","coordinates":[[[120.050111,30.270788],[120.050808,30.27092],[120.050889,30.270842],[120.050775,30.270694],[120.050331,30.270496],[120.050135,30.270632],[120.04994,30.270628],[120.049973,30.270755],[120.050111,30.270788]]]}},{"type":"Feature","properties":{"kind":"water","osmId":"way/911827249"},"geometry":{"type":"Polygon","coordinates":[[[120.050961,30.2709],[120.051161,30.270941],[120.051242,30.270838],[120.051357,30.270541],[120.051257,30.270393],[120.051113,30.270384],[120.050961,30.2709]]]}},{"type":"Feature","properties":{"kind":"water","osmId":"way/911827250"},"geometry":{"type":"Polygon","coordinates":[[[120.050436,30.270409],[120.05087,30.270545],[120.050942,30.270446],[120.050899,30.27031],[120.050584,30.270162],[120.050326,30.27017],[120.050264,30.270273],[120.050436,30.270409]]]}},{"type":"Feature","properties":{"kind":"waterway","osmId":"way/911827251"},"geometry":{"type":"LineString","coordinates":[[120.048099,30.270598],[120.048203,30.270211],[120.048541,30.270059],[120.048823,30.269791],[120.049023,30.269387],[120.049186,30.269367],[120.051261,30.270042]]}},{"type":"Feature","properties":{"kind":"water","osmId":"way/911827254"},"geometry":{"type":"Polygon","coordinates":[[[120.048283,30.270479],[120.048746,30.270786],[120.048956,30.270714],[120.048985,30.270609],[120.048956,30.270462],[120.048571,30.270273],[120.048429,30.270252],[120.048278,30.27037],[120.048283,30.270479]]]}},{"type":"Feature","properties":{"kind":"water","osmId":"way/911827255"},"geometry":{"type":"Polygon","coordinates":[[[120.048473,30.270786],[120.048941,30.270866],[120.049048,30.271026],[120.048883,30.271051],[120.048473,30.270786]]]}},{"type":"Feature","properties":{"kind":"water","osmId":"way/911827256"},"geometry":{"type":"Polygon","coordinates":[[[120.049048,30.270714],[120.049228,30.270546],[120.049433,30.27058],[120.049418,30.270782],[120.049282,30.270921],[120.049116,30.270891],[120.049048,30.270714]]]}},{"type":"Feature","properties":{"kind":"water","osmId":"way/911827257"},"geometry":{"type":"Polygon","coordinates":[[[120.049633,30.270967],[120.049735,30.270681],[120.049672,30.270618],[120.04956,30.270664],[120.049467,30.270908],[120.049467,30.270975],[120.049633,30.270967]]]}},{"type":"Feature","properties":{"kind":"water","osmId":"way/911827258"},"geometry":{"type":"Polygon","coordinates":[[[120.048694,30.269898],[120.04879,30.26994],[120.048853,30.270222],[120.048999,30.269911],[120.048823,30.269791],[120.048694,30.269898]]]}},{"type":"Feature","properties":{"kind":"waterway","osmId":"way/911827259"},"geometry":{"type":"LineString","coordinates":[[120.04847,30.270068],[120.048639,30.27021],[120.049116,30.270344],[120.04956,30.270664]]}},{"type":"Feature","properties":{"kind":"water","osmId":"way/911827262"},"geometry":{"type":"Polygon","coordinates":[[[120.049537,30.270324],[120.049959,30.270491],[120.050187,30.270291],[120.049541,30.270076],[120.049351,30.270181],[120.049351,30.270258],[120.049537,30.270324]]]}},{"type":"Feature","properties":{"kind":"water","osmId":"way/911827263"},"geometry":{"type":"Polygon","coordinates":[[[120.049107,30.269792],[120.04936,30.269835],[120.049486,30.269672],[120.049208,30.269486],[120.049052,30.269706],[120.049107,30.269792]]]}},{"type":"Feature","properties":{"kind":"water","osmId":"way/911827264"},"geometry":{"type":"Polygon","coordinates":[[[120.049638,30.269828],[120.05017,30.27009],[120.05033,30.270061],[120.050355,30.269967],[120.050317,30.269803],[120.049609,30.269606],[120.049638,30.269828]]]}},{"type":"Feature","properties":{"kind":"waterway","osmId":"way/911827265"},"geometry":{"type":"LineString","coordinates":[[120.049478,30.269741],[120.049583,30.269763]]}},{"type":"Feature","properties":{"kind":"water","osmId":"way/914167274"},"geometry":{"type":"Polygon","coordinates":[[[120.043103,30.272395],[120.043577,30.272549],[120.043751,30.272174],[120.043304,30.272005],[120.043103,30.272395]]]}},{"type":"Feature","properties":{"kind":"water","osmId":"way/914167275"},"geometry":{"type":"Polygon","coordinates":[[[120.043973,30.271816],[120.04425,30.271839],[120.044432,30.271417],[120.0447,30.2715],[120.044973,30.270788],[120.044196,30.270545],[120.044162,30.270677],[120.044261,30.270826],[120.044092,30.270851],[120.044066,30.270575],[120.043569,30.27037],[120.043503,30.270084],[120.04296,30.26988],[120.042657,30.270378],[120.04294,30.270421],[120.042942,30.270225],[120.043063,30.270127],[120.043015,30.270481],[120.043345,30.270566],[120.043835,30.270909],[120.044398,30.270954],[120.044642,30.271231],[120.044564,30.271286],[120.0438,30.271168],[120.043833,30.271366],[120.044123,30.271503],[120.043884,30.271562],[120.043846,30.271732],[120.043973,30.271816]]]}},{"type":"Feature","properties":{"kind":"water","osmId":"way/914167277"},"geometry":{"type":"Polygon","coordinates":[[[120.044932,30.27122],[120.045324,30.271377],[120.04538,30.270992],[120.045031,30.270936],[120.044932,30.27122]]]}},{"type":"Feature","properties":{"kind":"waterway","osmId":"way/914187930"},"geometry":{"type":"LineString","coordinates":[[120.0438,30.271168],[120.043008,30.270936],[120.042512,30.270647]]}},{"type":"Feature","properties":{"kind":"water","osmId":"way/914187950"},"geometry":{"type":"Polygon","coordinates":[[[120.041996,30.2697],[120.042479,30.269977],[120.042523,30.270205],[120.042395,30.270247],[120.041862,30.270085],[120.041996,30.2697]]]}},{"type":"Feature","properties":{"kind":"water","osmId":"way/914187951"},"geometry":{"type":"Polygon","coordinates":[[[120.04342,30.273434],[120.042867,30.272887],[120.042856,30.272671],[120.043526,30.272868],[120.04341,30.27299],[120.04342,30.273434]]]}},{"type":"Feature","properties":{"kind":"water","osmId":"way/914187952"},"geometry":{"type":"Polygon","coordinates":[[[120.042094,30.273948],[120.042718,30.273687],[120.042785,30.27355],[120.041951,30.273815],[120.042094,30.273948]]]}},{"type":"Feature","properties":{"kind":"water","osmId":"way/914187953"},"geometry":{"type":"Polygon","coordinates":[[[120.041894,30.273762],[120.042559,30.273546],[120.042585,30.273325],[120.042447,30.273258],[120.04193,30.273378],[120.041731,30.273559],[120.041894,30.273762]]]}},{"type":"Feature","properties":{"kind":"waterway","osmId":"way/914187967"},"geometry":{"type":"LineString","coordinates":[[120.055015,30.272476],[120.055143,30.27218],[120.055085,30.271959]]}},{"type":"Feature","properties":{"kind":"water","osmId":"way/922850912"},"geometry":{"type":"Polygon","coordinates":[[[120.049688,30.267887],[120.05,30.268007],[120.050201,30.267734],[120.05036,30.267719],[120.049826,30.267613],[120.049688,30.267887]]]}},{"type":"Feature","properties":{"kind":"water","osmId":"way/922850913"},"geometry":{"type":"Polygon","coordinates":[[[120.048853,30.267743],[120.048986,30.267782],[120.048877,30.267536],[120.049057,30.267502],[120.049077,30.267586],[120.049547,30.267442],[120.049615,30.267252],[120.050175,30.267284],[120.050157,30.266791],[120.049917,30.266824],[120.049985,30.267131],[120.049862,30.267219],[120.049761,30.267066],[120.049753,30.266656],[120.04924,30.266563],[120.049244,30.266899],[120.049591,30.266921],[120.049695,30.267151],[120.049338,30.267018],[120.049197,30.267183],[120.048663,30.267237],[120.048853,30.267743]]]}},{"type":"Feature","properties":{"kind":"water","osmId":"way/922850914"},"geometry":{"type":"Polygon","coordinates":[[[120.050282,30.267392],[120.050715,30.267419],[120.050676,30.266719],[120.050423,30.266732],[120.050326,30.266824],[120.050402,30.266948],[120.050303,30.267081],[120.050282,30.267392]]]}},{"type":"Feature","properties":{"kind":"water","osmId":"way/922850915"},"geometry":{"type":"Polygon","coordinates":[[[120.050871,30.267482],[120.051043,30.267534],[120.051012,30.266698],[120.05138,30.266638],[120.051539,30.2665],[120.050976,30.265645],[120.05066,30.265554],[120.050254,30.265587],[120.050286,30.265731],[120.050543,30.265836],[120.05054,30.26606],[120.05113,30.266051],[120.051143,30.266161],[120.051014,30.266108],[120.050871,30.266181],[120.050831,30.266348],[120.051268,30.26638],[120.050699,30.266433],[120.050717,30.266554],[120.050982,30.266586],[120.050953,30.266641],[120.050538,30.266593],[120.050908,30.266689],[120.050807,30.266805],[120.050871,30.267482]]]}},{"type":"Feature","properties":{"kind":"water","osmId":"way/922850916"},"geometry":{"type":"Polygon","coordinates":[[[120.050265,30.266359],[120.050506,30.266295],[120.050289,30.266177],[120.050178,30.26625],[120.050265,30.266359]]]}},{"type":"Feature","properties":{"kind":"water","osmId":"way/922850943"},"geometry":{"type":"Polygon","coordinates":[[[120.051218,30.267434],[120.051323,30.267468],[120.051272,30.26685],[120.05138,30.267472],[120.051464,30.267587],[120.051574,30.267572],[120.051496,30.266871],[120.051591,30.26692],[120.051611,30.267179],[120.051704,30.267194],[120.051766,30.267152],[120.051685,30.266778],[120.051186,30.266831],[120.051218,30.267434]]]}},{"type":"Feature","properties":{"kind":"water","osmId":"way/922850944"},"geometry":{"type":"Polygon","coordinates":[[[120.051537,30.267769],[120.051916,30.267871],[120.052152,30.267878],[120.052181,30.267799],[120.052238,30.267882],[120.052815,30.267852],[120.052865,30.268064],[120.052997,30.268064],[120.052951,30.267729],[120.052221,30.267767],[120.051596,30.267659],[120.051537,30.267769]]]}},{"type":"Feature","properties":{"kind":"water","osmId":"way/922850945"},"geometry":{"type":"Polygon","coordinates":[[[120.052026,30.26729],[120.052144,30.267398],[120.052088,30.267219],[120.051899,30.267111],[120.052026,30.26729]]]}},{"type":"Feature","properties":{"kind":"water","osmId":"way/922850946"},"geometry":{"type":"Polygon","coordinates":[[[120.052322,30.267256],[120.052671,30.26725],[120.052649,30.267339],[120.052757,30.267359],[120.052808,30.2673],[120.052808,30.267544],[120.052654,30.26756],[120.052689,30.267656],[120.052808,30.267646],[120.052368,30.267638],[120.052514,30.26756],[120.052417,30.267417],[120.052328,30.267467],[120.052356,30.267622],[120.05229,30.267573],[120.052239,30.267346],[120.052322,30.267256]]]}},{"type":"Feature","properties":{"kind":"water","osmId":"way/922850947"},"geometry":{"type":"Polygon","coordinates":[[[120.052241,30.267047],[120.052182,30.267141],[120.052281,30.267213],[120.052068,30.267083],[120.052151,30.267005],[120.052037,30.266866],[120.052279,30.266795],[120.051862,30.266733],[120.051778,30.266523],[120.051954,30.266515],[120.051922,30.266651],[120.052029,30.266616],[120.052009,30.266515],[120.052845,30.266724],[120.05277,30.266877],[120.052601,30.266845],[120.052641,30.266764],[120.052546,30.266709],[120.052482,30.266791],[120.052578,30.266846],[120.052487,30.266851],[120.052546,30.266935],[120.052848,30.266966],[120.052802,30.267165],[120.052295,30.267183],[120.052353,30.267099],[120.052241,30.267047]]]}},{"type":"Feature","properties":{"kind":"water","osmId":"way/922850948"},"geometry":{"type":"Polygon","coordinates":[[[120.052894,30.267136],[120.052933,30.26696],[120.053037,30.26691],[120.052981,30.267451],[120.053049,30.267578],[120.052901,30.267571],[120.052969,30.267354],[120.052894,30.267136]]]}},{"type":"Feature","properties":{"kind":"water","osmId":"way/922850949"},"geometry":{"type":"Polygon","coordinates":[[[120.053145,30.267333],[120.053557,30.267446],[120.053719,30.267236],[120.05383,30.267234],[120.053626,30.267219],[120.053661,30.267126],[120.053504,30.267089],[120.053341,30.267116],[120.053512,30.267225],[120.053438,30.267262],[120.053324,30.267126],[120.053204,30.267227],[120.053165,30.267161],[120.053316,30.267114],[120.053254,30.267083],[120.053076,30.267186],[120.053145,30.267333]]]}},{"type":"Feature","properties":{"kind":"water","osmId":"way/922850950"},"geometry":{"type":"Polygon","coordinates":[[[120.053259,30.267064],[120.05338,30.26708],[120.053417,30.266986],[120.053235,30.266984],[120.053273,30.266883],[120.053111,30.266848],[120.053101,30.266699],[120.05298,30.266728],[120.053085,30.266737],[120.053052,30.266825],[120.052857,30.266756],[120.052953,30.26683],[120.052877,30.26689],[120.053078,30.266831],[120.053099,30.266959],[120.053229,30.26699],[120.053136,30.267036],[120.053259,30.267064]]]}},{"type":"Feature","properties":{"kind":"water","osmId":"way/922850951"},"geometry":{"type":"Polygon","coordinates":[[[120.054249,30.267414],[120.053909,30.26734],[120.053943,30.267181],[120.053673,30.267162],[120.053453,30.267004],[120.053753,30.267122],[120.05373,30.266934],[120.053833,30.266903],[120.053559,30.266959],[120.053304,30.26687],[120.053481,30.266773],[120.053675,30.266845],[120.054172,30.266796],[120.05417,30.267025],[120.053986,30.267202],[120.05411,30.267355],[120.054311,30.267316],[120.054249,30.267414]]]}},{"type":"Feature","properties":{"kind":"water","osmId":"way/922850952"},"geometry":{"type":"Polygon","coordinates":[[[120.053059,30.266358],[120.053418,30.266381],[120.053521,30.266041],[120.053681,30.266043],[120.053709,30.265942],[120.053389,30.265894],[120.053324,30.266016],[120.053088,30.266023],[120.053059,30.266358]]]}},{"type":"Feature","properties":{"kind":"water","osmId":"way/922850953"},"geometry":{"type":"Polygon","coordinates":[[[120.05343,30.265621],[120.0539,30.265788],[120.054085,30.265749],[120.054116,30.265587],[120.054001,30.265634],[120.05403,30.265286],[120.053608,30.265099],[120.053885,30.265112],[120.054184,30.264956],[120.054205,30.264841],[120.053466,30.26456],[120.053293,30.264635],[120.052857,30.264575],[120.052874,30.264693],[120.053211,30.264764],[120.053309,30.264883],[120.052669,30.264739],[120.052698,30.26487],[120.052611,30.264964],[120.053331,30.265322],[120.053394,30.265072],[120.052886,30.264949],[120.052722,30.264793],[120.0533,30.264928],[120.053485,30.264648],[120.053618,30.264671],[120.053483,30.264974],[120.053591,30.265107],[120.053509,30.265374],[120.053861,30.265619],[120.053456,30.265565],[120.053288,30.265399],[120.052512,30.265097],[120.05225,30.265328],[120.052171,30.265532],[120.052659,30.265722],[120.052218,30.265729],[120.052013,30.2656],[120.051789,30.265675],[120.051875,30.265811],[120.052367,30.266035],[120.052293,30.266202],[120.052879,30.266368],[120.052899,30.265838],[120.053171,30.26577],[120.05323,30.26592],[120.05343,30.265621]]]}},{"type":"Feature","properties":{"kind":"water","osmId":"way/922850969"},"geometry":{"type":"Polygon","coordinates":[[[120.054322,30.266455],[120.054473,30.26634],[120.054368,30.266283],[120.054244,30.266376],[120.054322,30.266455]]]}},{"type":"Feature","properties":{"kind":"water","osmId":"way/922860371"},"geometry":{"type":"Polygon","coordinates":[[[120.052958,30.260849],[120.053361,30.260871],[120.053606,30.260682],[120.054003,30.260605],[120.054049,30.260421],[120.053905,30.26008],[120.053698,30.260167],[120.05356,30.260077],[120.053347,30.260431],[120.053122,30.260406],[120.052958,30.260849]]]}},{"type":"Feature","properties":{"kind":"water","osmId":"way/922860373"},"geometry":{"type":"Polygon","coordinates":[[[120.054383,30.261005],[120.054674,30.260963],[120.054792,30.260734],[120.054547,30.260642],[120.054464,30.260719],[120.054432,30.260565],[120.054064,30.260513],[120.054015,30.260586],[120.054162,30.260727],[120.054372,30.260727],[120.054317,30.260893],[120.054383,30.261005]]]}},{"type":"Feature","properties":{"kind":"water","osmId":"way/922860374"},"geometry":{"type":"Polygon","coordinates":[[[120.051725,30.260684],[120.052094,30.260794],[120.052117,30.260388],[120.05199,30.260309],[120.051676,30.260401],[120.051725,30.260684]]]}},{"type":"Feature","properties":{"kind":"water","osmId":"way/922860381"},"geometry":{"type":"Polygon","coordinates":[[[120.051442,30.26142],[120.051882,30.261566],[120.051943,30.261438],[120.05229,30.261331],[120.051905,30.261153],[120.051505,30.261097],[120.051442,30.26142]]]}},{"type":"Feature","properties":{"kind":"water","osmId":"way/922860382"},"geometry":{"type":"Polygon","coordinates":[[[120.051222,30.261834],[120.051391,30.261888],[120.051422,30.262075],[120.051631,30.262169],[120.051724,30.261932],[120.051988,30.261901],[120.052066,30.261647],[120.051938,30.26166],[120.051867,30.261884],[120.051422,30.261642],[120.051248,30.261647],[120.051154,30.261777],[120.051222,30.261834]]]}},{"type":"Feature","properties":{"kind":"water","osmId":"way/922860383"},"geometry":{"type":"Polygon","coordinates":[[[120.050311,30.262136],[120.050802,30.262223],[120.050895,30.262066],[120.050626,30.26193],[120.050837,30.261923],[120.05095,30.261758],[120.050913,30.261399],[120.050545,30.261344],[120.050311,30.262136]]]}},{"type":"Feature","properties":{"kind":"water","osmId":"way/922860384"},"geometry":{"type":"Polygon","coordinates":[[[120.050584,30.261098],[120.050693,30.261263],[120.051063,30.261273],[120.051199,30.261007],[120.051175,30.260781],[120.050883,30.26067],[120.051033,30.260558],[120.051066,30.260184],[120.050725,30.260106],[120.050592,30.260191],[120.050616,30.26028],[120.050902,30.260379],[120.050554,30.260334],[120.050524,30.260621],[120.050431,30.260713],[120.050584,30.261098]]]}},{"type":"Feature","properties":{"kind":"water","osmId":"way/922860385"},"geometry":{"type":"Polygon","coordinates":[[[120.051292,30.260988],[120.051482,30.2608],[120.051726,30.260956],[120.051776,30.260852],[120.051403,30.260729],[120.051292,30.260988]]]}},{"type":"Feature","properties":{"kind":"waterway","osmId":"way/922860386"},"geometry":{"type":"LineString","coordinates":[[120.052103,30.260768],[120.052258,30.260894],[120.052591,30.260943],[120.052746,30.261122]]}},{"type":"Feature","properties":{"kind":"waterway","osmId":"way/922860387"},"geometry":{"type":"LineString","coordinates":[[120.052591,30.260943],[120.052958,30.260849]]}},{"type":"Feature","properties":{"kind":"waterway","osmId":"way/922860388"},"geometry":{"type":"LineString","coordinates":[[120.051085,30.260301],[120.051578,30.260517],[120.051564,30.260757]]}},{"type":"Feature","properties":{"kind":"waterway","osmId":"way/922860389"},"geometry":{"type":"LineString","coordinates":[[120.05161,30.260677],[120.051668,30.260669]]}},{"type":"Feature","properties":{"kind":"water","osmId":"way/922860391"},"geometry":{"type":"Polygon","coordinates":[[[120.054917,30.259789],[120.055635,30.259828],[120.05542,30.259856],[120.055495,30.259998],[120.055385,30.260028],[120.054917,30.259789]]]}},{"type":"Feature","properties":{"kind":"waterway","osmId":"way/922860392"},"geometry":{"type":"LineString","coordinates":[[120.055631,30.259863],[120.055823,30.259896],[120.055992,30.260139],[120.056249,30.260185]]}},{"type":"Feature","properties":{"kind":"waterway","osmId":"way/922860393"},"geometry":{"type":"LineString","coordinates":[[120.055495,30.260014],[120.055992,30.260139]]}},{"type":"Feature","properties":{"kind":"waterway","osmId":"way/922860394"},"geometry":{"type":"LineString","coordinates":[[120.055537,30.260032],[120.05593,30.260058]]}},{"type":"Feature","properties":{"kind":"water","osmId":"way/922860396"},"geometry":{"type":"Polygon","coordinates":[[[120.05413,30.261403],[120.05469,30.261406],[120.05476,30.261321],[120.054541,30.26117],[120.054093,30.261113],[120.05406,30.261365],[120.05413,30.261403]]]}},{"type":"Feature","properties":{"kind":"water","osmId":"way/922860397"},"geometry":{"type":"Polygon","coordinates":[[[120.053052,30.261617],[120.053529,30.261582],[120.053696,30.261227],[120.05327,30.261164],[120.053085,30.261236],[120.052815,30.261076],[120.052618,30.261466],[120.052699,30.261733],[120.052578,30.26167],[120.052557,30.261463],[120.052393,30.261403],[120.052156,30.261635],[120.05216,30.261871],[120.05204,30.262107],[120.051825,30.262098],[120.05177,30.262261],[120.051941,30.262415],[120.0522,30.262252],[120.052451,30.262236],[120.052345,30.262],[120.052418,30.261843],[120.052578,30.261771],[120.052713,30.261852],[120.05275,30.262044],[120.052648,30.262312],[120.05275,30.262296],[120.052808,30.262101],[120.052913,30.262154],[120.052906,30.262302],[120.05311,30.262359],[120.053219,30.262173],[120.053682,30.262315],[120.053736,30.262268],[120.053631,30.261994],[120.053809,30.261789],[120.05476,30.261947],[120.054872,30.26189],[120.054912,30.261679],[120.05429,30.261491],[120.054108,30.261566],[120.054024,30.26173],[120.053722,30.261692],[120.053416,30.261818],[120.05299,30.261723],[120.052917,30.261821],[120.053023,30.26195],[120.05319,30.261972],[120.053285,30.261856],[120.053394,30.261922],[120.053285,30.262126],[120.053037,30.262038],[120.052911,30.262087],[120.052812,30.262001],[120.052757,30.261645],[120.052867,30.261147],[120.052952,30.261185],[120.052896,30.26153],[120.053052,30.261617]]]}},{"type":"Feature","properties":{"kind":"water","osmId":"way/922860398"},"geometry":{"type":"Polygon","coordinates":[[[120.055022,30.262047],[120.055171,30.261849],[120.055507,30.26193],[120.05552,30.262062],[120.055206,30.262213],[120.055,30.262163],[120.055022,30.262047]]]}},{"type":"Feature","properties":{"kind":"water","osmId":"way/922860399"},"geometry":{"type":"Polygon","coordinates":[[[120.055215,30.261481],[120.055018,30.261485],[120.05504,30.261651],[120.05552,30.261795],[120.055283,30.261651],[120.055215,30.261481]]]}},{"type":"Feature","properties":{"kind":"water","osmId":"way/922860400"},"geometry":{"type":"Polygon","coordinates":[[[120.054052,30.262102],[120.054716,30.262125],[120.054441,30.261977],[120.05401,30.262053],[120.054052,30.262102]]]}},{"type":"Feature","properties":{"kind":"water","osmId":"way/922860401"},"geometry":{"type":"Polygon","coordinates":[[[120.054652,30.263247],[120.054984,30.263396],[120.055163,30.263297],[120.055163,30.263208],[120.054675,30.262954],[120.055098,30.263033],[120.055018,30.262924],[120.055053,30.262749],[120.055221,30.26264],[120.055137,30.262479],[120.0549,30.262449],[120.054732,30.262535],[120.054468,30.26301],[120.054476,30.263165],[120.054652,30.263247]]]}},{"type":"Feature","properties":{"kind":"water","osmId":"way/922860402"},"geometry":{"type":"Polygon","coordinates":[[[120.054289,30.262215],[120.05477,30.262337],[120.054556,30.262538],[120.054094,30.262521],[120.054476,30.26267],[120.054461,30.262762],[120.054212,30.262776],[120.053991,30.262591],[120.054071,30.262254],[120.054289,30.262215]]]}},{"type":"Feature","properties":{"kind":"water","osmId":"way/922860403"},"geometry":{"type":"Polygon","coordinates":[[[120.051962,30.263037],[120.052159,30.26302],[120.05222,30.26272],[120.052146,30.262615],[120.051744,30.262515],[120.05183,30.262421],[120.051475,30.262292],[120.051402,30.26265],[120.051614,30.262558],[120.051817,30.262727],[120.05182,30.262624],[120.051926,30.262589],[120.051873,30.262983],[120.051962,30.263037]]]}},{"type":"Feature","properties":{"kind":"water","osmId":"way/922860404"},"geometry":{"type":"Polygon","coordinates":[[[120.051336,30.26325],[120.051331,30.263324],[120.05164,30.263337],[120.051711,30.263151],[120.051541,30.263072],[120.051336,30.26325]]]}},{"type":"Feature","properties":{"kind":"water","osmId":"way/922860405"},"geometry":{"type":"Polygon","coordinates":[[[120.051718,30.263541],[120.051822,30.263171],[120.052108,30.26323],[120.051989,30.26356],[120.051718,30.263541]]]}},{"type":"Feature","properties":{"kind":"water","osmId":"way/922860406"},"geometry":{"type":"Polygon","coordinates":[[[120.052106,30.263488],[120.052369,30.262782],[120.052559,30.262838],[120.052696,30.262773],[120.052671,30.263035],[120.052615,30.262893],[120.052392,30.263016],[120.052321,30.263486],[120.052151,30.263593],[120.052042,30.263549],[120.052106,30.263488]]]}},{"type":"Feature","properties":{"kind":"water","osmId":"way/922860407"},"geometry":{"type":"Polygon","coordinates":[[[120.052749,30.263178],[120.052987,30.262817],[120.053187,30.262841],[120.053207,30.262933],[120.052974,30.263223],[120.052736,30.263256],[120.052749,30.263178]]]}},{"type":"Feature","properties":{"kind":"water","osmId":"way/922860408"},"geometry":{"type":"Polygon","coordinates":[[[120.052554,30.263451],[120.053445,30.263514],[120.053967,30.264087],[120.054357,30.264346],[120.054271,30.264667],[120.05395,30.264647],[120.054008,30.264378],[120.053934,30.264354],[120.053734,30.264551],[120.053529,30.264479],[120.053585,30.264245],[120.053777,30.264131],[120.053704,30.264028],[120.053851,30.264201],[120.053932,30.26417],[120.053737,30.263917],[120.053121,30.263748],[120.052833,30.263545],[120.052746,30.263698],[120.052547,30.263737],[120.052486,30.263512],[120.052554,30.263451]]]}},{"type":"Feature","properties":{"kind":"water","osmId":"way/922860410"},"geometry":{"type":"Polygon","coordinates":[[[120.052961,30.264471],[120.053126,30.264528],[120.053372,30.264452],[120.0535,30.264135],[120.053346,30.264],[120.053167,30.264012],[120.052961,30.264471]]]}},{"type":"Feature","properties":{"kind":"water","osmId":"way/922860411"},"geometry":{"type":"Polygon","coordinates":[[[120.052067,30.263695],[120.052665,30.26391],[120.052462,30.263998],[120.051996,30.263902],[120.051848,30.264089],[120.051716,30.264083],[120.051713,30.26395],[120.051432,30.263695],[120.052067,30.263695]]]}},{"type":"Feature","properties":{"kind":"water","osmId":"way/922860412"},"geometry":{"type":"Polygon","coordinates":[[[120.052505,30.2644],[120.052659,30.264416],[120.052976,30.264169],[120.053078,30.264067],[120.05305,30.263894],[120.052887,30.263897],[120.052471,30.264177],[120.052406,30.264371],[120.052505,30.2644]]]}},{"type":"Feature","properties":{"kind":"water","osmId":"way/922860413"},"geometry":{"type":"Polygon","coordinates":[[[120.051454,30.264224],[120.051946,30.264411],[120.051548,30.264393],[120.051213,30.264141],[120.051454,30.264224]]]}},{"type":"Feature","properties":{"kind":"water","osmId":"way/922860414"},"geometry":{"type":"Polygon","coordinates":[[[120.050336,30.264151],[120.050294,30.263938],[120.05071,30.264022],[120.05068,30.264089],[120.050469,30.264061],[120.050345,30.26428],[120.050267,30.26417],[120.050336,30.264151]]]}},{"type":"Feature","properties":{"kind":"water","osmId":"way/922860415"},"geometry":{"type":"Polygon","coordinates":[[[120.050615,30.264308],[120.051345,30.264488],[120.051241,30.264833],[120.051116,30.264911],[120.050508,30.264749],[120.051168,30.265001],[120.051071,30.265082],[120.051116,30.265163],[120.051335,30.26525],[120.051213,30.265511],[120.051686,30.265259],[120.052103,30.265361],[120.052175,30.265488],[120.05204,30.265553],[120.051502,30.265505],[120.051199,30.265638],[120.0509,30.265415],[120.051002,30.265159],[120.050945,30.265],[120.050595,30.264902],[120.050515,30.264905],[120.050883,30.265143],[120.050834,30.265394],[120.050699,30.265451],[120.050348,30.265358],[120.050292,30.265118],[120.050455,30.264899],[120.050309,30.264812],[120.050431,30.264704],[120.050278,30.264662],[120.050393,30.264326],[120.050615,30.264308]]]}},{"type":"Feature","properties":{"kind":"water","osmId":"way/922860416"},"geometry":{"type":"Polygon","coordinates":[[[120.051791,30.265195],[120.05208,30.26531],[120.052395,30.265081],[120.05201,30.264827],[120.051811,30.264832],[120.051695,30.265139],[120.051791,30.265195]]]}},{"type":"Feature","properties":{"kind":"water","osmId":"way/922860417"},"geometry":{"type":"Polygon","coordinates":[[[120.05228,30.264859],[120.052383,30.264805],[120.052342,30.264551],[120.052206,30.264685],[120.05228,30.264859]]]}},{"type":"Feature","properties":{"kind":"water","osmId":"way/922860418"},"geometry":{"type":"Polygon","coordinates":[[[120.051523,30.265244],[120.05145,30.26504],[120.051681,30.264922],[120.051523,30.265244]]]}},{"type":"Feature","properties":{"kind":"water","osmId":"way/922860419"},"geometry":{"type":"Polygon","coordinates":[[[120.051547,30.26589],[120.051779,30.26585],[120.051673,30.265589],[120.051415,30.265694],[120.0514,30.265832],[120.051547,30.26589]]]}},{"type":"Feature","properties":{"kind":"water","osmId":"way/922860420"},"geometry":{"type":"Polygon","coordinates":[[[120.05174,30.26593],[120.05216,30.265997],[120.05225,30.26615],[120.051652,30.266101],[120.051516,30.265994],[120.051456,30.266075],[120.051199,30.265638],[120.051477,30.265979],[120.05174,30.26593]]]}},{"type":"Feature","properties":{"kind":"water","osmId":"way/922860422"},"geometry":{"type":"Polygon","coordinates":[[[120.049884,30.263466],[120.050383,30.263569],[120.050601,30.262874],[120.049984,30.262826],[120.049828,30.263283],[120.049884,30.263466]]]}},{"type":"Feature","properties":{"kind":"water","osmId":"way/922860423"},"geometry":{"type":"Polygon","coordinates":[[[120.050071,30.262691],[120.050464,30.262772],[120.050563,30.262686],[120.050507,30.262594],[120.050096,30.262508],[120.049996,30.262535],[120.050071,30.262691]]]}},{"type":"Feature","properties":{"kind":"water","osmId":"way/922860424"},"geometry":{"type":"Polygon","coordinates":[[[120.050314,30.262476],[120.050657,30.26254],[120.050713,30.262363],[120.050314,30.262223],[120.050246,30.262406],[120.050314,30.262476]]]}},{"type":"Feature","properties":{"kind":"water","osmId":"way/922860427"},"geometry":{"type":"Polygon","coordinates":[[[120.051096,30.263652],[120.05116,30.263205],[120.05125,30.263206],[120.051234,30.263502],[120.051095,30.263781],[120.051096,30.263652]]]}},{"type":"Feature","properties":{"kind":"waterway","osmId":"way/922860429"},"geometry":{"type":"LineString","coordinates":[[120.050228,30.265623],[120.049826,30.265162],[120.049509,30.264972]]}},{"type":"Feature","properties":{"kind":"water","osmId":"way/922860430"},"geometry":{"type":"Polygon","coordinates":[[[120.049463,30.263896],[120.04968,30.264028],[120.050181,30.263976],[120.050063,30.264374],[120.050096,30.264821],[120.049924,30.264852],[120.049667,30.26474],[120.049729,30.264529],[120.04961,30.264529],[120.049525,30.264617],[120.049553,30.264937],[120.049659,30.26486],[120.049786,30.264912],[120.049679,30.265055],[120.049117,30.264972],[120.049068,30.265089],[120.049439,30.265103],[120.049447,30.265388],[120.04919,30.265525],[120.048999,30.265504],[120.049113,30.265183],[120.048795,30.264986],[120.048853,30.264806],[120.048877,30.264888],[120.04904,30.264867],[120.049109,30.264595],[120.048961,30.264591],[120.049463,30.263896]]]}},{"type":"Feature","properties":{"kind":"water","osmId":"way/922860431"},"geometry":{"type":"Polygon","coordinates":[[[120.048577,30.265512],[120.048655,30.265577],[120.048827,30.265475],[120.048999,30.265504],[120.048864,30.265767],[120.048891,30.265958],[120.049058,30.266036],[120.049112,30.266255],[120.049294,30.265999],[120.049429,30.266023],[120.04937,30.266389],[120.049074,30.266468],[120.048988,30.266705],[120.048768,30.266566],[120.048655,30.266348],[120.048522,30.26639],[120.048508,30.266223],[120.048762,30.266218],[120.048773,30.266125],[120.048698,30.266032],[120.048501,30.266139],[120.048577,30.265512]]]}},{"type":"Feature","properties":{"kind":"water","osmId":"way/922860432"},"geometry":{"type":"Polygon","coordinates":[[[120.048946,30.26807],[120.049343,30.268265],[120.04996,30.268079],[120.050279,30.268299],[120.050261,30.268494],[120.050534,30.268639],[120.050512,30.26872],[120.050286,30.268853],[120.050143,30.268739],[120.049949,30.268785],[120.049931,30.268534],[120.049726,30.268351],[120.049579,30.268391],[120.049601,30.268525],[120.049353,30.268624],[120.049185,30.268838],[120.048971,30.268785],[120.048888,30.268745],[120.048946,30.26807]]]}},{"type":"Feature","properties":{"kind":"water","osmId":"way/922860433"},"geometry":{"type":"Polygon","coordinates":[[[120.050623,30.269061],[120.050756,30.268992],[120.050806,30.268819],[120.050749,30.268621],[120.05058,30.268686],[120.050494,30.268881],[120.050623,30.269061]]]}},{"type":"Feature","properties":{"kind":"water","osmId":"way/922868859"},"geometry":{"type":"Polygon","coordinates":[[[120.050453,30.269659],[120.050581,30.269541],[120.05089,30.269643],[120.051233,30.269772],[120.051289,30.26996],[120.050753,30.269849],[120.050453,30.269659]]]}},{"type":"Feature","properties":{"kind":"water","osmId":"way/922868860"},"geometry":{"type":"Polygon","coordinates":[[[120.050544,30.269485],[120.05126,30.269742],[120.05137,30.269453],[120.050898,30.269251],[120.050562,30.269304],[120.050544,30.269485]]]}},{"type":"Feature","properties":{"kind":"water","osmId":"way/922868861"},"geometry":{"type":"Polygon","coordinates":[[[120.050214,30.269629],[120.050404,30.269476],[120.050434,30.269182],[120.050308,30.269091],[120.050184,30.269179],[120.050214,30.269629]]]}},{"type":"Feature","properties":{"kind":"water","osmId":"way/922868862"},"geometry":{"type":"Polygon","coordinates":[[[120.049876,30.269325],[120.050149,30.269138],[120.049881,30.269082],[120.049793,30.269302],[120.049876,30.269325]]]}},{"type":"Feature","properties":{"kind":"water","osmId":"way/922868863"},"geometry":{"type":"Polygon","coordinates":[[[120.050805,30.268423],[120.050746,30.268553],[120.050825,30.268608],[120.050995,30.268351],[120.051348,30.268362],[120.05132,30.267848],[120.050663,30.267684],[120.050563,30.267766],[120.050556,30.268204],[120.050857,30.268314],[120.050805,30.268423]]]}},{"type":"Feature","properties":{"kind":"water","osmId":"way/922868864"},"geometry":{"type":"Polygon","coordinates":[[[120.051796,30.267995],[120.052097,30.26793],[120.0522,30.268252],[120.052779,30.268266],[120.052795,30.268591],[120.052315,30.268625],[120.052232,30.268303],[120.052133,30.268594],[120.051756,30.268591],[120.051891,30.26867],[120.052303,30.268663],[120.052458,30.268779],[120.052482,30.269073],[120.052287,30.269108],[120.051653,30.268906],[120.05163,30.268646],[120.051709,30.268584],[120.051534,30.268512],[120.051594,30.268615],[120.051523,30.268837],[120.051209,30.269186],[120.051087,30.269159],[120.05115,30.268594],[120.051459,30.268533],[120.051641,30.267971],[120.051796,30.267995]]]}},{"type":"Feature","properties":{"kind":"water","osmId":"way/922868865"},"geometry":{"type":"Polygon","coordinates":[[[120.052323,30.268163],[120.052759,30.268136],[120.052775,30.267944],[120.052232,30.26792],[120.0522,30.268153],[120.052323,30.268163]]]}},{"type":"Feature","properties":{"kind":"water","osmId":"way/922868866"},"geometry":{"type":"Polygon","coordinates":[[[120.051709,30.269279],[120.052371,30.269368],[120.052632,30.269292],[120.052509,30.269166],[120.052168,30.269142],[120.051586,30.268919],[120.051495,30.268964],[120.051483,30.26921],[120.051709,30.269279]]]}},{"type":"Feature","properties":{"kind":"water","osmId":"way/922868867"},"geometry":{"type":"Polygon","coordinates":[[[120.051503,30.26972],[120.051669,30.269895],[120.051998,30.26984],[120.051935,30.269665],[120.051713,30.269559],[120.051542,30.269566],[120.051503,30.26972]]]}},{"type":"Feature","properties":{"kind":"water","osmId":"way/922868868"},"geometry":{"type":"Polygon","coordinates":[[[120.050556,30.270059],[120.051031,30.270128],[120.050583,30.269926],[120.050556,30.270059]]]}},{"type":"Feature","properties":{"kind":"water","osmId":"way/922868869"},"geometry":{"type":"Polygon","coordinates":[[[120.052006,30.270648],[120.052279,30.270905],[120.052604,30.270945],[120.05239,30.270843],[120.052307,30.270542],[120.051875,30.270394],[120.051776,30.270189],[120.051289,30.270011],[120.051027,30.270087],[120.051471,30.270514],[120.052006,30.270648]]]}},{"type":"Feature","properties":{"kind":"water","osmId":"way/922868874"},"geometry":{"type":"Polygon","coordinates":[[[120.053496,30.268936],[120.053908,30.268936],[120.053991,30.268861],[120.053976,30.268392],[120.053488,30.268406],[120.053512,30.268495],[120.053944,30.268509],[120.0535,30.268543],[120.053405,30.268837],[120.053496,30.268936]]]}},{"type":"Feature","properties":{"kind":"water","osmId":"way/922868875"},"geometry":{"type":"Polygon","coordinates":[[[120.053017,30.2683],[120.053017,30.268187],[120.053429,30.268225],[120.053342,30.268601],[120.053405,30.268697],[120.053116,30.268533],[120.053017,30.2683]]]}},{"type":"Feature","properties":{"kind":"water","osmId":"way/922868876"},"geometry":{"type":"Polygon","coordinates":[[[120.053516,30.268105],[120.053988,30.26818],[120.054015,30.268362],[120.05393,30.268368],[120.053928,30.268266],[120.053516,30.268262],[120.053516,30.268105]]]}},{"type":"Feature","properties":{"kind":"water","osmId":"way/922868877"},"geometry":{"type":"Polygon","coordinates":[[[120.053167,30.268088],[120.053405,30.268088],[120.053437,30.267992],[120.05312,30.267923],[120.053167,30.268088]]]}},{"type":"Feature","properties":{"kind":"water","osmId":"way/922868878"},"geometry":{"type":"Polygon","coordinates":[[[120.05346,30.267817],[120.053603,30.267982],[120.054039,30.26805],[120.053968,30.267879],[120.053793,30.267886],[120.053674,30.267735],[120.05321,30.267795],[120.05346,30.267817]]]}},{"type":"Feature","properties":{"kind":"waterway","osmId":"way/922868879"},"geometry":{"type":"LineString","coordinates":[[120.052496,30.267646],[120.053212,30.267806]]}},{"type":"Feature","properties":{"kind":"water","osmId":"way/922868880"},"geometry":{"type":"Polygon","coordinates":[[[120.053513,30.269058],[120.054071,30.269109],[120.053833,30.269226],[120.05347,30.269212],[120.053448,30.269053],[120.053513,30.269058]]]}},{"type":"Feature","properties":{"kind":"water","osmId":"way/922868881"},"geometry":{"type":"Polygon","coordinates":[[[120.053546,30.269535],[120.053952,30.269474],[120.05405,30.269338],[120.053535,30.269263],[120.053427,30.269493],[120.053546,30.269535]]]}},{"type":"Feature","properties":{"kind":"water","osmId":"way/922868882"},"geometry":{"type":"Polygon","coordinates":[[[120.053562,30.269783],[120.053887,30.269815],[120.053968,30.269582],[120.053838,30.269521],[120.053708,30.269628],[120.053394,30.269619],[120.053389,30.26975],[120.053562,30.269783]]]}},{"type":"Feature","properties":{"kind":"water","osmId":"way/922868883"},"geometry":{"type":"Polygon","coordinates":[[[120.053578,30.270377],[120.053898,30.270391],[120.053914,30.269918],[120.053399,30.269895],[120.053324,30.270335],[120.053578,30.270377]]]}},{"type":"Feature","properties":{"kind":"water","osmId":"way/922868884"},"geometry":{"type":"Polygon","coordinates":[[[120.05351,30.270423],[120.05369,30.270484],[120.053734,30.270613],[120.053462,30.270927],[120.053317,30.270923],[120.053374,30.270431],[120.05351,30.270423]]]}},{"type":"Feature","properties":{"kind":"waterway","osmId":"way/922868885"},"geometry":{"type":"LineString","coordinates":[[120.05369,30.270484],[120.053858,30.270501]]}},{"type":"Feature","properties":{"kind":"waterway","osmId":"way/922868892"},"geometry":{"type":"LineString","coordinates":[[120.056701,30.267963],[120.056923,30.267983]]}},{"type":"Feature","properties":{"kind":"waterway","osmId":"way/922868893"},"geometry":{"type":"LineString","coordinates":[[120.057268,30.268187],[120.057548,30.268201]]}},{"type":"Feature","properties":{"kind":"waterway","osmId":"way/922868909"},"geometry":{"type":"LineString","coordinates":[[120.056117,30.273176],[120.055977,30.272757]]}},{"type":"Feature","properties":{"kind":"water","osmId":"way/922868936"},"geometry":{"type":"Polygon","coordinates":[[[120.055772,30.25923],[120.055968,30.259096],[120.055215,30.258882],[120.055206,30.25902],[120.055731,30.259134],[120.055772,30.25923]]]}},{"type":"Feature","properties":{"kind":"water","osmId":"way/922868937"},"geometry":{"type":"Polygon","coordinates":[[[120.055181,30.258793],[120.055841,30.258974],[120.05607,30.258951],[120.055228,30.258684],[120.055129,30.25871],[120.055181,30.258793]]]}},{"type":"Feature","properties":{"kind":"water","osmId":"way/922868938"},"geometry":{"type":"Polygon","coordinates":[[[120.055397,30.2586],[120.056009,30.258815],[120.056172,30.258784],[120.055333,30.258448],[120.055308,30.258545],[120.055397,30.2586]]]}},{"type":"Feature","properties":{"kind":"water","osmId":"way/922868939"},"geometry":{"type":"Polygon","coordinates":[[[120.054765,30.258135],[120.055025,30.258309],[120.05519,30.2583],[120.055245,30.258483],[120.055156,30.258495],[120.05525,30.258433],[120.055168,30.258357],[120.054936,30.258357],[120.054765,30.258135]]]}},{"type":"Feature","properties":{"kind":"water","osmId":"way/922868940"},"geometry":{"type":"Polygon","coordinates":[[[120.054834,30.258023],[120.055571,30.258188],[120.055253,30.258266],[120.054794,30.258071],[120.054834,30.258023]]]}},{"type":"Feature","properties":{"kind":"waterway","osmId":"way/922868941"},"geometry":{"type":"LineString","coordinates":[[120.055552,30.25823],[120.056561,30.258539]]}},{"type":"Feature","properties":{"kind":"waterway","osmId":"way/922868946"},"geometry":{"type":"LineString","coordinates":[[120.055272,30.258438],[120.056475,30.258692]]}},{"type":"Feature","properties":{"kind":"water","osmId":"way/930250905"},"geometry":{"type":"Polygon","coordinates":[[[120.080022,30.262831],[120.080438,30.262821],[120.081022,30.26318],[120.081364,30.263243],[120.081538,30.263189],[120.081615,30.262756],[120.081875,30.262624],[120.082031,30.262623],[120.082044,30.262869],[120.082213,30.263081],[120.082491,30.263118],[120.082666,30.262929],[120.082549,30.262821],[120.082432,30.263007],[120.082224,30.262986],[120.082194,30.262691],[120.081987,30.262453],[120.081469,30.262177],[120.081035,30.262343],[120.080922,30.26248],[120.080971,30.262671],[120.080901,30.262754],[120.080801,30.262787],[120.080721,30.262595],[120.080609,30.262599],[120.080266,30.262749],[120.080098,30.262678],[120.080022,30.262831]]]}},{"type":"Feature","properties":{"kind":"water","osmId":"way/932038594"},"geometry":{"type":"Polygon","coordinates":[[[120.065283,30.282552],[120.065759,30.282591],[120.065805,30.282391],[120.065311,30.282433],[120.065283,30.282552]]]}},{"type":"Feature","properties":{"kind":"water","osmId":"way/932057524"},"geometry":{"type":"Polygon","coordinates":[[[120.069953,30.273382],[120.070043,30.273397],[120.070071,30.273202],[120.069953,30.273382]]]}},{"type":"Feature","properties":{"kind":"water","osmId":"way/932057530"},"geometry":{"type":"Polygon","coordinates":[[[120.069874,30.272771],[120.070024,30.272749],[120.070134,30.272847],[120.07023,30.272454],[120.069998,30.272365],[120.070057,30.2726],[120.069939,30.272607],[120.069874,30.272771]]]}},{"type":"Feature","properties":{"kind":"water","osmId":"way/932057531"},"geometry":{"type":"Polygon","coordinates":[[[120.070011,30.272307],[120.070268,30.272391],[120.070338,30.272105],[120.070042,30.27204],[120.070011,30.272307]]]}},{"type":"Feature","properties":{"kind":"water","osmId":"way/932057540"},"geometry":{"type":"Polygon","coordinates":[[[120.069628,30.271624],[120.069977,30.271647],[120.069683,30.271461],[120.069628,30.271624]]]}},{"type":"Feature","properties":{"kind":"water","osmId":"way/932057541"},"geometry":{"type":"Polygon","coordinates":[[[120.070112,30.271585],[120.070245,30.271638],[120.070273,30.271475],[120.07058,30.271533],[120.070659,30.271311],[120.070583,30.271293],[120.070497,30.27151],[120.070344,30.271471],[120.07033,30.2713],[120.070251,30.271282],[120.07016,30.271382],[120.070273,30.271407],[120.070236,30.271529],[120.070112,30.271585]]]}},{"type":"Feature","properties":{"kind":"waterway","osmId":"way/932057542"},"geometry":{"type":"LineString","coordinates":[[120.070766,30.270992],[120.070896,30.271064]]}},{"type":"Feature","properties":{"kind":"waterway","osmId":"way/932057543"},"geometry":{"type":"LineString","coordinates":[[120.070065,30.271169],[120.070107,30.270995]]}},{"type":"Feature","properties":{"kind":"waterway","osmId":"way/932057544"},"geometry":{"type":"LineString","coordinates":[[120.069465,30.271668],[120.069537,30.271405],[120.069362,30.271293]]}},{"type":"Feature","properties":{"kind":"road","osmId":"way/932057545","name":"福堤","roadClass":"unclassified"},"geometry":{"type":"LineString","coordinates":[[120.069469,30.271297],[120.069697,30.270605],[120.069851,30.268254],[120.069969,30.26783],[120.071448,30.264806],[120.071506,30.264268],[120.071762,30.264048],[120.071787,30.263921]]}},{"type":"Feature","properties":{"kind":"road","osmId":"way/932057546","name":"福堤","roadClass":"unclassified"},"geometry":{"type":"LineString","coordinates":[[120.069449,30.271348],[120.069469,30.271297]]}},{"type":"Feature","properties":{"kind":"waterway","osmId":"way/932057550"},"geometry":{"type":"LineString","coordinates":[[120.070745,30.271445],[120.07032,30.271329]]}},{"type":"Feature","properties":{"kind":"waterway","osmId":"way/932057551"},"geometry":{"type":"LineString","coordinates":[[120.071645,30.27086],[120.071528,30.270474]]}},{"type":"Feature","properties":{"kind":"waterway","osmId":"way/932057552"},"geometry":{"type":"LineString","coordinates":[[120.071365,30.269835],[120.071956,30.270011],[120.072065,30.26995],[120.072059,30.26973],[120.071876,30.269518],[120.071844,30.269292]]}},{"type":"Feature","properties":{"kind":"water","osmId":"way/932057553"},"geometry":{"type":"Polygon","coordinates":[[[120.072828,30.268271],[120.073007,30.268239],[120.073044,30.26804],[120.072778,30.267901],[120.072701,30.2681],[120.072828,30.268271]]]}},{"type":"Feature","properties":{"kind":"water","osmId":"way/932057554"},"geometry":{"type":"Polygon","coordinates":[[[120.073311,30.26882],[120.07333,30.268925],[120.073502,30.268939],[120.073783,30.268314],[120.073752,30.268215],[120.073879,30.268098],[120.073671,30.268069],[120.073592,30.268152],[120.073311,30.26882]]]}},{"type":"Feature","properties":{"kind":"water","osmId":"way/932057564"},"geometry":{"type":"Polygon","coordinates":[[[120.067255,30.26696],[120.06734,30.267073],[120.067815,30.267004],[120.067463,30.266885],[120.067255,30.26696]]]}},{"type":"Feature","properties":{"kind":"waterway","osmId":"way/932057572"},"geometry":{"type":"LineString","coordinates":[[120.06539,30.266752],[120.065858,30.266896],[120.065848,30.26673],[120.066058,30.266657],[120.066126,30.266432],[120.066432,30.266314],[120.066288,30.26615],[120.066299,30.266046],[120.066454,30.26599],[120.067086,30.266111],[120.067262,30.266601],[120.067038,30.266838]]}},{"type":"Feature","properties":{"kind":"waterway","osmId":"way/932057575"},"geometry":{"type":"LineString","coordinates":[[120.066259,30.266421],[120.066603,30.266616],[120.066672,30.266541],[120.067252,30.26655]]}},{"type":"Feature","properties":{"kind":"waterway","osmId":"way/932057578"},"geometry":{"type":"LineString","coordinates":[[120.065891,30.266862],[120.066143,30.266842],[120.066246,30.266999]]}},{"type":"Feature","properties":{"kind":"waterway","osmId":"way/932057581"},"geometry":{"type":"LineString","coordinates":[[120.06498,30.268105],[120.065349,30.268302]]}},{"type":"Feature","properties":{"kind":"waterway","osmId":"way/932057583"},"geometry":{"type":"LineString","coordinates":[[120.06545,30.268383],[120.066166,30.268768]]}},{"type":"Feature","properties":{"kind":"waterway","osmId":"way/932057614"},"geometry":{"type":"LineString","coordinates":[[120.072899,30.265391],[120.073248,30.26557]]}},{"type":"Feature","properties":{"kind":"road","osmId":"way/959948831","name":"Tianmushan Road","roadClass":"primary"},"geometry":{"type":"LineString","coordinates":[[120.074553,30.263684],[120.072527,30.263368],[120.070438,30.262812]]}},{"type":"Feature","properties":{"kind":"road","osmId":"way/959948832","name":"Tianmushan Road","roadClass":"primary"},"geometry":{"type":"LineString","coordinates":[[120.070438,30.262812],[120.069537,30.262496],[120.063806,30.2597]]}},{"type":"Feature","properties":{"kind":"road","osmId":"way/959972772","name":"Qiantang Expressway","roadClass":"trunk"},"geometry":{"type":"LineString","coordinates":[[120.071138,30.262883],[120.069378,30.262231],[120.060757,30.258091]]}},{"type":"Feature","properties":{"kind":"road","osmId":"way/959972773","name":"Qiantang Expressway","roadClass":"trunk"},"geometry":{"type":"LineString","coordinates":[[120.084619,30.264674],[120.072689,30.26327]]}},{"type":"Feature","properties":{"kind":"road","osmId":"way/959972774","name":"Qiantang Expressway","roadClass":"trunk"},"geometry":{"type":"LineString","coordinates":[[120.060757,30.258091],[120.053452,30.254603],[120.052114,30.253725],[120.051264,30.253],[120.050302,30.251914],[120.049282,30.250384],[120.048671,30.248833],[120.047941,30.246419],[120.047695,30.24588],[120.047299,30.245387]]}},{"type":"Feature","properties":{"kind":"road","osmId":"way/959972776","name":"Qiantang Expressway","roadClass":"trunk"},"geometry":{"type":"LineString","coordinates":[[120.047475,30.245281],[120.047945,30.246233],[120.048716,30.248752],[120.04933,30.250264],[120.050371,30.251897],[120.051338,30.252961],[120.052223,30.253704],[120.053612,30.254592],[120.060817,30.258008]]}},{"type":"Feature","properties":{"kind":"road","osmId":"way/959972777","name":"Qiantang Expressway","roadClass":"trunk"},"geometry":{"type":"LineString","coordinates":[[120.060817,30.258008],[120.069591,30.262218],[120.071171,30.262794]]}},{"type":"Feature","properties":{"kind":"road","osmId":"way/959972778","name":"Qiantang Expressway","roadClass":"trunk"},"geometry":{"type":"LineString","coordinates":[[120.072689,30.26327],[120.071138,30.262883]]}},{"type":"Feature","properties":{"kind":"road","osmId":"way/959972781","name":"Qiantang Expressway","roadClass":"trunk"},"geometry":{"type":"LineString","coordinates":[[120.071171,30.262794],[120.072719,30.263175]]}},{"type":"Feature","properties":{"kind":"road","osmId":"way/959972782","name":"Qiantang Expressway","roadClass":"trunk"},"geometry":{"type":"LineString","coordinates":[[120.072719,30.263175],[120.08464,30.264582]]}},{"type":"Feature","properties":{"kind":"park","osmId":"way/964560407"},"geometry":{"type":"Polygon","coordinates":[[[120.067299,30.284628],[120.067108,30.283934],[120.067215,30.28312],[120.067887,30.283184],[120.067934,30.284616],[120.067299,30.284628]]]}},{"type":"Feature","properties":{"kind":"park","osmId":"way/964560408"},"geometry":{"type":"Polygon","coordinates":[[[120.067402,30.286092],[120.067402,30.28483],[120.067939,30.28485],[120.067934,30.286076],[120.067402,30.286092]]]}},{"type":"Feature","properties":{"kind":"park","osmId":"way/964560409"},"geometry":{"type":"Polygon","coordinates":[[[120.068154,30.285318],[120.06814,30.284886],[120.068392,30.284862],[120.071838,30.284878],[120.071917,30.285314],[120.068154,30.285318]]]}},{"type":"Feature","properties":{"kind":"road","osmId":"way/973610271","roadClass":"residential"},"geometry":{"type":"LineString","coordinates":[[120.058705,30.256972],[120.059441,30.255623],[120.060712,30.252389]]}},{"type":"Feature","properties":{"kind":"road","osmId":"way/973610272","roadClass":"unclassified"},"geometry":{"type":"LineString","coordinates":[[120.056701,30.256031],[120.057773,30.254139],[120.061432,30.249185]]}},{"type":"Feature","properties":{"kind":"road","osmId":"way/975338883","roadClass":"residential"},"geometry":{"type":"LineString","coordinates":[[120.062148,30.255018],[120.063282,30.255387],[120.062547,30.256045],[120.061871,30.25592],[120.06156,30.256008],[120.06134,30.25624],[120.060836,30.256091],[120.061415,30.254919]]}},{"type":"Feature","properties":{"kind":"road","osmId":"way/975338929","roadClass":"residential"},"geometry":{"type":"LineString","coordinates":[[120.06604,30.256379],[120.067188,30.254479],[120.067198,30.253798]]}},{"type":"Feature","properties":{"kind":"road","osmId":"way/975338930","roadClass":"residential"},"geometry":{"type":"LineString","coordinates":[[120.06604,30.256379],[120.064607,30.258761],[120.064779,30.258914]]}},{"type":"Feature","properties":{"kind":"road","osmId":"way/979925691","name":"民同巷","roadClass":"unclassified"},"geometry":{"type":"LineString","coordinates":[[120.076107,30.26004],[120.075035,30.26332]]}},{"type":"Feature","properties":{"kind":"road","osmId":"way/979925695","name":"Xixi Road","roadClass":"tertiary"},"geometry":{"type":"LineString","coordinates":[[120.074587,30.255685],[120.075645,30.256031],[120.077339,30.257054],[120.078298,30.257488]]}},{"type":"Feature","properties":{"kind":"road","osmId":"way/979925697","name":"星印弄","roadClass":"unclassified"},"geometry":{"type":"LineString","coordinates":[[120.073039,30.260967],[120.07794,30.262034]]}},{"type":"Feature","properties":{"kind":"road","osmId":"way/1034347413","name":"纬八路","roadClass":"unclassified"},"geometry":{"type":"LineString","coordinates":[[120.040846,30.281843],[120.037817,30.281479]]}},{"type":"Feature","properties":{"kind":"road","osmId":"way/1056558297","name":"Tianmushan Road","roadClass":"primary"},"geometry":{"type":"LineString","coordinates":[[120.069404,30.261945],[120.071001,30.262624],[120.072979,30.263102],[120.076568,30.263405],[120.078879,30.263798],[120.082572,30.264151],[120.086743,30.264734]]}},{"type":"Feature","properties":{"kind":"park","osmId":"way/1084559952"},"geometry":{"type":"Polygon","coordinates":[[[120.075329,30.263412],[120.076653,30.26363],[120.078453,30.26378],[120.076876,30.263483],[120.075329,30.263412]]]}},{"type":"Feature","properties":{"kind":"water","osmId":"way/1130631354"},"geometry":{"type":"Polygon","coordinates":[[[120.044256,30.260237],[120.043669,30.260257],[120.042994,30.260536],[120.041453,30.260541],[120.040994,30.261169],[120.040622,30.261304],[120.039366,30.262061],[120.039301,30.262809],[120.039034,30.262839],[120.038885,30.263316],[120.038302,30.263613],[120.038384,30.263406],[120.038905,30.263208],[120.038834,30.26246],[120.039021,30.262072],[120.041051,30.261004],[120.041156,30.260611],[120.04134,30.260471],[120.043084,30.260437],[120.0435,30.260296],[120.0436,30.26003],[120.04423,30.260147],[120.044256,30.260237]]]}},{"type":"Feature","properties":{"kind":"park","osmId":"way/1130685111"},"geometry":{"type":"Polygon","coordinates":[[[120.038938,30.261998],[120.039134,30.261892],[120.038642,30.257987],[120.038499,30.258057],[120.038938,30.261998]]]}},{"type":"Feature","properties":{"kind":"road","osmId":"way/1186433947","name":"WuchanggangRoad","roadClass":"tertiary"},"geometry":{"type":"LineString","coordinates":[[120.043471,30.280732],[120.043346,30.281776]]}},{"type":"Feature","properties":{"kind":"road","osmId":"way/1186449468","name":"Wen'er Road West","roadClass":"secondary"},"geometry":{"type":"LineString","coordinates":[[120.061341,30.282774],[120.057314,30.282578]]}},{"type":"Feature","properties":{"kind":"road","osmId":"way/1186449469","name":"文二西路","roadClass":"secondary"},"geometry":{"type":"LineString","coordinates":[[120.061674,30.282787],[120.061341,30.282774]]}},{"type":"Feature","properties":{"kind":"road","osmId":"way/1186449470","name":"Wen'er Road West","roadClass":"secondary"},"geometry":{"type":"LineString","coordinates":[[120.061702,30.282689],[120.064794,30.282818]]}},{"type":"Feature","properties":{"kind":"road","osmId":"way/1186449471","name":"文二西路","roadClass":"secondary"},"geometry":{"type":"LineString","coordinates":[[120.06135,30.282677],[120.061702,30.282689]]}},{"type":"Feature","properties":{"kind":"road","osmId":"way/1186449661","name":"Wen'er Road West","roadClass":"secondary"},"geometry":{"type":"LineString","coordinates":[[120.054662,30.281822],[120.057328,30.282482]]}},{"type":"Feature","properties":{"kind":"road","osmId":"way/1186449662","name":"文二西路","roadClass":"secondary"},"geometry":{"type":"LineString","coordinates":[[120.05442,30.281757],[120.054662,30.281822]]}},{"type":"Feature","properties":{"kind":"road","osmId":"way/1186449663","name":"Wen'er Road West","roadClass":"secondary"},"geometry":{"type":"LineString","coordinates":[[120.057314,30.282578],[120.05467,30.281927]]}},{"type":"Feature","properties":{"kind":"road","osmId":"way/1186449664","name":"文二西路","roadClass":"secondary"},"geometry":{"type":"LineString","coordinates":[[120.05467,30.281927],[120.05441,30.281857]]}},{"type":"Feature","properties":{"kind":"road","osmId":"way/1190201602","roadClass":"residential"},"geometry":{"type":"LineString","coordinates":[[120.037231,30.275316],[120.03756,30.275062],[120.037521,30.274812],[120.038352,30.274078],[120.038347,30.27392],[120.038618,30.273672],[120.038646,30.273407],[120.038791,30.273261],[120.038888,30.272335],[120.03952,30.272335],[120.039593,30.272765],[120.039703,30.272763]]}},{"type":"Feature","properties":{"kind":"road","osmId":"way/1191198664","roadClass":"unclassified"},"geometry":{"type":"LineString","coordinates":[[120.040651,30.27775],[120.040634,30.278182]]}},{"type":"Feature","properties":{"kind":"road","osmId":"way/1191198665","roadClass":"unclassified"},"geometry":{"type":"LineString","coordinates":[[120.040775,30.278298],[120.040831,30.278323]]}},{"type":"Feature","properties":{"kind":"road","osmId":"way/1191198666","roadClass":"unclassified"},"geometry":{"type":"LineString","coordinates":[[120.040634,30.278182],[120.040775,30.278298]]}},{"type":"Feature","properties":{"kind":"road","osmId":"way/1196754606","name":"洪家埭路","roadClass":"unclassified"},"geometry":{"type":"LineString","coordinates":[[120.037748,30.266417],[120.038611,30.266491],[120.038749,30.266578],[120.039527,30.271491]]}},{"type":"Feature","properties":{"kind":"road","osmId":"way/1196754607","name":"洪家埭路","roadClass":"unclassified"},"geometry":{"type":"LineString","coordinates":[[120.039527,30.271491],[120.039544,30.27159]]}},{"type":"Feature","properties":{"kind":"road","osmId":"way/1219462140","roadClass":"residential"},"geometry":{"type":"LineString","coordinates":[[120.071758,30.255178],[120.07153,30.255739],[120.070139,30.257964]]}},{"type":"Feature","properties":{"kind":"road","osmId":"way/1219462156","roadClass":"residential"},"geometry":{"type":"LineString","coordinates":[[120.080059,30.255112],[120.081388,30.255607]]}},{"type":"Feature","properties":{"kind":"water","osmId":"way/1314353760"},"geometry":{"type":"Polygon","coordinates":[[[120.080353,30.277486],[120.080447,30.27753],[120.080599,30.277433],[120.081002,30.277582],[120.081129,30.277436],[120.081133,30.277199],[120.080509,30.277115],[120.080353,30.277486]]]}},{"type":"Feature","properties":{"kind":"road","osmId":"way/1364473224","name":"Wen'er Road West","roadClass":"secondary"},"geometry":{"type":"LineString","coordinates":[[120.072719,30.283118],[120.076505,30.283264]]}},{"type":"Feature","properties":{"kind":"road","osmId":"way/1364473230","name":"Longzhang Road","roadClass":"tertiary"},"geometry":{"type":"LineString","coordinates":[[120.053153,30.28491],[120.053147,30.283588]]}},{"type":"Feature","properties":{"kind":"road","osmId":"way/1364473231","name":"Longzhang Road","roadClass":"tertiary"},"geometry":{"type":"LineString","coordinates":[[120.053147,30.283588],[120.053173,30.281556]]}},{"type":"Feature","properties":{"kind":"road","osmId":"way/1364473232","name":"春申街","roadClass":"unclassified"},"geometry":{"type":"LineString","coordinates":[[120.05047,30.28358],[120.053147,30.283588]]}},{"type":"Feature","properties":{"kind":"road","osmId":"way/1364473233","name":"Lingbo Road","roadClass":"unclassified"},"geometry":{"type":"LineString","coordinates":[[120.05077,30.285804],[120.05047,30.28358]]}},{"type":"Feature","properties":{"kind":"road","osmId":"way/1364473237","name":"Chongyi Road","roadClass":"tertiary"},"geometry":{"type":"LineString","coordinates":[[120.057321,30.285858],[120.057314,30.282578]]}},{"type":"Feature","properties":{"kind":"road","osmId":"way/1364473243","name":"Wen'er Road West","roadClass":"secondary"},"geometry":{"type":"LineString","coordinates":[[120.082142,30.282926],[120.080343,30.283095]]}},{"type":"Feature","properties":{"kind":"road","osmId":"way/1366037940","name":"Hongde Road","roadClass":"tertiary"},"geometry":{"type":"LineString","coordinates":[[120.068054,30.284876],[120.06805,30.284717]]}},{"type":"Feature","properties":{"kind":"road","osmId":"way/1366037941","name":"Ziyun Street","roadClass":"unclassified"},"geometry":{"type":"LineString","coordinates":[[120.06805,30.284717],[120.067835,30.284709]]}},{"type":"Feature","properties":{"kind":"road","osmId":"way/1366037942","name":"Ziyun Street","roadClass":"unclassified"},"geometry":{"type":"LineString","coordinates":[[120.066099,30.2846],[120.064816,30.284519]]}},{"type":"Feature","properties":{"kind":"road","osmId":"way/1366037943","name":"Ziyun Street","roadClass":"unclassified"},"geometry":{"type":"LineString","coordinates":[[120.067406,30.284682],[120.066099,30.2846]]}},{"type":"Feature","properties":{"kind":"road","osmId":"way/1366176658","name":"Qingchuan Street","roadClass":"tertiary"},"geometry":{"type":"LineString","coordinates":[[120.079789,30.284645],[120.080343,30.283095]]}},{"type":"Feature","properties":{"kind":"road","osmId":"way/1366176661","name":"Wen'er Road West","roadClass":"secondary"},"geometry":{"type":"LineString","coordinates":[[120.057328,30.282482],[120.06135,30.282677]]}},{"type":"Feature","properties":{"kind":"road","osmId":"way/1366176662","name":"Wen'er Road West","roadClass":"secondary"},"geometry":{"type":"LineString","coordinates":[[120.053179,30.281438],[120.05442,30.281757]]}},{"type":"Feature","properties":{"kind":"road","osmId":"way/1366176663","name":"Longzhang Road","roadClass":"tertiary"},"geometry":{"type":"LineString","coordinates":[[120.053173,30.281556],[120.053179,30.281438]]}},{"type":"Feature","properties":{"kind":"road","osmId":"way/1366176664","name":"Wen'er Road West","roadClass":"secondary"},"geometry":{"type":"LineString","coordinates":[[120.05441,30.281857],[120.053173,30.281556]]}},{"type":"Feature","properties":{"kind":"road","osmId":"way/1366176670","name":"Qingchuan Street","roadClass":"tertiary"},"geometry":{"type":"LineString","coordinates":[[120.079212,30.28575],[120.079789,30.284645]]}},{"type":"Feature","properties":{"kind":"road","osmId":"way/1366299763","name":"绕城辅道","roadClass":"tertiary"},"geometry":{"type":"LineString","coordinates":[[120.043346,30.281776],[120.04375,30.284317]]}},{"type":"Feature","properties":{"kind":"road","osmId":"way/1366664098","name":"Tianmushan Road","roadClass":"primary"},"geometry":{"type":"LineString","coordinates":[[120.0543,30.254904],[120.057532,30.256422]]}},{"type":"Feature","properties":{"kind":"road","osmId":"way/1366664104","name":"Tianmushan Road","roadClass":"primary"},"geometry":{"type":"LineString","coordinates":[[120.063406,30.259054],[120.069404,30.261945]]}},{"type":"Feature","properties":{"kind":"road","osmId":"way/1389838604","roadClass":"unclassified"},"geometry":{"type":"LineString","coordinates":[[120.040546,30.277806],[120.040732,30.277741],[120.040903,30.277799]]}},{"type":"Feature","properties":{"kind":"waterway","osmId":"way/1394918943"},"geometry":{"type":"LineString","coordinates":[[120.040262,30.278441],[120.040534,30.278343],[120.041575,30.277354]]}},{"type":"Feature","properties":{"kind":"waterway","osmId":"way/1394918944"},"geometry":{"type":"LineString","coordinates":[[120.041575,30.277354],[120.041761,30.277023]]}},{"type":"Feature","properties":{"kind":"road","osmId":"way/1394918950","name":"访溪路","roadClass":"tertiary"},"geometry":{"type":"LineString","coordinates":[[120.039034,30.254697],[120.039015,30.255056]]}},{"type":"Feature","properties":{"kind":"road","osmId":"way/1394918951","name":"访溪路","roadClass":"tertiary"},"geometry":{"type":"LineString","coordinates":[[120.039015,30.255056],[120.039014,30.257107]]}},{"type":"Feature","properties":{"kind":"road","osmId":"way/1394918952","name":"访溪路","roadClass":"tertiary"},"geometry":{"type":"LineString","coordinates":[[120.039014,30.257107],[120.039025,30.257448]]}},{"type":"Feature","properties":{"kind":"road","osmId":"way/1394918953","name":"访溪路","roadClass":"tertiary"},"geometry":{"type":"LineString","coordinates":[[120.039025,30.257448],[120.03957,30.261718]]}},{"type":"Feature","properties":{"kind":"road","osmId":"way/1394918954","name":"访溪路","roadClass":"tertiary"},"geometry":{"type":"LineString","coordinates":[[120.03957,30.261718],[120.039615,30.262019]]}},{"type":"Feature","properties":{"kind":"road","osmId":"way/1396742347","name":"福利院后街","roadClass":"residential"},"geometry":{"type":"LineString","coordinates":[[120.076823,30.258291],[120.077126,30.257189]]}},{"type":"Feature","properties":{"kind":"road","osmId":"way/1396742348","name":"瑞和巷","roadClass":"unclassified"},"geometry":{"type":"LineString","coordinates":[[120.066863,30.260724],[120.068973,30.2576],[120.06914,30.257519]]}},{"type":"Feature","properties":{"kind":"road","osmId":"way/1418296248","name":"Xixi Road","roadClass":"secondary"},"geometry":{"type":"LineString","coordinates":[[120.074548,30.255806],[120.074401,30.255762]]}},{"type":"Feature","properties":{"kind":"road","osmId":"way/1418296249","name":"Xixi Road","roadClass":"secondary"},"geometry":{"type":"LineString","coordinates":[[120.075371,30.256092],[120.074548,30.255806]]}},{"type":"Feature","properties":{"kind":"road","osmId":"way/1418296257","name":"Xixi Road","roadClass":"secondary"},"geometry":{"type":"LineString","coordinates":[[120.073284,30.255375],[120.074587,30.255685]]}},{"type":"Feature","properties":{"kind":"road","osmId":"way/1418296258","name":"Xixi Road","roadClass":"secondary"},"geometry":{"type":"LineString","coordinates":[[120.062801,30.2475],[120.067439,30.251244],[120.0694,30.253364],[120.069947,30.25381],[120.071932,30.255105],[120.073284,30.255375]]}},{"type":"Feature","properties":{"kind":"road","osmId":"way/1423000708","name":"Chongren Road","roadClass":"tertiary"},"geometry":{"type":"LineString","coordinates":[[120.072049,30.284906],[120.072058,30.284716]]}},{"type":"Feature","properties":{"kind":"water","osmId":"way/1427459804"},"geometry":{"type":"Polygon","coordinates":[[[120.064785,30.282194],[120.065054,30.282164],[120.064985,30.282051],[120.064757,30.282038],[120.064785,30.282194]]]}},{"type":"Feature","properties":{"kind":"road","osmId":"way/1452625500","name":"弘德路","roadClass":"tertiary"},"geometry":{"type":"LineString","coordinates":[[120.068008,30.283026],[120.068015,30.28293]]}},{"type":"Feature","properties":{"kind":"road","osmId":"way/1452626422","name":"Wen'er Road West","roadClass":"secondary"},"geometry":{"type":"LineString","coordinates":[[120.068008,30.283026],[120.067838,30.283019]]}},{"type":"Feature","properties":{"kind":"road","osmId":"way/1452628830","name":"Wen'er Road West","roadClass":"secondary"},"geometry":{"type":"LineString","coordinates":[[120.064794,30.282818],[120.067437,30.282914]]}},{"type":"Feature","properties":{"kind":"road","osmId":"way/1452628831","name":"Jiangdun Road","roadClass":"secondary"},"geometry":{"type":"LineString","coordinates":[[120.064794,30.282818],[120.06491,30.28293],[120.064816,30.284519]]}},{"type":"Feature","properties":{"kind":"road","osmId":"way/1481279847","name":"福堤","roadClass":"unclassified"},"geometry":{"type":"LineString","coordinates":[[120.068395,30.273976],[120.069449,30.271348]]}},{"type":"Feature","properties":{"kind":"road","osmId":"way/1481279848","name":"向福桥","roadClass":"unclassified"},"geometry":{"type":"LineString","coordinates":[[120.068341,30.27411],[120.068395,30.273976]]}},{"type":"Feature","properties":{"kind":"road","osmId":"way/1483343601","name":"明谷街","roadClass":"unclassified"},"geometry":{"type":"LineString","coordinates":[[120.06914,30.257519],[120.073312,30.259422]]}},{"type":"Feature","properties":{"kind":"road","osmId":"way/1488474621","name":"Longzhang Road","roadClass":"tertiary"},"geometry":{"type":"LineString","coordinates":[[120.053157,30.285832],[120.053153,30.28491]]}},{"type":"Feature","properties":{"kind":"water","osmId":"relation/9045917"},"geometry":{"type":"MultiPolygon","coordinates":[[[[120.076954,30.274095],[120.077424,30.27418],[120.077145,30.273985],[120.07718,30.273667],[120.077406,30.273554],[120.077604,30.273579],[120.077611,30.273682],[120.07805,30.273707],[120.078283,30.273911],[120.078187,30.274873],[120.078082,30.275202],[120.077971,30.275272],[120.078106,30.275313],[120.078012,30.275434],[120.078106,30.27555],[120.078111,30.275934],[120.077947,30.276318],[120.078012,30.276323],[120.07817,30.27602],[120.078152,30.275459],[120.07833,30.274447],[120.078357,30.273844],[120.078237,30.273643],[120.078304,30.273566],[120.078619,30.273688],[120.079082,30.273676],[120.079156,30.273527],[120.078721,30.273563],[120.078686,30.273444],[120.078276,30.273435],[120.078459,30.273258],[120.078742,30.273301],[120.078771,30.27317],[120.078643,30.273063],[120.078452,30.273182],[120.077738,30.273258],[120.077738,30.273395],[120.078159,30.273331],[120.078124,30.273643],[120.07754,30.273518],[120.077569,30.273218],[120.077251,30.273188],[120.077166,30.2736],[120.077021,30.273658],[120.077038,30.273991],[120.076954,30.274095]]]]}},{"type":"Feature","properties":{"kind":"water","osmId":"relation/9059080"},"geometry":{"type":"MultiPolygon","coordinates":[[[[120.075819,30.265362],[120.076252,30.265477],[120.078562,30.265615],[120.078669,30.265709],[120.079188,30.265761],[120.079315,30.265886],[120.079329,30.265735],[120.079949,30.265731],[120.08039,30.265891],[120.081356,30.265832],[120.081987,30.266014],[120.082544,30.265922],[120.083885,30.266264],[120.084339,30.266159],[120.084728,30.266354],[120.084935,30.26635],[120.085202,30.266135],[120.085716,30.265938],[120.087183,30.26608],[120.088013,30.266015],[120.091674,30.26694],[120.091712,30.266729],[120.087961,30.265827],[120.087344,30.265869],[120.086429,30.265699],[120.083277,30.265802],[120.082594,30.265628],[120.077568,30.265191],[120.077859,30.264829],[120.077281,30.265219],[120.076054,30.265107],[120.073588,30.264305],[120.072815,30.263898],[120.072278,30.263779],[120.071709,30.263482],[120.071203,30.263403],[120.069229,30.262544],[120.068747,30.262421],[120.068464,30.26219],[120.06707,30.26161],[120.066702,30.261622],[120.065878,30.261018],[120.065497,30.260935],[120.063485,30.260054],[120.06284,30.259745],[120.0625,30.259382],[120.057642,30.257175],[120.057242,30.256879],[120.05647,30.256662],[120.054911,30.255603],[120.0527,30.254643],[120.051757,30.254129],[120.050832,30.253844],[120.050805,30.254048],[120.053961,30.255337],[120.055886,30.256714],[120.056453,30.256993],[120.057106,30.257169],[120.057168,30.257478],[120.057755,30.257845],[120.059022,30.258228],[120.059141,30.258147],[120.059694,30.258422],[120.059917,30.258791],[120.060371,30.258818],[120.06062,30.258979],[120.060915,30.259286],[120.060988,30.259607],[120.061359,30.259344],[120.061215,30.25925],[120.061564,30.259229],[120.061596,30.259373],[120.063359,30.260334],[120.064373,30.260694],[120.064173,30.260929],[120.064372,30.261183],[120.064815,30.261249],[120.064863,30.261133],[120.065296,30.261172],[120.065473,30.261329],[120.065401,30.261452],[120.065558,30.261405],[120.066221,30.261634],[120.06654,30.261928],[120.066845,30.261899],[120.06767,30.262081],[120.068637,30.262502],[120.069333,30.263088],[120.070299,30.263294],[120.070838,30.263605],[120.072877,30.264324],[120.073945,30.264869],[120.07489,30.265023],[120.075819,30.265362]]]]}},{"type":"Feature","properties":{"kind":"water","osmId":"relation/9366545"},"geometry":{"type":"MultiPolygon","coordinates":[[[[120.046792,30.245718],[120.046132,30.245604],[120.045944,30.245419],[120.045937,30.245282],[120.046257,30.244007],[120.04708,30.242797],[120.047674,30.240734],[120.047638,30.240515],[120.047403,30.240361],[120.043702,30.239759],[120.043751,30.23963],[120.044273,30.239673],[120.047331,30.240161],[120.047671,30.240355],[120.047803,30.240309],[120.048136,30.239117],[120.04808,30.23815],[120.04774,30.237454],[120.045954,30.235519],[120.046066,30.235377],[120.047948,30.237562],[120.048222,30.238087],[120.048295,30.238786],[120.047829,30.240569],[120.047892,30.24068],[120.047747,30.240854],[120.047173,30.242892],[120.046522,30.243922],[120.04618,30.245365],[120.047224,30.245683],[120.047539,30.24642],[120.048573,30.249652],[120.049533,30.25003],[120.051369,30.250125],[120.051338,30.250793],[120.051046,30.251347],[120.050867,30.251983],[120.050729,30.253721],[120.050832,30.253844],[120.050805,30.254048],[120.050596,30.254125],[120.050036,30.255637],[120.049959,30.256297],[120.050029,30.256677],[120.050307,30.256986],[120.050732,30.256981],[120.051092,30.257164],[120.051385,30.257476],[120.051785,30.257526],[120.051619,30.257952],[120.052004,30.258285],[120.051974,30.258439],[120.051336,30.258524],[120.051135,30.258444],[120.050498,30.258478],[120.050492,30.258321],[120.050694,30.258315],[120.050849,30.258122],[120.050884,30.257665],[120.050793,30.257429],[120.050316,30.257511],[120.050279,30.257741],[120.050466,30.258318],[120.049989,30.258338],[120.050012,30.258129],[120.049928,30.258048],[120.04983,30.258113],[120.049861,30.258199],[120.04954,30.258188],[120.049576,30.257893],[120.050109,30.257992],[120.049666,30.256337],[120.049515,30.256268],[120.049124,30.256614],[120.049041,30.256539],[120.049571,30.256071],[120.049724,30.255781],[120.050316,30.254325],[120.050282,30.254219],[120.050393,30.254139],[120.050338,30.254067],[120.05051,30.253234],[120.050184,30.252912],[120.049318,30.251605],[120.048603,30.250184],[120.048354,30.249923],[120.047845,30.249612],[120.046804,30.249231],[120.042435,30.248483],[120.040022,30.247906],[120.039443,30.247847],[120.037764,30.247272],[120.037382,30.24741],[120.037234,30.247631],[120.037005,30.247748],[120.036592,30.247705],[120.036429,30.247604],[120.036224,30.247204],[120.035958,30.247112],[120.035985,30.24702],[120.036186,30.247109],[120.03652,30.24744],[120.03683,30.245953],[120.036998,30.245537],[120.037824,30.244781],[120.038395,30.24445],[120.038971,30.243577],[120.039494,30.243117],[120.040576,30.242471],[120.041262,30.241771],[120.042226,30.241657],[120.04246,30.24148],[120.042629,30.241146],[120.042117,30.239794],[120.039861,30.237144],[120.038687,30.235337],[120.038776,30.235321],[120.040331,30.237376],[120.041888,30.239138],[120.042378,30.23964],[120.042744,30.239666],[120.042487,30.239774],[120.042455,30.240008],[120.042689,30.240484],[120.042831,30.241257],[120.042508,30.241825],[120.041718,30.241819],[120.041309,30.241953],[120.040695,30.242779],[120.039806,30.243146],[120.039159,30.243782],[120.038675,30.244444],[120.037935,30.244911],[120.03741,30.245389],[120.037036,30.245943],[120.036804,30.247276],[120.037176,30.247341],[120.037712,30.247115],[120.038064,30.247166],[120.038683,30.247485],[120.039539,30.247698],[120.043899,30.248611],[120.044062,30.248576],[120.047214,30.249159],[120.047978,30.249508],[120.048234,30.249518],[120.047405,30.246609],[120.047082,30.245875],[120.046792,30.245718]]]]}},{"type":"Feature","properties":{"kind":"water","osmId":"relation/9436343"},"geometry":{"type":"MultiPolygon","coordinates":[[[[120.068756,30.297685],[120.068756,30.297865],[120.069331,30.297624],[120.068904,30.297411],[120.068153,30.295054],[120.068147,30.29491],[120.068257,30.294806],[120.067968,30.294315],[120.067914,30.290873],[120.068121,30.290774],[120.069405,30.290917],[120.070237,30.290843],[120.072098,30.290917],[120.074263,30.291337],[120.074617,30.291318],[120.074955,30.291193],[120.075175,30.290843],[120.075389,30.289598],[120.075201,30.289585],[120.074993,30.290815],[120.074883,30.291033],[120.074556,30.291197],[120.072187,30.290767],[120.070892,30.29069],[120.069524,30.290797],[120.068338,30.290611],[120.067966,30.29044],[120.067824,30.28884],[120.067735,30.28565],[120.067881,30.284881],[120.06768,30.284604],[120.067573,30.284081],[120.067728,30.283898],[120.067527,30.283768],[120.067693,30.283662],[120.067844,30.282832],[120.067581,30.282825],[120.067237,30.283698],[120.067607,30.28513],[120.067484,30.285528],[120.067607,30.287118],[120.067334,30.287325],[120.0676,30.287523],[120.067738,30.289645],[120.067688,30.293753],[120.067827,30.294786],[120.067938,30.294903],[120.068025,30.295463],[120.068108,30.295486],[120.068756,30.297685]]]]}},{"type":"Feature","properties":{"kind":"water","osmId":"relation/9436423"},"geometry":{"type":"MultiPolygon","coordinates":[[[[120.041052,30.283482],[120.041171,30.283131],[120.041141,30.282141],[120.040996,30.281654],[120.041026,30.280194],[120.0402,30.27939],[120.040197,30.278755],[120.039962,30.278798],[120.039161,30.279325],[120.036984,30.2788],[120.036175,30.27835],[120.035594,30.27761],[120.035106,30.277322],[120.035032,30.277076],[120.034944,30.276403],[120.03504,30.276142],[120.038179,30.273512],[120.038447,30.271823],[120.037634,30.271479],[120.03635,30.271139],[120.034252,30.270257],[120.033898,30.270029],[120.033987,30.269753],[120.034097,30.269788],[120.034041,30.270029],[120.036252,30.270931],[120.038964,30.271525],[120.038953,30.271645],[120.03872,30.271641],[120.038643,30.271823],[120.038655,30.272255],[120.038358,30.273593],[120.038065,30.273951],[120.03665,30.275159],[120.035626,30.275917],[120.035394,30.276423],[120.035333,30.276774],[120.035427,30.276949],[120.036386,30.278231],[120.03748,30.278737],[120.039146,30.279113],[120.040011,30.278494],[120.040099,30.278333],[120.040598,30.278239],[120.040746,30.277998],[120.041293,30.277609],[120.041554,30.277217],[120.041518,30.277592],[120.040613,30.27843],[120.040388,30.278747],[120.040368,30.279286],[120.040461,30.279465],[120.041227,30.279944],[120.042531,30.280353],[120.045538,30.280368],[120.045579,30.280489],[120.043335,30.280508],[120.041323,30.280185],[120.041102,30.280684],[120.04122,30.281383],[120.041164,30.281662],[120.04131,30.283285],[120.041363,30.28355],[120.041812,30.283941],[120.041841,30.284967],[120.042158,30.287334],[120.042463,30.2882],[120.042552,30.289024],[120.042484,30.289946],[120.042569,30.290118],[120.042878,30.290287],[120.044602,30.290541],[120.044734,30.290862],[120.044558,30.290947],[120.044064,30.291886],[120.043358,30.292582],[120.043207,30.293067],[120.043177,30.292987],[120.043061,30.293344],[120.04335,30.293618],[120.04335,30.293811],[120.043065,30.294552],[120.043073,30.294787],[120.042878,30.294959],[120.042878,30.295138],[120.042492,30.295499],[120.042061,30.29656],[120.042027,30.29698],[120.041792,30.29738],[120.042186,30.297917],[120.041687,30.298249],[120.040193,30.298277],[120.039077,30.298089],[120.034519,30.297785],[120.033633,30.297811],[120.0322,30.29731],[120.031075,30.296682],[120.032522,30.297353],[120.033583,30.29766],[120.033903,30.29763],[120.034119,30.297466],[120.034674,30.297651],[120.03508,30.297595],[120.038307,30.297888],[120.041023,30.297965],[120.041478,30.297562],[120.041986,30.296359],[120.042218,30.295411],[120.042709,30.294741],[120.043059,30.293853],[120.043063,30.293733],[120.042778,30.293396],[120.042852,30.293135],[120.042997,30.292998],[120.043202,30.292436],[120.043624,30.292106],[120.044367,30.290996],[120.044353,30.290861],[120.042152,30.290329],[120.040742,30.289668],[120.040577,30.289696],[120.040121,30.290685],[120.039777,30.290868],[120.036145,30.289819],[120.034152,30.289437],[120.033686,30.289477],[120.033426,30.289607],[120.032515,30.291068],[120.031841,30.292682],[120.031547,30.292593],[120.032915,30.289737],[120.032989,30.289286],[120.03293,30.287874],[120.033055,30.287571],[120.033646,30.286785],[120.033626,30.286495],[120.034021,30.285895],[120.033931,30.285756],[120.033411,30.285518],[120.033141,30.285511],[120.032698,30.285185],[120.031531,30.284683],[120.031007,30.284314],[120.031499,30.283064],[120.031363,30.282827],[120.031371,30.282533],[120.031511,30.282471],[120.031722,30.28257],[120.031783,30.282742],[120.031231,30.284177],[120.031283,30.284318],[120.031613,30.284553],[120.032637,30.284897],[120.03306,30.285269],[120.033568,30.285339],[120.034162,30.285613],[120.034381,30.285592],[120.035715,30.284346],[120.0368,30.283121],[120.040829,30.283552],[120.041052,30.283482]]]]}},{"type":"Feature","properties":{"kind":"water","osmId":"relation/9602999"},"geometry":{"type":"MultiPolygon","coordinates":[[[[120.079269,30.271507],[120.079124,30.272128],[120.079244,30.272192],[120.079319,30.27218],[120.079453,30.271545],[120.080245,30.271628],[120.080376,30.271112],[120.080259,30.271182],[120.080195,30.271506],[120.080001,30.271475],[120.080188,30.270477],[120.079859,30.270538],[120.079679,30.271286],[120.07992,30.271344],[120.079902,30.271497],[120.079269,30.271507]],[[120.079948,30.270538],[120.080047,30.270544],[120.080072,30.270648],[120.079923,30.271268],[120.079842,30.271274],[120.079768,30.271252],[120.079948,30.270538]]]]}},{"type":"Feature","properties":{"kind":"water","osmId":"relation/10861124"},"geometry":{"type":"MultiPolygon","coordinates":[[[[120.072212,30.282515],[120.072951,30.282651],[120.0732,30.282469],[120.073523,30.282486],[120.073567,30.282634],[120.073489,30.282727],[120.073112,30.282621],[120.073034,30.282701],[120.073704,30.282819],[120.073934,30.282731],[120.074071,30.282253],[120.073523,30.282046],[120.073538,30.281654],[120.07341,30.28165],[120.073386,30.281785],[120.073264,30.281772],[120.073386,30.281578],[120.073552,30.281557],[120.073753,30.281328],[120.073821,30.28143],[120.073723,30.281975],[120.073968,30.282156],[120.074663,30.282304],[120.074937,30.282152],[120.075318,30.282199],[120.07546,30.282097],[120.075455,30.281945],[120.075137,30.282],[120.075064,30.281878],[120.075186,30.281802],[120.075475,30.281865],[120.075485,30.281764],[120.075401,30.281755],[120.075543,30.281497],[120.075607,30.281557],[120.075519,30.282372],[120.076903,30.2826],[120.077064,30.282389],[120.077201,30.28102],[120.076937,30.2808],[120.076595,30.281151],[120.076453,30.281147],[120.076345,30.281041],[120.076414,30.280745],[120.07706,30.280733],[120.077226,30.280403],[120.077754,30.280513],[120.077974,30.280057],[120.077984,30.280391],[120.078106,30.280433],[120.078341,30.279892],[120.078341,30.280551],[120.078033,30.280505],[120.077681,30.280585],[120.077612,30.280691],[120.077623,30.281018],[120.078057,30.281125],[120.078155,30.281236],[120.078067,30.281351],[120.077619,30.281349],[120.077324,30.2817],[120.077285,30.281552],[120.077206,30.281573],[120.077123,30.282469],[120.077328,30.2826],[120.077715,30.282613],[120.077779,30.282008],[120.078038,30.281928],[120.078087,30.28203],[120.077847,30.282439],[120.077823,30.282651],[120.07883,30.282773],[120.079373,30.282456],[120.079544,30.28219],[120.07976,30.282418],[120.07953,30.282798],[120.079342,30.282573],[120.079237,30.282739],[120.078925,30.282888],[120.078273,30.282828],[120.078048,30.282917],[120.07795,30.282807],[120.07566,30.282566],[120.075166,30.282646],[120.074315,30.282591],[120.07412,30.282912],[120.073807,30.282997],[120.072518,30.282899],[120.072334,30.282718],[120.072016,30.282765],[120.07164,30.282579],[120.071043,30.282452],[120.071239,30.28241],[120.071268,30.2823],[120.070862,30.282152],[120.069747,30.282165],[120.069717,30.281472],[120.069178,30.281132],[120.069678,30.281206],[120.069884,30.281413],[120.06982,30.281603],[120.069933,30.281671],[120.07004,30.281531],[120.070035,30.281345],[120.070138,30.281333],[120.070104,30.28121],[120.070539,30.280961],[120.070608,30.281062],[120.070431,30.281219],[120.070456,30.281367],[120.070153,30.281514],[120.070246,30.281624],[120.070211,30.281785],[120.069928,30.281768],[120.069967,30.281975],[120.070177,30.281941],[120.07097,30.282156],[120.071361,30.282287],[120.071464,30.282482],[120.071679,30.282524],[120.071958,30.282482],[120.071923,30.28227],[120.072212,30.282515]],[[120.07728,30.281207],[120.077209,30.281152],[120.077265,30.280665],[120.077528,30.280614],[120.077562,30.280732],[120.077421,30.280783],[120.077409,30.281037],[120.07728,30.281207]],[[120.07732,30.281509],[120.077204,30.281393],[120.077338,30.281231],[120.077492,30.281338],[120.07732,30.281509]],[[120.075064,30.2826],[120.074917,30.282536],[120.075118,30.282494],[120.07522,30.282579],[120.075064,30.2826]]]]}},{"type":"Feature","properties":{"kind":"water","osmId":"relation/10861151"},"geometry":{"type":"MultiPolygon","coordinates":[[[[120.075955,30.279957],[120.075751,30.280211],[120.075676,30.279773],[120.07514,30.279703],[120.075069,30.279597],[120.075076,30.27872],[120.075277,30.277003],[120.075116,30.278729],[120.07514,30.279626],[120.075917,30.279748],[120.075998,30.279863],[120.076462,30.280019],[120.077026,30.280055],[120.077007,30.280121],[120.076453,30.280113],[120.075955,30.279957]]]]}},{"type":"Feature","properties":{"kind":"water","osmId":"relation/10865793"},"geometry":{"type":"MultiPolygon","coordinates":[[[[120.057647,30.265458],[120.057806,30.26552],[120.057729,30.265759],[120.058014,30.265849],[120.057874,30.266013],[120.058177,30.265884],[120.058037,30.2657],[120.058168,30.265641],[120.058404,30.265731],[120.058331,30.265951],[120.058413,30.266095],[120.058617,30.265994],[120.058495,30.265645],[120.058748,30.265536],[120.058712,30.265755],[120.058839,30.265951],[120.058721,30.266502],[120.058001,30.266753],[120.057874,30.266655],[120.057788,30.266424],[120.057869,30.266193],[120.057602,30.266025],[120.057448,30.265446],[120.05752,30.265344],[120.057412,30.265277],[120.057135,30.264346],[120.057498,30.265966],[120.057353,30.266115],[120.056972,30.266178],[120.056746,30.266448],[120.057036,30.266385],[120.057104,30.266549],[120.056564,30.266624],[120.056388,30.266369],[120.056129,30.266448],[120.055817,30.266295],[120.054385,30.266197],[120.055504,30.266311],[120.055953,30.266475],[120.055577,30.266592],[120.055581,30.266706],[120.055726,30.266737],[120.056175,30.266694],[120.056143,30.266573],[120.056279,30.266522],[120.05637,30.26669],[120.056324,30.266776],[120.055486,30.266843],[120.05627,30.266901],[120.056388,30.266999],[120.056374,30.267128],[120.056641,30.267246],[120.056687,30.266894],[120.056995,30.266827],[120.057176,30.266995],[120.057335,30.267719],[120.057597,30.267813],[120.057634,30.267915],[120.057525,30.268522],[120.057751,30.268522],[120.057829,30.268651],[120.057638,30.268666],[120.057743,30.268839],[120.057647,30.269234],[120.058132,30.26914],[120.058449,30.270357],[120.057842,30.270564],[120.057747,30.27076],[120.057797,30.27083],[120.057829,30.270639],[120.057978,30.270568],[120.058458,30.270525],[120.058404,30.270846],[120.058721,30.270909],[120.058975,30.271335],[120.058871,30.271441],[120.058508,30.27148],[120.058911,30.271496],[120.058993,30.271586],[120.058966,30.271774],[120.059183,30.271915],[120.059102,30.272231],[120.059215,30.272278],[120.059315,30.271731],[120.060026,30.271856],[120.06018,30.271985],[120.060407,30.27193],[120.060204,30.271694],[120.060239,30.271572],[120.060721,30.270936],[120.061216,30.27041],[120.061407,30.270423],[120.061514,30.2706],[120.061584,30.270557],[120.061365,30.270325],[120.061386,30.270147],[120.06208,30.269316],[120.062059,30.269053],[120.062233,30.26879],[120.062095,30.26875],[120.062106,30.268581],[120.062654,30.267245],[120.062897,30.267086],[120.062828,30.267001],[120.062995,30.266423],[120.063139,30.266263],[120.063434,30.266283],[120.063549,30.265984],[120.063405,30.265865],[120.063434,30.26575],[120.063716,30.265635],[120.063814,30.265376],[120.063751,30.265257],[120.063572,30.265406],[120.062903,30.265262],[120.062839,30.265162],[120.062943,30.264758],[120.062804,30.264659],[120.062579,30.264973],[120.061847,30.264793],[120.062118,30.263891],[120.062816,30.263986],[120.062937,30.263746],[120.063306,30.263562],[120.063918,30.263642],[120.064114,30.263821],[120.064455,30.263911],[120.064288,30.264713],[120.064836,30.264654],[120.064957,30.264903],[120.065147,30.264988],[120.06524,30.264818],[120.065176,30.264464],[120.065384,30.264414],[120.06558,30.264544],[120.065967,30.264589],[120.065822,30.265147],[120.065569,30.265242],[120.065696,30.265491],[120.06532,30.266667],[120.065015,30.266662],[120.064489,30.266443],[120.064166,30.266503],[120.063514,30.266323],[120.064945,30.266817],[120.065315,30.266812],[120.065626,30.266562],[120.065563,30.266398],[120.065701,30.265825],[120.066059,30.264773],[120.06689,30.264753],[120.067513,30.264589],[120.067611,30.264315],[120.0679,30.263966],[120.068194,30.263991],[120.068304,30.26414],[120.068477,30.263981],[120.068783,30.26414],[120.069002,30.264031],[120.068408,30.263801],[120.068292,30.263512],[120.068154,30.263437],[120.068304,30.263452],[120.068361,30.263333],[120.068229,30.263268],[120.067277,30.263707],[120.067219,30.263866],[120.066855,30.263981],[120.066446,30.264384],[120.066186,30.264404],[120.066451,30.263712],[120.066642,30.263592],[120.066652,30.263378],[120.066978,30.263279],[120.067332,30.2633],[120.067261,30.262806],[120.06734,30.262604],[120.067433,30.262543],[120.068132,30.262717],[120.068344,30.262996],[120.068581,30.263075],[120.068934,30.262782],[120.068637,30.262502],[120.068662,30.26277],[120.068015,30.26264],[120.067969,30.262511],[120.068162,30.262282],[120.067868,30.262175],[120.067698,30.262421],[120.067525,30.262486],[120.067554,30.262311],[120.067779,30.262133],[120.06767,30.262081],[120.067566,30.262168],[120.067559,30.262065],[120.06731,30.262028],[120.067408,30.26219],[120.067236,30.262385],[120.066601,30.262128],[120.066615,30.261921],[120.066479,30.261898],[120.066514,30.262118],[120.06636,30.262186],[120.067167,30.262487],[120.067207,30.262595],[120.06688,30.263026],[120.066809,30.263011],[120.066845,30.262757],[120.066762,30.262691],[120.066701,30.26324],[120.066436,30.263448],[120.065226,30.263327],[120.065213,30.262975],[120.064786,30.262832],[120.064573,30.263323],[120.064412,30.263414],[120.064355,30.263581],[120.063908,30.26356],[120.063764,30.263433],[120.064049,30.262777],[120.064013,30.262679],[120.06388,30.262766],[120.06396,30.262822],[120.063864,30.262947],[120.063582,30.262749],[120.063263,30.262864],[120.063235,30.262923],[120.063453,30.262999],[120.063819,30.263048],[120.063662,30.263215],[120.063703,30.263386],[120.063634,30.263459],[120.063187,30.263379],[120.062877,30.263588],[120.062316,30.263448],[120.062256,30.263114],[120.061934,30.263069],[120.061882,30.262827],[120.062055,30.262777],[120.06217,30.262284],[120.062528,30.262096],[120.062378,30.261932],[120.062542,30.261855],[120.062511,30.261741],[120.062666,30.261676],[120.062648,30.261572],[120.062139,30.261955],[120.061984,30.262655],[120.061869,30.262628],[120.0619,30.262349],[120.06182,30.262318],[120.061501,30.262303],[120.061435,30.262525],[120.061342,30.262517],[120.061506,30.261641],[120.061669,30.26137],[120.061944,30.261278],[120.061891,30.261025],[120.061519,30.260926],[120.06116,30.261018],[120.061081,30.261358],[120.060784,30.261878],[120.060926,30.262047],[120.060651,30.262085],[120.060957,30.262192],[120.060886,30.262552],[120.061134,30.262681],[120.060965,30.262892],[120.059596,30.262475],[120.059541,30.262436],[120.059632,30.262354],[120.059469,30.262264],[120.059269,30.262385],[120.059088,30.262241],[120.058087,30.262147],[120.057937,30.262033],[120.058372,30.261509],[120.059229,30.261685],[120.059523,30.261384],[120.059754,30.261407],[120.059895,30.261239],[120.059967,30.260941],[120.059568,30.260847],[120.059423,30.260926],[120.059365,30.261207],[120.059432,30.261415],[120.059283,30.261524],[120.058998,30.261556],[120.058359,30.261395],[120.058404,30.260922],[120.058816,30.260628],[120.059043,30.260276],[120.059564,30.260444],[120.059274,30.260303],[120.059197,30.260049],[120.059075,30.259998],[120.058703,30.260605],[120.058142,30.260622],[120.058345,30.260695],[120.058381,30.260859],[120.058096,30.261869],[120.057548,30.262104],[120.056302,30.261724],[120.056252,30.261834],[120.057072,30.262021],[120.057312,30.262178],[120.057384,30.262335],[120.057366,30.263121],[120.057443,30.262327],[120.057575,30.262209],[120.057883,30.262178],[120.0581,30.262291],[120.059115,30.262405],[120.059238,30.262456],[120.059301,30.262659],[120.060139,30.262843],[120.060316,30.262781],[120.060389,30.262816],[120.060239,30.262937],[120.060325,30.263055],[120.060683,30.263152],[120.060887,30.263098],[120.060846,30.263301],[120.061118,30.263462],[120.060819,30.263438],[120.060701,30.263532],[120.060592,30.263959],[120.06066,30.264158],[120.05994,30.264029],[120.0598,30.264323],[120.059605,30.264346],[120.059659,30.263994],[120.059487,30.263892],[120.059405,30.264385],[120.059591,30.264467],[120.059337,30.264593],[120.059396,30.264722],[120.059011,30.264843],[120.058617,30.264839],[120.058341,30.264976],[120.058689,30.265],[120.058689,30.265426],[120.058535,30.265442],[120.058449,30.265199],[120.058205,30.265097],[120.058164,30.264964],[120.058354,30.264839],[120.058304,30.264776],[120.05786,30.264949],[120.057838,30.265266],[120.058001,30.265039],[120.058146,30.265066],[120.058205,30.265559],[120.058014,30.265414],[120.057647,30.265458]],[[120.060212,30.269389],[120.060084,30.269286],[120.060231,30.269122],[120.060221,30.268954],[120.059936,30.268929],[120.059931,30.268823],[120.059746,30.268774],[120.05976,30.268691],[120.059969,30.268622],[120.060392,30.268839],[120.060421,30.269085],[120.060212,30.269389]],[[120.057874,30.269147],[120.057717,30.269073],[120.057917,30.268876],[120.058016,30.26904],[120.057874,30.269147]],[[120.058905,30.270932],[120.058781,30.270838],[120.058724,30.270321],[120.058553,30.270202],[120.058078,30.26881],[120.058102,30.268683],[120.058216,30.268655],[120.058553,30.268683],[120.05909,30.268564],[120.059219,30.268577],[120.059242,30.268736],[120.059342,30.268556],[120.059371,30.268675],[120.059661,30.268704],[120.059694,30.269188],[120.059832,30.26897],[120.059922,30.268975],[120.059922,30.269237],[120.059775,30.269828],[120.059333,30.269787],[120.059371,30.269943],[120.059722,30.269939],[120.059732,30.270194],[120.059428,30.27007],[120.059337,30.270391],[120.059086,30.270325],[120.058915,30.270386],[120.058934,30.270579],[120.059062,30.270653],[120.058905,30.270932]],[[120.059361,30.271556],[120.05928,30.271511],[120.059314,30.271347],[120.059057,30.271289],[120.058905,30.271035],[120.059048,30.271043],[120.059162,30.27122],[120.059333,30.271182],[120.059414,30.270838],[120.059166,30.27062],[120.059727,30.270604],[120.05996,30.269738],[120.060112,30.269422],[120.060216,30.269426],[120.060226,30.269607],[120.059589,30.271416],[120.059361,30.271556]],[[120.059889,30.271671],[120.059665,30.271478],[120.060216,30.2698],[120.060478,30.269676],[120.060682,30.269771],[120.060697,30.269935],[120.060483,30.270198],[120.060064,30.27122],[120.060003,30.271613],[120.059889,30.271671]],[[120.060525,30.269611],[120.060369,30.269566],[120.060354,30.269373],[120.061153,30.267165],[120.061476,30.267181],[120.061538,30.2673],[120.061262,30.268035],[120.061305,30.268137],[120.060815,30.269122],[120.060763,30.269508],[120.060525,30.269611]],[[120.059836,30.268531],[120.060321,30.268655],[120.060459,30.268597],[120.060925,30.266972],[120.060174,30.266787],[120.060573,30.266943],[120.060131,30.266972],[120.059836,30.268531]],[[120.058392,30.268421],[120.058016,30.268388],[120.057684,30.267846],[120.057603,30.267448],[120.057475,30.267395],[120.057242,30.26698],[120.057242,30.266644],[120.05738,30.266557],[120.057418,30.266213],[120.057508,30.266401],[120.057712,30.266438],[120.057807,30.266734],[120.058197,30.266886],[120.058093,30.266981],[120.058259,30.267281],[120.058492,30.267267],[120.058615,30.267079],[120.058706,30.267189],[120.058924,30.267165],[120.058896,30.266697],[120.059124,30.266496],[120.059637,30.266594],[120.059651,30.267255],[120.058995,30.267337],[120.05938,30.267448],[120.059642,30.267395],[120.059751,30.267276],[120.059832,30.266746],[120.059993,30.266783],[120.059846,30.267653],[120.059775,30.267768],[120.05957,30.267793],[120.05977,30.267867],[120.059642,30.268548],[120.059223,30.268482],[120.058487,30.268618],[120.058449,30.268445],[120.058786,30.268334],[120.058758,30.268215],[120.058392,30.268421]],[[120.058515,30.26698],[120.058368,30.266869],[120.058601,30.266734],[120.058653,30.266845],[120.058515,30.26698]],[[120.05891,30.266401],[120.058948,30.265182],[120.058791,30.265133],[120.058801,30.264924],[120.059152,30.264924],[120.0592,30.265347],[120.059238,30.264858],[120.059371,30.264846],[120.059451,30.265133],[120.059394,30.265457],[120.05968,30.265031],[120.059437,30.264883],[120.059523,30.264706],[120.059893,30.264784],[120.059898,30.264948],[120.060069,30.265031],[120.060074,30.265125],[120.059836,30.265133],[120.059798,30.265211],[120.059898,30.265265],[120.06063,30.265199],[120.060535,30.265396],[120.059941,30.265375],[120.059756,30.265277],[120.059727,30.265355],[120.060426,30.265511],[120.060131,30.266352],[120.059718,30.26643],[120.059029,30.266286],[120.05891,30.266401]],[[120.060787,30.266668],[120.060725,30.265835],[120.061214,30.265318],[120.060882,30.265137],[120.061623,30.265375],[120.06177,30.26492],[120.061176,30.264706],[120.060877,30.264944],[120.060421,30.266007],[120.060312,30.266524],[120.060335,30.266615],[120.060787,30.266668]],[[120.060316,30.264788],[120.060464,30.264513],[120.060934,30.264554],[120.060772,30.264883],[120.060316,30.264788]],[[120.059912,30.264747],[120.059665,30.26469],[120.059604,30.264579],[120.059979,30.264604],[120.059779,30.264509],[120.059889,30.264378],[120.060293,30.264534],[120.059912,30.264747]],[[120.060806,30.263935],[120.06082,30.263623],[120.061252,30.263725],[120.061167,30.263947],[120.060939,30.263803],[120.060806,30.263935]],[[120.061115,30.264567],[120.060929,30.26423],[120.061276,30.263881],[120.061305,30.26361],[120.061214,30.263508],[120.061424,30.2632],[120.061395,30.263085],[120.061723,30.26304],[120.06207,30.263159],[120.062094,30.263446],[120.061965,30.263623],[120.062022,30.263869],[120.061718,30.264698],[120.061115,30.264567]],[[120.061433,30.263003],[120.061614,30.263007],[120.061756,30.262761],[120.061424,30.262724],[120.061433,30.263003]],[[120.060958,30.266779],[120.060872,30.266726],[120.060791,30.266122],[120.060853,30.265728],[120.061352,30.265351],[120.061533,30.265449],[120.060958,30.266779]],[[120.059559,30.261346],[120.059451,30.261237],[120.059583,30.260929],[120.059821,30.260962],[120.05977,30.261237],[120.059559,30.261346]],[[120.0612,30.262253],[120.061081,30.26218],[120.061222,30.261844],[120.061249,30.261396],[120.061577,30.261087],[120.061692,30.261083],[120.061621,30.261362],[120.061435,30.261599],[120.061306,30.262203],[120.0612,30.262253]],[[120.066607,30.264613],[120.06662,30.264429],[120.066939,30.264349],[120.066988,30.264101],[120.067377,30.264066],[120.067608,30.263741],[120.067718,30.263726],[120.067258,30.26454],[120.066607,30.264613]],[[120.064756,30.264525],[120.064681,30.264422],[120.064853,30.26389],[120.064419,30.263722],[120.064583,30.263496],[120.065106,30.263561],[120.064716,30.263427],[120.064774,30.263309],[120.066133,30.263462],[120.066355,30.263565],[120.06631,30.263905],[120.066018,30.264414],[120.065588,30.264208],[120.065681,30.264009],[120.065947,30.264154],[120.066093,30.264047],[120.066009,30.263925],[120.065686,30.263829],[120.065659,30.263657],[120.065447,30.263852],[120.065367,30.264116],[120.065115,30.264192],[120.06488,30.264536],[120.064756,30.264525]],[[120.062679,30.263871],[120.062196,30.263733],[120.062183,30.26363],[120.062719,30.263783],[120.062776,30.263653],[120.0629,30.263665],[120.062679,30.263871]],[[120.063038,30.266143],[120.062861,30.265925],[120.062954,30.265493],[120.063131,30.265386],[120.063582,30.265443],[120.06356,30.2656],[120.06329,30.265898],[120.063414,30.265986],[120.063379,30.266177],[120.063038,30.266143]],[[120.061271,30.266877],[120.061643,30.266973],[120.061789,30.266896],[120.062103,30.26604],[120.061904,30.266839],[120.062635,30.26695],[120.062954,30.266261],[120.062701,30.266177],[120.062652,30.266024],[120.062887,30.265497],[120.062732,30.265194],[120.06256,30.265122],[120.062378,30.265175],[120.062307,30.265041],[120.061878,30.26498],[120.061669,30.26555],[120.061364,30.26599],[120.061271,30.266877]],[[120.061745,30.268774],[120.061368,30.268659],[120.061333,30.268541],[120.061639,30.268453],[120.061612,30.268315],[120.061483,30.26825],[120.061785,30.267179],[120.061953,30.267084],[120.062506,30.267176],[120.062542,30.267313],[120.062201,30.268246],[120.061745,30.268774]],[[120.061594,30.268973],[120.06128,30.268816],[120.061678,30.268881],[120.061594,30.268973]],[[120.061098,30.269826],[120.060934,30.269738],[120.060917,30.269405],[120.06116,30.268984],[120.061267,30.268973],[120.061519,30.269126],[120.06155,30.26929],[120.061098,30.269826]]]]}},{"type":"Feature","properties":{"kind":"water","osmId":"relation/10866057"},"geometry":{"type":"MultiPolygon","coordinates":[[[[120.053418,30.266537],[120.053025,30.266565],[120.052987,30.266715],[120.052779,30.266465],[120.052663,30.266465],[120.052618,30.266572],[120.052615,30.266489],[120.052416,30.266433],[120.052379,30.266515],[120.052175,30.266489],[120.052259,30.266355],[120.05212,30.266339],[120.052139,30.266474],[120.051946,30.26645],[120.052015,30.266304],[120.051875,30.266289],[120.051916,30.266439],[120.051843,30.266441],[120.051761,30.266275],[120.051826,30.266185],[120.05215,30.266222],[120.052871,30.266492],[120.053023,30.266424],[120.053424,30.266471],[120.053579,30.266394],[120.053709,30.265978],[120.054077,30.265814],[120.054445,30.264353],[120.05419,30.264168],[120.054463,30.264081],[120.054665,30.263686],[120.054463,30.263327],[120.054944,30.263563],[120.055262,30.263293],[120.055763,30.261498],[120.055688,30.260996],[120.055349,30.260714],[120.055779,30.260708],[120.055943,30.260248],[120.056028,30.260243],[120.055985,30.260405],[120.056149,30.260394],[120.056361,30.25995],[120.056403,30.258788],[120.05687,30.257888],[120.057242,30.257528],[120.05749,30.257699],[120.057252,30.257736],[120.056912,30.258144],[120.056561,30.258966],[120.056658,30.259149],[120.056809,30.25918],[120.056955,30.25906],[120.0569,30.258824],[120.057021,30.258646],[120.057027,30.258427],[120.057567,30.258222],[120.057706,30.258034],[120.057651,30.257788],[120.058198,30.257973],[120.058087,30.258052],[120.058128,30.25816],[120.05828,30.257997],[120.058676,30.258111],[120.058093,30.258455],[120.057595,30.258473],[120.057585,30.25895],[120.057359,30.259249],[120.056639,30.259242],[120.056485,30.259479],[120.056571,30.25977],[120.056505,30.259956],[120.057073,30.260178],[120.057244,30.260494],[120.058176,30.260583],[120.057872,30.260624],[120.057821,30.260785],[120.057505,30.260859],[120.057851,30.261123],[120.057862,30.261713],[120.057394,30.261709],[120.057364,30.261423],[120.05747,30.261258],[120.057359,30.260933],[120.057163,30.260963],[120.056897,30.26118],[120.056766,30.261514],[120.056922,30.261696],[120.057209,30.261657],[120.057214,30.261852],[120.056485,30.261709],[120.056445,30.261505],[120.056646,30.261527],[120.056686,30.261366],[120.05638,30.261306],[120.056375,30.261076],[120.05649,30.260894],[120.056922,30.261006],[120.057073,30.260937],[120.057098,30.260824],[120.05653,30.260464],[120.056345,30.260499],[120.056028,30.260867],[120.056219,30.261076],[120.056302,30.261724],[120.056104,30.261961],[120.056234,30.2621],[120.056666,30.262251],[120.056681,30.262442],[120.056485,30.26249],[120.056249,30.262264],[120.056154,30.262559],[120.056455,30.262625],[120.056385,30.26295],[120.055973,30.262919],[120.055943,30.262642],[120.055792,30.26272],[120.055656,30.263015],[120.055692,30.262729],[120.055852,30.262546],[120.055817,30.26203],[120.055993,30.261974],[120.056174,30.261713],[120.055908,30.261527],[120.055742,30.261795],[120.05533,30.263339],[120.055396,30.263409],[120.055593,30.263141],[120.05579,30.263223],[120.055841,30.263361],[120.055429,30.263541],[120.055334,30.263462],[120.055326,30.263604],[120.056909,30.263977],[120.057003,30.262992],[120.056995,30.263941],[120.05735,30.264003],[120.057369,30.263165],[120.057426,30.264042],[120.057116,30.264296],[120.057022,30.26412],[120.056735,30.264114],[120.056591,30.263951],[120.056327,30.263961],[120.056188,30.264065],[120.055784,30.263752],[120.054927,30.263895],[120.054696,30.264405],[120.05475,30.264504],[120.054559,30.264815],[120.054314,30.265791],[120.054297,30.266116],[120.054385,30.266197],[120.054166,30.26629],[120.054341,30.26663],[120.05486,30.266766],[120.054554,30.266903],[120.054472,30.267219],[120.054559,30.267322],[120.05433,30.267648],[120.054194,30.268247],[120.054215,30.26868],[120.054336,30.268873],[120.054292,30.269005],[120.054439,30.269057],[120.054636,30.268873],[120.05469,30.269095],[120.054827,30.269147],[120.05504,30.269062],[120.054909,30.268916],[120.05498,30.268878],[120.055782,30.268855],[120.055869,30.268883],[120.055995,30.269411],[120.055946,30.269637],[120.055648,30.26978],[120.055624,30.269439],[120.055438,30.269472],[120.055454,30.269911],[120.055373,30.26992],[120.055127,30.269896],[120.055089,30.269793],[120.055236,30.269382],[120.055193,30.26926],[120.054468,30.269136],[120.054346,30.269149],[120.054215,30.26935],[120.05421,30.269906],[120.054412,30.269986],[120.054128,30.270179],[120.054172,30.270698],[120.054281,30.270995],[120.054483,30.271211],[120.054379,30.271678],[120.054554,30.272051],[120.054439,30.272442],[120.054789,30.273955],[120.054707,30.274134],[120.054467,30.274233],[120.054362,30.274208],[120.054469,30.273408],[120.054249,30.272019],[120.053691,30.271813],[120.053798,30.271311],[120.053359,30.271167],[120.053822,30.271019],[120.053774,30.270767],[120.053858,30.270501],[120.05403,30.270403],[120.053982,30.269865],[120.05416,30.269173],[120.054095,30.268368],[120.054249,30.267414],[120.054475,30.266876],[120.054356,30.266707],[120.053418,30.266537]],[[120.055471,30.269222],[120.055346,30.269164],[120.055391,30.269034],[120.05568,30.269095],[120.055471,30.269222]],[[120.055493,30.269383],[120.055431,30.269257],[120.05556,30.269268],[120.055493,30.269383]],[[120.055967,30.262332],[120.055888,30.262286],[120.05592,30.26212],[120.056034,30.262251],[120.055967,30.262332]]]]}},{"type":"Feature","properties":{"kind":"water","osmId":"relation/10866611"},"geometry":{"type":"MultiPolygon","coordinates":[[[[120.056262,30.265377],[120.056348,30.265815],[120.056282,30.265905],[120.055526,30.265646],[120.055631,30.265274],[120.055741,30.265187],[120.056127,30.265209],[120.056262,30.265377]],[[120.055952,30.265568],[120.055927,30.265477],[120.056007,30.265451],[120.055952,30.265568]]]]}},{"type":"Feature","properties":{"kind":"water","osmId":"relation/10866649"},"geometry":{"type":"MultiPolygon","coordinates":[[[[120.063832,30.274687],[120.063865,30.274269],[120.064316,30.273011],[120.064783,30.272057],[120.064948,30.272043],[120.064871,30.271811],[120.065162,30.270843],[120.065475,30.270126],[120.065635,30.26996],[120.065849,30.269979],[120.065085,30.269665],[120.065068,30.269205],[120.06486,30.268887],[120.064189,30.268673],[120.063607,30.269196],[120.063436,30.269609],[120.063255,30.269751],[120.063238,30.269851],[120.063469,30.26995],[120.063546,30.270102],[120.06331,30.270762],[120.063271,30.271165],[120.063651,30.270031],[120.063343,30.269798],[120.063706,30.269172],[120.064156,30.268754],[120.064673,30.26892],[120.064997,30.269267],[120.064981,30.269594],[120.065151,30.269798],[120.065327,30.270344],[120.064959,30.271241],[120.064799,30.271412],[120.064601,30.271455],[120.064695,30.271834],[120.06464,30.272072],[120.064112,30.273277],[120.064074,30.273709],[120.063805,30.274127],[120.063783,30.274649],[120.063563,30.274872],[120.063008,30.274962],[120.062266,30.274737],[120.063159,30.275233],[120.062941,30.275643],[120.062696,30.275648],[120.062634,30.275494],[120.062601,30.275696],[120.062299,30.275773],[120.062584,30.276096],[120.062696,30.275749],[120.06293,30.275763],[120.063036,30.275971],[120.062762,30.276905],[120.06245,30.276963],[120.062127,30.276761],[120.062327,30.277103],[120.062149,30.277242],[120.062115,30.277811],[120.06221,30.277926],[120.062478,30.277931],[120.062576,30.278056],[120.062699,30.277897],[120.06318,30.277867],[120.06327,30.277882],[120.063337,30.278133],[120.063622,30.278051],[120.063639,30.278162],[120.063762,30.278172],[120.063969,30.278012],[120.063432,30.277983],[120.063398,30.277853],[120.062962,30.277747],[120.062828,30.277457],[120.063068,30.276187],[120.063387,30.276302],[120.064069,30.276288],[120.06403,30.276182],[120.063247,30.276162],[120.063119,30.275979],[120.063359,30.275196],[120.063769,30.274787],[120.064371,30.275027],[120.064511,30.274805],[120.06478,30.274858],[120.065155,30.274665],[120.065238,30.274733],[120.065434,30.27451],[120.065686,30.274438],[120.066195,30.274626],[120.066307,30.27481],[120.066206,30.27509],[120.06587,30.275066],[120.0661,30.275196],[120.06616,30.275617],[120.0662,30.275423],[120.066384,30.275388],[120.06686,30.275443],[120.067224,30.2758],[120.067448,30.27567],[120.067425,30.275486],[120.06719,30.275351],[120.067017,30.275457],[120.066284,30.275317],[120.066256,30.275134],[120.066458,30.274771],[120.067129,30.274844],[120.066983,30.274771],[120.067067,30.274525],[120.067028,30.274477],[120.066816,30.274704],[120.066558,30.274472],[120.066156,30.274515],[120.065647,30.274332],[120.065675,30.274042],[120.065535,30.273665],[120.065591,30.27353],[120.065792,30.273457],[120.065339,30.273554],[120.0653,30.273641],[120.065423,30.273709],[120.065456,30.274003],[120.065624,30.274061],[120.065456,30.274448],[120.065305,30.274554],[120.064729,30.274713],[120.064724,30.274549],[120.064987,30.274561],[120.064802,30.274438],[120.064808,30.274308],[120.064405,30.274839],[120.064069,30.274824],[120.063832,30.274687]]]]}},{"type":"Feature","properties":{"kind":"water","osmId":"relation/10866669"},"geometry":{"type":"MultiPolygon","coordinates":[[[[120.063841,30.276788],[120.063992,30.276856],[120.063972,30.276924],[120.063292,30.276856],[120.063312,30.277025],[120.063704,30.277031],[120.063658,30.277426],[120.063253,30.277505],[120.063018,30.277454],[120.063012,30.277166],[120.063208,30.27707],[120.063005,30.276963],[120.063155,30.276862],[120.063208,30.276422],[120.063423,30.27641],[120.063514,30.276529],[120.063789,30.276455],[120.063841,30.276788]],[[120.06356,30.276783],[120.063456,30.276704],[120.063547,30.276608],[120.063632,30.276709],[120.06356,30.276783]]]]}},{"type":"Feature","properties":{"kind":"water","osmId":"relation/10866715"},"geometry":{"type":"MultiPolygon","coordinates":[[[[120.05824,30.274315],[120.058274,30.274417],[120.05767,30.274438],[120.057477,30.274866],[120.0572,30.274982],[120.057284,30.274656],[120.057175,30.274612],[120.056949,30.274699],[120.056907,30.274822],[120.056747,30.274764],[120.056772,30.274648],[120.056663,30.274598],[120.05621,30.274525],[120.056084,30.274641],[120.0559,30.274453],[120.056051,30.27438],[120.05611,30.274221],[120.056043,30.27409],[120.056177,30.274083],[120.056311,30.274388],[120.056798,30.274525],[120.057116,30.274424],[120.05741,30.274453],[120.057511,30.274214],[120.057913,30.274069],[120.057955,30.273902],[120.057678,30.273967],[120.05762,30.273844],[120.057494,30.27383],[120.057401,30.273605],[120.056865,30.273417],[120.056269,30.273511],[120.056143,30.273844],[120.055665,30.273924],[120.055573,30.273837],[120.056009,30.273801],[120.056101,30.273721],[120.056168,30.273098],[120.056798,30.272953],[120.057142,30.272555],[120.057922,30.272779],[120.058576,30.273156],[120.059021,30.272837],[120.05913,30.272359],[120.05923,30.272388],[120.059331,30.272627],[120.059205,30.272852],[120.05861,30.273359],[120.058542,30.27362],[120.058601,30.273837],[120.059113,30.273931],[120.059163,30.27412],[120.060698,30.274315],[120.060833,30.274235],[120.061596,30.272279],[120.060975,30.272033],[120.060407,30.27193],[120.060434,30.271875],[120.062301,30.272301],[120.06298,30.272113],[120.063114,30.271968],[120.062997,30.272178],[120.06246,30.272316],[120.061672,30.272308],[120.0609,30.274279],[120.060942,30.274359],[120.062074,30.274699],[120.061881,30.275424],[120.061705,30.275112],[120.061294,30.275199],[120.061302,30.275047],[120.061613,30.274996],[120.06163,30.274772],[120.061235,30.274583],[120.060799,30.27454],[120.060698,30.274605],[120.060539,30.275119],[120.060514,30.275764],[120.061067,30.27588],[120.060623,30.275851],[120.06048,30.275924],[120.060447,30.275206],[120.060153,30.275076],[120.060447,30.274989],[120.060556,30.27467],[120.060438,30.274409],[120.05913,30.274192],[120.058735,30.274243],[120.058568,30.274018],[120.058274,30.273938],[120.058123,30.27404],[120.058366,30.27417],[120.05835,30.274257],[120.057964,30.274178],[120.057922,30.274257],[120.05824,30.274315]],[[120.057738,30.273751],[120.05763,30.273573],[120.05776,30.273339],[120.058393,30.273166],[120.058528,30.273208],[120.058436,30.273508],[120.058231,30.273709],[120.057738,30.273751]],[[120.057476,30.273533],[120.057135,30.273388],[120.056899,30.272986],[120.056967,30.272799],[120.057228,30.27259],[120.057922,30.272831],[120.05835,30.273142],[120.057662,30.273286],[120.057476,30.273533]],[[120.056372,30.273383],[120.05626,30.273377],[120.05626,30.273136],[120.056707,30.273035],[120.056793,30.273131],[120.056731,30.27334],[120.056372,30.273383]],[[120.057612,30.274417],[120.05755,30.274304],[120.057718,30.274181],[120.057742,30.274288],[120.057612,30.274417]]]]}},{"type":"Feature","properties":{"kind":"water","osmId":"relation/10866716"},"geometry":{"type":"MultiPolygon","coordinates":[[[[120.059187,30.275736],[120.058932,30.275755],[120.059044,30.274883],[120.058977,30.274773],[120.058656,30.274812],[120.058596,30.274696],[120.058491,30.274715],[120.058543,30.274353],[120.059112,30.274282],[120.05962,30.274418],[120.059942,30.274405],[120.05989,30.274773],[120.059628,30.274864],[120.059972,30.274902],[120.05995,30.275103],[120.059778,30.275122],[120.05968,30.275032],[120.059456,30.27509],[120.06004,30.275232],[120.060024,30.275348],[120.059695,30.275348],[120.059613,30.275439],[120.060002,30.275484],[120.06004,30.275749],[120.060129,30.275665],[120.060114,30.275503],[120.060324,30.275516],[120.060309,30.275936],[120.059269,30.275852],[120.059187,30.275736]],[[120.059671,30.274724],[120.059575,30.274633],[120.059647,30.274514],[120.059671,30.274724]],[[120.059328,30.274941],[120.059138,30.274847],[120.059242,30.274444],[120.05938,30.27449],[120.059333,30.274584],[120.059438,30.27481],[120.059328,30.274941]],[[120.059419,30.275438],[120.059152,30.275356],[120.059152,30.275245],[120.059485,30.275295],[120.059419,30.275438]]]]}},{"type":"Feature","properties":{"kind":"water","osmId":"relation/10868926"},"geometry":{"type":"MultiPolygon","coordinates":[[[[120.054467,30.274233],[120.055495,30.274463],[120.0559,30.274453],[120.056119,30.274717],[120.056827,30.275009],[120.057421,30.275704],[120.058174,30.275938],[120.058256,30.276289],[120.058655,30.27666],[120.058678,30.277121],[120.058911,30.277433],[120.060574,30.277628],[120.060815,30.277465],[120.060882,30.277582],[120.061311,30.27768],[120.06156,30.277972],[120.062335,30.278037],[120.062568,30.278193],[120.063598,30.278381],[120.064268,30.278466],[120.064465,30.278322],[120.064832,30.278429],[120.064614,30.279307],[120.065366,30.279504],[120.065333,30.279611],[120.064571,30.279495],[120.064261,30.27981],[120.064647,30.280232],[120.064634,30.281298],[120.065287,30.281453],[120.065338,30.28194],[120.065228,30.281947],[120.065224,30.281571],[120.065134,30.281453],[120.064671,30.281453],[120.064576,30.28178],[120.064623,30.28068],[120.06455,30.280284],[120.064139,30.279893],[120.063286,30.279934],[120.063091,30.280125],[120.062938,30.279907],[120.062227,30.279961],[120.061632,30.281799],[120.061569,30.282363],[120.061753,30.282517],[120.061679,30.282617],[120.061485,30.282608],[120.061437,30.282508],[120.060463,30.28249],[120.059052,30.282313],[120.058567,30.282353],[120.058183,30.282031],[120.056898,30.281899],[120.056619,30.281981],[120.056866,30.280607],[120.056803,30.280098],[120.056666,30.280007],[120.05596,30.279989],[120.055428,30.280534],[120.055328,30.279943],[120.055007,30.27992],[120.05486,30.28003],[120.054657,30.27996],[120.05449,30.280297],[120.054541,30.281052],[120.054624,30.281136],[120.055057,30.281136],[120.055117,30.281312],[120.054638,30.281252],[120.054624,30.281722],[120.054439,30.281674],[120.054429,30.28075],[120.054057,30.278411],[120.054039,30.277564],[120.052584,30.277447],[120.052582,30.277356],[120.053303,30.277309],[120.053414,30.276976],[120.053872,30.27696],[120.05386,30.27685],[120.053591,30.276712],[120.053847,30.276385],[120.053523,30.276153],[120.053835,30.2761],[120.053976,30.275931],[120.053896,30.275251],[120.053951,30.274808],[120.054189,30.274992],[120.054293,30.274765],[120.054244,30.274665],[120.053933,30.274586],[120.053921,30.274048],[120.054467,30.274233]],[[120.054299,30.274534],[120.054674,30.274499],[120.054374,30.274459],[120.054299,30.274534]],[[120.056359,30.277669],[120.056279,30.277412],[120.055626,30.277076],[120.055649,30.276216],[120.055088,30.276216],[120.055008,30.276008],[120.054292,30.275949],[120.05416,30.275509],[120.054412,30.275291],[120.054475,30.274807],[120.054996,30.274688],[120.055494,30.274722],[120.055758,30.274762],[120.055844,30.274989],[120.056147,30.27495],[120.056599,30.275044],[120.056788,30.27534],[120.057361,30.275746],[120.057418,30.276082],[120.057962,30.276201],[120.058311,30.276656],[120.058329,30.276977],[120.057916,30.277719],[120.057384,30.277739],[120.057281,30.277625],[120.057281,30.277299],[120.057212,30.277294],[120.057155,30.277492],[120.056828,30.277704],[120.056359,30.277669]],[[120.05542,30.27671],[120.055351,30.276611],[120.055471,30.276542],[120.05542,30.27671]],[[120.055151,30.277096],[120.055025,30.276977],[120.055116,30.276592],[120.055208,30.276651],[120.055151,30.277096]],[[120.056296,30.277674],[120.05613,30.27763],[120.05617,30.277521],[120.05629,30.277546],[120.056296,30.277674]],[[120.054555,30.278619],[120.054475,30.278471],[120.054716,30.278466],[120.054555,30.278619]],[[120.055448,30.278199],[120.054492,30.277951],[120.054458,30.27761],[120.054756,30.277249],[120.055901,30.277363],[120.056118,30.277704],[120.056972,30.277818],[120.05708,30.277917],[120.056891,30.278431],[120.055872,30.278154],[120.055448,30.278199]],[[120.054684,30.279761],[120.055295,30.27982],[120.055836,30.279721],[120.055676,30.279465],[120.055723,30.278992],[120.055958,30.279018],[120.056017,30.27911],[120.055934,30.279721],[120.056599,30.27987],[120.056891,30.279801],[120.056972,30.279662],[120.056977,30.278594],[120.05613,30.278332],[120.05554,30.278372],[120.055368,30.278574],[120.055162,30.278471],[120.055025,30.278742],[120.055071,30.279143],[120.054527,30.279232],[120.054492,30.279494],[120.054684,30.279761]],[[120.057544,30.281882],[120.056897,30.281788],[120.056783,30.28168],[120.057172,30.278935],[120.057063,30.278471],[120.057172,30.277912],[120.057624,30.277932],[120.057767,30.27809],[120.057727,30.277877],[120.057916,30.277803],[120.058231,30.278184],[120.058185,30.277363],[120.058311,30.277195],[120.058535,30.27718],[120.058695,30.277482],[120.058844,30.277571],[120.060247,30.277709],[120.060424,30.277897],[120.061163,30.277927],[120.061764,30.278352],[120.062417,30.278456],[120.062016,30.279346],[120.062148,30.279529],[120.062027,30.279791],[120.060975,30.27989],[120.060329,30.279796],[120.060214,30.279965],[120.059823,30.27994],[120.059345,30.279751],[120.059149,30.279791],[120.059054,30.280023],[120.059915,30.280243],[120.060168,30.280219],[120.060266,30.280015],[120.060491,30.279905],[120.061902,30.280034],[120.061959,30.280179],[120.061741,30.281069],[120.061441,30.282079],[120.061262,30.282357],[120.060243,30.282327],[120.060122,30.282203],[120.060111,30.28182],[120.059846,30.282143],[120.059109,30.282213],[120.058884,30.282158],[120.058671,30.281919],[120.057544,30.281882]],[[120.062391,30.279816],[120.062339,30.279661],[120.062512,30.278547],[120.064154,30.278816],[120.064194,30.278577],[120.064269,30.278567],[120.064563,30.278726],[120.064476,30.279144],[120.064125,30.279766],[120.063612,30.279845],[120.062391,30.279816]]]]}},{"type":"Feature","properties":{"kind":"water","osmId":"relation/10869005"},"geometry":{"type":"MultiPolygon","coordinates":[[[[120.056478,30.288691],[120.055292,30.287647],[120.05507,30.287281],[120.054998,30.286148],[120.05455,30.284276],[120.054439,30.281674],[120.054624,30.281722],[120.054699,30.283745],[120.055131,30.285724],[120.055345,30.287414],[120.05627,30.2882],[120.056544,30.288621],[120.056478,30.288691]]]]}},{"type":"Feature","properties":{"kind":"water","osmId":"relation/10869996"},"geometry":{"type":"MultiPolygon","coordinates":[[[[120.045538,30.275401],[120.046304,30.275614],[120.04663,30.275871],[120.046903,30.275893],[120.047069,30.275719],[120.047711,30.275786],[120.047825,30.27596],[120.047973,30.275878],[120.048075,30.275981],[120.048472,30.27601],[120.049003,30.276244],[120.049022,30.276631],[120.04796,30.276517],[120.048776,30.276702],[120.048886,30.276875],[120.048815,30.27702],[120.048549,30.27678],[120.04765,30.276584],[120.04774,30.276467],[120.04765,30.276316],[120.047222,30.276322],[120.04708,30.276534],[120.046413,30.276489],[120.046413,30.276556],[120.047048,30.276618],[120.047093,30.276696],[120.046886,30.277177],[120.046251,30.277177],[120.04618,30.277283],[120.046569,30.277367],[120.046678,30.277278],[120.047041,30.277272],[120.046974,30.277428],[120.04585,30.277389],[120.045798,30.277076],[120.04563,30.27697],[120.045597,30.276758],[120.045338,30.276948],[120.045299,30.277468],[120.045546,30.278558],[120.045824,30.278519],[120.045953,30.278345],[120.045811,30.277926],[120.045908,30.277535],[120.047013,30.277502],[120.046974,30.27758],[120.046119,30.277633],[120.046685,30.277666],[120.046713,30.277912],[120.046808,30.278006],[120.047107,30.278022],[120.047117,30.278214],[120.047385,30.278212],[120.047388,30.27811],[120.04789,30.278195],[120.047974,30.278074],[120.047906,30.277916],[120.048162,30.277893],[120.048142,30.277546],[120.048496,30.277607],[120.048598,30.277935],[120.048415,30.2783],[120.048717,30.27826],[120.048841,30.278932],[120.048284,30.279178],[120.048161,30.279402],[120.047954,30.27938],[120.047863,30.279184],[120.047475,30.279139],[120.047481,30.279575],[120.047637,30.279693],[120.048116,30.279637],[120.048394,30.279849],[120.049009,30.279877],[120.049221,30.28],[120.049944,30.279928],[120.050049,30.279976],[120.050126,30.28034],[120.050477,30.280425],[120.05047,30.280109],[120.050133,30.279885],[120.049319,30.279958],[120.049136,30.279879],[120.049214,30.279728],[120.049424,30.279691],[120.049431,30.279382],[120.049059,30.27897],[120.04908,30.278806],[120.049431,30.278843],[120.051973,30.278595],[120.052055,30.278697],[120.052006,30.27891],[120.051834,30.27896],[120.0516,30.278883],[120.05146,30.279088],[120.051774,30.279],[120.051867,30.279485],[120.052105,30.279497],[120.052239,30.279479],[120.052274,30.27937],[120.052169,30.278685],[120.052604,30.27857],[120.053818,30.278485],[120.052253,30.278558],[120.051923,30.278467],[120.051818,30.27777],[120.051874,30.277539],[120.052584,30.277447],[120.052582,30.277356],[120.051691,30.277242],[120.051593,30.277115],[120.051677,30.27686],[120.0516,30.276721],[120.051151,30.276733],[120.051024,30.276509],[120.050014,30.276285],[120.049438,30.275927],[120.049059,30.275957],[120.048189,30.275715],[120.046757,30.275491],[120.046623,30.275345],[120.04635,30.275302],[120.046062,30.275424],[120.045598,30.275326],[120.045538,30.275401]],[[120.049135,30.279481],[120.048928,30.279228],[120.049097,30.279274],[120.049135,30.279481]],[[120.049477,30.278749],[120.049205,30.278711],[120.049162,30.278608],[120.049591,30.27849],[120.049586,30.278213],[120.049309,30.278317],[120.049178,30.278096],[120.049695,30.277927],[120.049776,30.277556],[120.049684,30.277345],[120.049836,30.276692],[120.050369,30.276669],[120.050499,30.276866],[120.051103,30.27695],[120.051163,30.277209],[120.051614,30.277326],[120.051777,30.277476],[120.051828,30.278445],[120.051717,30.27854],[120.049477,30.278749]],[[120.048944,30.278528],[120.04883,30.27835],[120.048863,30.27765],[120.048939,30.277551],[120.049118,30.277838],[120.048944,30.278528]],[[120.049007,30.277391],[120.04892,30.277273],[120.049166,30.276508],[120.049658,30.276532],[120.04945,30.277434],[120.049007,30.277391]],[[120.048694,30.2778],[120.048542,30.27757],[120.048265,30.277476],[120.047694,30.277472],[120.047629,30.277589],[120.047335,30.277617],[120.047188,30.277518],[120.047188,30.277349],[120.047286,30.277241],[120.047819,30.277321],[120.04802,30.277209],[120.048493,30.277335],[120.048808,30.277232],[120.048808,30.277702],[120.048694,30.2778]],[[120.048339,30.277006],[120.048232,30.276818],[120.048429,30.276791],[120.048339,30.277006]],[[120.047988,30.276997],[120.04784,30.276777],[120.047903,30.27674],[120.048137,30.276823],[120.047988,30.276997]],[[120.047622,30.277002],[120.047527,30.276928],[120.047505,30.276704],[120.04768,30.276722],[120.047622,30.277002]],[[120.047251,30.276901],[120.04716,30.276827],[120.047176,30.276671],[120.047415,30.276681],[120.047251,30.276901]],[[120.047261,30.276561],[120.047473,30.276607],[120.047527,30.276529],[120.047336,30.27647],[120.047261,30.276561]]]]}},{"type":"Feature","properties":{"kind":"water","osmId":"relation/10872320"},"geometry":{"type":"MultiPolygon","coordinates":[[[[120.07833,30.274447],[120.078273,30.274593],[120.07837,30.274608],[120.078452,30.274785],[120.078556,30.274794],[120.078625,30.274673],[120.078754,30.274707],[120.078775,30.274996],[120.07898,30.274937],[120.079152,30.275017],[120.079163,30.275185],[120.079536,30.275278],[120.079565,30.275603],[120.079636,30.275612],[120.079798,30.275042],[120.079364,30.275147],[120.079389,30.275048],[120.078976,30.274844],[120.079034,30.274515],[120.078833,30.274478],[120.078732,30.274593],[120.07861,30.274478],[120.07833,30.274447]]]]}},{"type":"Feature","properties":{"kind":"water","osmId":"relation/12283343"},"geometry":{"type":"MultiPolygon","coordinates":[[[[120.047691,30.267871],[120.047766,30.267978],[120.04815,30.267966],[120.048137,30.267527],[120.047825,30.267554],[120.047702,30.267677],[120.047682,30.267548],[120.047416,30.267482],[120.04736,30.267856],[120.047691,30.267871]],[[120.047682,30.267698],[120.047751,30.267721],[120.047717,30.267852],[120.047682,30.267698]]]]}},{"type":"Feature","properties":{"kind":"water","osmId":"relation/18231214"},"geometry":{"type":"MultiPolygon","coordinates":[[[[120.039421,30.256738],[120.039888,30.256847],[120.040316,30.256823],[120.040217,30.25668],[120.039837,30.25656],[120.039821,30.256269],[120.039708,30.256231],[120.039556,30.25632],[120.039359,30.256265],[120.039421,30.256738]],[[120.039547,30.256594],[120.039513,30.256485],[120.039671,30.256446],[120.039678,30.256602],[120.039547,30.256594]]]]}}]}
