{"type":"FeatureCollection","attribution":"© OpenStreetMap contributors","license":"https://opendatacommons.org/licenses/odbl/1-0/","source":"https://api.openstreetmap.org/api/0.6/map.json","retrievedAt":"2026-10-08T22:00:43.355730+00:00","bbox":[121.565,31.175,121.635,31.225],"features":[{"type":"Feature","properties":{"kind":"road","osmId":"way/9366515","name":"Guanglan Road","roadClass":"tertiary"},"geometry":{"type":"LineString","coordinates":[[121.612627,31.221016],[121.613108,31.217319]]}},{"type":"Feature","properties":{"kind":"road","osmId":"way/9366676","name":"Qingtong Road","roadClass":"residential"},"geometry":{"type":"LineString","coordinates":[[121.613468,31.214727],[121.61781,31.21523]]}},{"type":"Feature","properties":{"kind":"road","osmId":"way/9366850","name":"Xiangnan Road","roadClass":"residential"},"geometry":{"type":"LineString","coordinates":[[121.612627,31.221016],[121.609822,31.220656],[121.609339,31.220464],[121.609079,31.220196],[121.60896,31.219793],[121.609311,31.21841]]}},{"type":"Feature","properties":{"kind":"road","osmId":"way/10358601","name":"Luoshan Elevated Road","roadClass":"trunk"},"geometry":{"type":"LineString","coordinates":[[121.574078,31.196852],[121.572624,31.202533]]}},{"type":"Feature","properties":{"kind":"road","osmId":"way/10358610","name":"Luoshan Elevated Road","roadClass":"trunk"},"geometry":{"type":"LineString","coordinates":[[121.571197,31.208447],[121.570008,31.213189]]}},{"type":"Feature","properties":{"kind":"road","osmId":"way/10558324","name":"Huamu Road","roadClass":"secondary"},"geometry":{"type":"LineString","coordinates":[[121.568989,31.217684],[121.557191,31.215846],[121.554145,31.215222],[121.550211,31.214066]]}},{"type":"Feature","properties":{"kind":"road","osmId":"way/10595847","name":"Luoshan Elevated Road","roadClass":"trunk"},"geometry":{"type":"LineString","coordinates":[[121.57776,31.181711],[121.579134,31.176819],[121.580408,31.173725]]}},{"type":"Feature","properties":{"kind":"road","osmId":"way/10595854","name":"Luoshan Elevated Road","roadClass":"trunk"},"geometry":{"type":"LineString","coordinates":[[121.573796,31.196796],[121.577018,31.184602]]}},{"type":"Feature","properties":{"kind":"road","osmId":"way/10595863","name":"Luoshan Elevated Road","roadClass":"trunk"},"geometry":{"type":"LineString","coordinates":[[121.578089,31.181777],[121.577304,31.184658]]}},{"type":"Feature","properties":{"kind":"waterway","osmId":"way/10596225"},"geometry":{"type":"LineString","coordinates":[[121.572392,31.202555],[121.573187,31.203203],[121.573777,31.203304]]}},{"type":"Feature","properties":{"kind":"road","osmId":"way/10596237","name":"Luoshan Elevated Road","roadClass":"trunk"},"geometry":{"type":"LineString","coordinates":[[121.570909,31.208396],[121.572262,31.202625]]}},{"type":"Feature","properties":{"kind":"road","osmId":"way/10596239","name":"Luoshan Road","roadClass":"primary"},"geometry":{"type":"LineString","coordinates":[[121.569024,31.217588],[121.568507,31.219659]]}},{"type":"Feature","properties":{"kind":"road","osmId":"way/10596240","roadClass":"primary"},"geometry":{"type":"LineString","coordinates":[[121.568507,31.219659],[121.568328,31.220405]]}},{"type":"Feature","properties":{"kind":"road","osmId":"way/10596244","name":"Luoshan Road","roadClass":"primary"},"geometry":{"type":"LineString","coordinates":[[121.568328,31.220405],[121.567011,31.225857]]}},{"type":"Feature","properties":{"kind":"waterway","osmId":"way/10720725"},"geometry":{"type":"LineString","coordinates":[[121.571672,31.219964],[121.571878,31.219194],[121.571803,31.218364]]}},{"type":"Feature","properties":{"kind":"waterway","osmId":"way/13660671"},"geometry":{"type":"LineString","coordinates":[[121.602026,31.231935],[121.602273,31.230816],[121.602634,31.228178],[121.604583,31.224684],[121.605407,31.22268]]}},{"type":"Feature","properties":{"kind":"waterway","osmId":"way/13662766"},"geometry":{"type":"LineString","coordinates":[[121.605407,31.22268],[121.607681,31.217366],[121.608059,31.215267],[121.608402,31.213923],[121.609861,31.211009],[121.611442,31.209292],[121.611981,31.208506],[121.613355,31.207272],[121.614144,31.206318],[121.615346,31.204387],[121.617679,31.20154],[121.619558,31.199999],[121.620495,31.199035],[121.623357,31.195611],[121.624352,31.194565],[121.625341,31.193223]]}},{"type":"Feature","properties":{"kind":"waterway","osmId":"way/13748082","name":"友谊河"},"geometry":{"type":"LineString","coordinates":[[121.629148,31.237336],[121.62906,31.234846],[121.632498,31.227358],[121.634248,31.223895]]}},{"type":"Feature","properties":{"kind":"waterway","osmId":"way/14611083","name":"三八河"},"geometry":{"type":"LineString","coordinates":[[121.573409,31.213144],[121.572935,31.210522],[121.573214,31.208644],[121.573075,31.207777],[121.573213,31.207139],[121.573406,31.206911],[121.573777,31.203304]]}},{"type":"Feature","properties":{"kind":"waterway","osmId":"way/14611091"},"geometry":{"type":"LineString","coordinates":[[121.571803,31.218364],[121.572909,31.216703],[121.573134,31.214835],[121.573418,31.214109],[121.573409,31.213144]]}},{"type":"Feature","properties":{"kind":"waterway","osmId":"way/14797767"},"geometry":{"type":"LineString","coordinates":[[121.554994,31.199373],[121.569639,31.201671],[121.571305,31.201987],[121.572392,31.202555]]}},{"type":"Feature","properties":{"kind":"waterway","osmId":"way/31271621","name":"吕家浜"},"geometry":{"type":"LineString","coordinates":[[121.57386,31.194264],[121.57701,31.195136],[121.577487,31.195834],[121.578044,31.196293],[121.57901,31.196513],[121.580415,31.196632],[121.583602,31.197321],[121.584868,31.197825],[121.585308,31.197825],[121.587655,31.197243],[121.588056,31.197228],[121.588648,31.19751],[121.590278,31.197813],[121.591229,31.198119],[121.59613,31.198659],[121.59684,31.198935],[121.597624,31.198939],[121.598214,31.199265],[121.599293,31.199528],[121.600506,31.199582],[121.600972,31.200084],[121.601234,31.200172],[121.601744,31.200624],[121.601877,31.200858],[121.605955,31.204702],[121.608576,31.206617],[121.609907,31.208154],[121.611442,31.209292]]}},{"type":"Feature","properties":{"kind":"waterway","osmId":"way/31271641"},"geometry":{"type":"LineString","coordinates":[[121.588849,31.161528],[121.588169,31.165712],[121.58652,31.168864],[121.586431,31.172637],[121.586328,31.173055],[121.579594,31.183177],[121.579133,31.184513]]}},{"type":"Feature","properties":{"kind":"road","osmId":"way/34106714","name":"Guoshoujing Road","roadClass":"tertiary"},"geometry":{"type":"LineString","coordinates":[[121.595551,31.213471],[121.606544,31.215883]]}},{"type":"Feature","properties":{"kind":"road","osmId":"way/34106717","name":"Lishizhen Road","roadClass":"residential"},"geometry":{"type":"LineString","coordinates":[[121.59225,31.216292],[121.595274,31.217448],[121.598799,31.218335],[121.599063,31.218319]]}},{"type":"Feature","properties":{"kind":"road","osmId":"way/34284738","name":"Fangbo Road","roadClass":"residential"},"geometry":{"type":"LineString","coordinates":[[121.567261,31.197136],[121.56679,31.199613]]}},{"type":"Feature","properties":{"kind":"road","osmId":"way/34284742","name":"Bengzhan Highway","roadClass":"residential"},"geometry":{"type":"LineString","coordinates":[[121.560349,31.196314],[121.567261,31.197136]]}},{"type":"Feature","properties":{"kind":"road","osmId":"way/34292316","name":"Zuchongzhi Road","roadClass":"secondary"},"geometry":{"type":"LineString","coordinates":[[121.575275,31.203002],[121.574196,31.202929]]}},{"type":"Feature","properties":{"kind":"road","osmId":"way/34332258","roadClass":"unclassified"},"geometry":{"type":"LineString","coordinates":[[121.570288,31.217888],[121.5715,31.218382]]}},{"type":"Feature","properties":{"kind":"road","osmId":"way/34486028","name":"Zizhu Road","roadClass":"residential"},"geometry":{"type":"LineString","coordinates":[[121.599267,31.22437],[121.600386,31.220981]]}},{"type":"Feature","properties":{"kind":"road","osmId":"way/34486087","name":"Yinliu Road","roadClass":"residential"},"geometry":{"type":"LineString","coordinates":[[121.599267,31.22437],[121.597327,31.22385],[121.596838,31.223865],[121.596599,31.22409],[121.596187,31.225413]]}},{"type":"Feature","properties":{"kind":"road","osmId":"way/34491575","name":"Yangzhen Road","roadClass":"residential"},"geometry":{"type":"LineString","coordinates":[[121.589799,31.218704],[121.58978,31.218854],[121.588662,31.220497]]}},{"type":"Feature","properties":{"kind":"road","osmId":"way/34493777","roadClass":"residential"},"geometry":{"type":"LineString","coordinates":[[121.593619,31.229439],[121.594023,31.224896]]}},{"type":"Feature","properties":{"kind":"waterway","osmId":"way/34748158","name":"三八河"},"geometry":{"type":"LineString","coordinates":[[121.567941,31.226785],[121.568731,31.226709],[121.56928,31.226408],[121.569959,31.225229],[121.5703,31.224414],[121.570855,31.223516],[121.571014,31.222753],[121.571027,31.221328],[121.571672,31.219964]]}},{"type":"Feature","properties":{"kind":"road","osmId":"way/35571918","name":"Chunxiao Road","roadClass":"residential"},"geometry":{"type":"LineString","coordinates":[[121.578443,31.206807],[121.581606,31.207224]]}},{"type":"Feature","properties":{"kind":"road","osmId":"way/38867480","name":"Juli Road","roadClass":"residential"},"geometry":{"type":"LineString","coordinates":[[121.59319,31.205859],[121.592561,31.212813]]}},{"type":"Feature","properties":{"kind":"waterway","osmId":"way/38867615"},"geometry":{"type":"LineString","coordinates":[[121.628626,31.193869],[121.623224,31.204786],[121.623155,31.209077],[121.622771,31.209434],[121.62157,31.209516],[121.620566,31.210055],[121.618832,31.213475]]}},{"type":"Feature","properties":{"kind":"road","osmId":"way/40032924","name":"Bibo Road","roadClass":"tertiary"},"geometry":{"type":"LineString","coordinates":[[121.581073,31.210276],[121.578903,31.209784],[121.578571,31.209609],[121.578235,31.209277],[121.57805,31.208633],[121.578443,31.206807]]}},{"type":"Feature","properties":{"kind":"road","osmId":"way/40032961","name":"Niudun Road","roadClass":"residential"},"geometry":{"type":"LineString","coordinates":[[121.587869,31.204883],[121.586675,31.214116]]}},{"type":"Feature","properties":{"kind":"road","osmId":"way/40033034","name":"Zhangjiang Road","roadClass":"secondary"},"geometry":{"type":"LineString","coordinates":[[121.608708,31.210045],[121.609296,31.209105],[121.609985,31.208357]]}},{"type":"Feature","properties":{"kind":"road","osmId":"way/40033099","name":"Zhangjiang Road","roadClass":"secondary"},"geometry":{"type":"LineString","coordinates":[[121.626245,31.188668],[121.625471,31.190249]]}},{"type":"Feature","properties":{"kind":"road","osmId":"way/40033251","name":"Middle Huaxia Road","roadClass":"primary"},"geometry":{"type":"LineString","coordinates":[[121.618432,31.184766],[121.616466,31.18356],[121.61369,31.18261],[121.609581,31.180458]]}},{"type":"Feature","properties":{"kind":"road","osmId":"way/47359127","name":"Chenhui Road","roadClass":"unclassified"},"geometry":{"type":"LineString","coordinates":[[121.576292,31.199828],[121.575991,31.19995]]}},{"type":"Feature","properties":{"kind":"road","osmId":"way/47359128","name":"Huoxiang Road","roadClass":"residential"},"geometry":{"type":"LineString","coordinates":[[121.590531,31.205364],[121.590922,31.202319]]}},{"type":"Feature","properties":{"kind":"road","osmId":"way/48687755","name":"Xizhong Road","roadClass":"unclassified"},"geometry":{"type":"LineString","coordinates":[[121.568293,31.166949],[121.564699,31.178236]]}},{"type":"Feature","properties":{"kind":"road","osmId":"way/48687756","name":"Wuxing Road","roadClass":"tertiary"},"geometry":{"type":"LineString","coordinates":[[121.571253,31.179031],[121.569466,31.179004]]}},{"type":"Feature","properties":{"kind":"road","osmId":"way/48719878","name":"Sunhuan Road","roadClass":"tertiary"},"geometry":{"type":"LineString","coordinates":[[121.632205,31.189767],[121.631768,31.192171]]}},{"type":"Feature","properties":{"kind":"road","osmId":"way/48719970","name":"Gaomuqiao Road","roadClass":"residential"},"geometry":{"type":"LineString","coordinates":[[121.636318,31.187327],[121.633433,31.186491]]}},{"type":"Feature","properties":{"kind":"road","osmId":"way/48719986","name":"Sunnong Road","roadClass":"residential"},"geometry":{"type":"LineString","coordinates":[[121.621589,31.185178],[121.621522,31.185027],[121.621593,31.183077]]}},{"type":"Feature","properties":{"kind":"road","osmId":"way/48719998","name":"Junmin Highway","roadClass":"residential"},"geometry":{"type":"LineString","coordinates":[[121.629016,31.181124],[121.625877,31.179312],[121.625372,31.179119],[121.624537,31.17898]]}},{"type":"Feature","properties":{"kind":"road","osmId":"way/48720265","name":"Junmin Highway","roadClass":"unclassified"},"geometry":{"type":"LineString","coordinates":[[121.627602,31.180305],[121.62675,31.180342]]}},{"type":"Feature","properties":{"kind":"road","osmId":"way/48720273","name":"Yinbei Road","roadClass":"residential"},"geometry":{"type":"LineString","coordinates":[[121.626712,31.18111],[121.623264,31.180963]]}},{"type":"Feature","properties":{"kind":"road","osmId":"way/48720287","name":"Chenshuiguan Road","roadClass":"residential"},"geometry":{"type":"LineString","coordinates":[[121.627602,31.180305],[121.627737,31.180232],[121.628841,31.180233]]}},{"type":"Feature","properties":{"kind":"road","osmId":"way/48775515","name":"Middle Huaxia Road","roadClass":"primary"},"geometry":{"type":"LineString","coordinates":[[121.621311,31.186099],[121.62486,31.187879],[121.626308,31.188408]]}},{"type":"Feature","properties":{"kind":"road","osmId":"way/48775516","name":"Middle Huaxia Road","roadClass":"primary"},"geometry":{"type":"LineString","coordinates":[[121.626245,31.188668],[121.624896,31.188229],[121.62084,31.186191]]}},{"type":"Feature","properties":{"kind":"road","osmId":"way/48981921","name":"Daerwen Road","roadClass":"tertiary"},"geometry":{"type":"LineString","coordinates":[[121.58121,31.194692],[121.581472,31.19352]]}},{"type":"Feature","properties":{"kind":"road","osmId":"way/48981923","name":"Cailun Road","roadClass":"tertiary"},"geometry":{"type":"LineString","coordinates":[[121.590531,31.193595],[121.587278,31.193001]]}},{"type":"Feature","properties":{"kind":"road","osmId":"way/48981974","name":"Keyuan Road","roadClass":"tertiary"},"geometry":{"type":"LineString","coordinates":[[121.583519,31.212895],[121.583915,31.210908]]}},{"type":"Feature","properties":{"kind":"road","osmId":"way/48982230","name":"Guanglan Road","roadClass":"tertiary"},"geometry":{"type":"LineString","coordinates":[[121.613662,31.212961],[121.613828,31.211879],[121.614085,31.21131]]}},{"type":"Feature","properties":{"kind":"road","osmId":"way/48982231","name":"Dangui Road","roadClass":"tertiary"},"geometry":{"type":"LineString","coordinates":[[121.613438,31.217367],[121.613108,31.217319]]}},{"type":"Feature","properties":{"kind":"road","osmId":"way/48982233","name":"Dangui Road","roadClass":"tertiary"},"geometry":{"type":"LineString","coordinates":[[121.62619,31.22293],[121.625188,31.222511],[121.624566,31.221991],[121.622305,31.218722]]}},{"type":"Feature","properties":{"kind":"road","osmId":"way/48982237","name":"Cailun Road","roadClass":"tertiary"},"geometry":{"type":"LineString","coordinates":[[121.608045,31.196023],[121.611756,31.196443]]}},{"type":"Feature","properties":{"kind":"road","osmId":"way/49145639","name":"Luoshan Road","roadClass":"primary"},"geometry":{"type":"LineString","coordinates":[[121.566774,31.225661],[121.568647,31.217509]]}},{"type":"Feature","properties":{"kind":"road","osmId":"way/53403706","name":"Halei Road","roadClass":"residential"},"geometry":{"type":"LineString","coordinates":[[121.59911,31.200313],[121.599405,31.199652]]}},{"type":"Feature","properties":{"kind":"road","osmId":"way/53512669","name":"West Gaoke Road","roadClass":"primary"},"geometry":{"type":"LineString","coordinates":[[121.555343,31.191483],[121.564947,31.192634],[121.567385,31.193042],[121.569826,31.193691],[121.574115,31.195106]]}},{"type":"Feature","properties":{"kind":"park","osmId":"way/53512826"},"geometry":{"type":"Polygon","coordinates":[[[121.577026,31.194779],[121.577263,31.193404],[121.578987,31.188266],[121.577126,31.187983],[121.576868,31.188104],[121.575172,31.194471],[121.576557,31.194817],[121.577026,31.194779]]]}},{"type":"Feature","properties":{"kind":"road","osmId":"way/53512851","name":"Zhangheng Road","roadClass":"secondary"},"geometry":{"type":"LineString","coordinates":[[121.576651,31.187594],[121.577805,31.187796]]}},{"type":"Feature","properties":{"kind":"park","osmId":"way/53513003"},"geometry":{"type":"Polygon","coordinates":[[[121.577061,31.187545],[121.577674,31.187681],[121.578733,31.184662],[121.578216,31.18455],[121.577061,31.187545]]]}},{"type":"Feature","properties":{"kind":"road","osmId":"way/53542237","name":"Jingming Road","roadClass":"residential"},"geometry":{"type":"LineString","coordinates":[[121.574017,31.211811],[121.574095,31.21096]]}},{"type":"Feature","properties":{"kind":"road","osmId":"way/53542252","name":"Zuchongzhi Road","roadClass":"secondary"},"geometry":{"type":"LineString","coordinates":[[121.585408,31.204424],[121.590531,31.205364]]}},{"type":"Feature","properties":{"kind":"road","osmId":"way/53542465","name":"Jinke Road","roadClass":"primary"},"geometry":{"type":"LineString","coordinates":[[121.598358,31.175818],[121.598196,31.177586]]}},{"type":"Feature","properties":{"kind":"road","osmId":"way/68804443","name":"Huaxia Elevated Road","roadClass":"trunk"},"geometry":{"type":"LineString","coordinates":[[121.617677,31.184166],[121.619302,31.185197],[121.621161,31.186167]]}},{"type":"Feature","properties":{"kind":"road","osmId":"way/68804444","name":"Huaxia Elevated Road","roadClass":"trunk"},"geometry":{"type":"LineString","coordinates":[[121.621096,31.186267],[121.618872,31.185185],[121.617162,31.184655]]}},{"type":"Feature","properties":{"kind":"road","osmId":"way/68867618","name":"Huaxia Elevated Road","roadClass":"trunk"},"geometry":{"type":"LineString","coordinates":[[121.61474,31.183263],[121.613784,31.182624],[121.610179,31.180603]]}},{"type":"Feature","properties":{"kind":"road","osmId":"way/71233927","name":"Longdong Avenue","roadClass":"primary"},"geometry":{"type":"LineString","coordinates":[[121.57064,31.20994],[121.572408,31.210494],[121.573654,31.211663]]}},{"type":"Feature","properties":{"kind":"road","osmId":"way/71233929","name":"Inner Ring Road","roadClass":"trunk"},"geometry":{"type":"LineString","coordinates":[[121.564004,31.207637],[121.565652,31.208248]]}},{"type":"Feature","properties":{"kind":"road","osmId":"way/71233930","name":"Inner Ring Road","roadClass":"trunk"},"geometry":{"type":"LineString","coordinates":[[121.564916,31.231984],[121.565708,31.230198],[121.566108,31.229026],[121.568319,31.219511]]}},{"type":"Feature","properties":{"kind":"road","osmId":"way/71233935","name":"Longdong Avenue","roadClass":"primary"},"geometry":{"type":"LineString","coordinates":[[121.60432,31.222197],[121.594999,31.220306],[121.592504,31.219593]]}},{"type":"Feature","properties":{"kind":"road","osmId":"way/71234105","name":"Luoshan Road","roadClass":"primary"},"geometry":{"type":"LineString","coordinates":[[121.569555,31.209552],[121.5697,31.20947]]}},{"type":"Feature","properties":{"kind":"road","osmId":"way/71234107","name":"Luoshan Road","roadClass":"primary"},"geometry":{"type":"LineString","coordinates":[[121.5715,31.20832],[121.571529,31.209072]]}},{"type":"Feature","properties":{"kind":"road","osmId":"way/71234216","name":"Longdong Avenue","roadClass":"primary"},"geometry":{"type":"LineString","coordinates":[[121.579922,31.214106],[121.577652,31.21358]]}},{"type":"Feature","properties":{"kind":"road","osmId":"way/71235131","name":"Luoshan Elevated Road","roadClass":"trunk"},"geometry":{"type":"LineString","coordinates":[[121.569223,31.215739],[121.569499,31.214689]]}},{"type":"Feature","properties":{"kind":"road","osmId":"way/71235134","name":"Luoshan Elevated Road","roadClass":"trunk"},"geometry":{"type":"LineString","coordinates":[[121.569499,31.214689],[121.569818,31.213156]]}},{"type":"Feature","properties":{"kind":"road","osmId":"way/71235141","name":"Inner Ring Road","roadClass":"trunk"},"geometry":{"type":"LineString","coordinates":[[121.569223,31.215739],[121.569438,31.213856],[121.569328,31.213092],[121.569051,31.21225],[121.568572,31.211275],[121.568021,31.21045],[121.56738,31.209723],[121.566658,31.209137]]}},{"type":"Feature","properties":{"kind":"road","osmId":"way/71235143","name":"Longyang Road","roadClass":"primary"},"geometry":{"type":"LineString","coordinates":[[121.568155,31.209882],[121.565725,31.208792]]}},{"type":"Feature","properties":{"kind":"road","osmId":"way/71235146","name":"Inner Ring Road","roadClass":"trunk"},"geometry":{"type":"LineString","coordinates":[[121.567048,31.20871],[121.567909,31.20905],[121.568768,31.209637],[121.569445,31.210418],[121.569866,31.211141],[121.570239,31.212036],[121.570373,31.212871],[121.570316,31.213584],[121.570016,31.214493]]}},{"type":"Feature","properties":{"kind":"road","osmId":"way/71235147","name":"Luoshan Elevated Road","roadClass":"trunk"},"geometry":{"type":"LineString","coordinates":[[121.569818,31.213156],[121.570909,31.208396]]}},{"type":"Feature","properties":{"kind":"road","osmId":"way/71235149","name":"Luoshan Elevated Road","roadClass":"trunk"},"geometry":{"type":"LineString","coordinates":[[121.570008,31.213189],[121.569343,31.215759]]}},{"type":"Feature","properties":{"kind":"road","osmId":"way/71235160","name":"Luoshan Road","roadClass":"primary"},"geometry":{"type":"LineString","coordinates":[[121.571722,31.21021],[121.572001,31.211148]]}},{"type":"Feature","properties":{"kind":"road","osmId":"way/71235166","name":"Inner Ring Road","roadClass":"trunk"},"geometry":{"type":"LineString","coordinates":[[121.565203,31.208382],[121.562146,31.206962]]}},{"type":"Feature","properties":{"kind":"road","osmId":"way/71235168","name":"Longyang Road","roadClass":"primary"},"geometry":{"type":"LineString","coordinates":[[121.567454,31.20859],[121.568131,31.208839]]}},{"type":"Feature","properties":{"kind":"road","osmId":"way/71236807","name":"Luoshan Road","roadClass":"primary"},"geometry":{"type":"LineString","coordinates":[[121.5697,31.20947],[121.570486,31.209077],[121.570682,31.208787],[121.570794,31.208349]]}},{"type":"Feature","properties":{"kind":"road","osmId":"way/71236815","name":"Luoshan Elevated Road","roadClass":"trunk"},"geometry":{"type":"LineString","coordinates":[[121.569343,31.215759],[121.568967,31.217442]]}},{"type":"Feature","properties":{"kind":"road","osmId":"way/71236825","name":"Luoshan Elevated Road","roadClass":"trunk"},"geometry":{"type":"LineString","coordinates":[[121.572424,31.203372],[121.571197,31.208447]]}},{"type":"Feature","properties":{"kind":"road","osmId":"way/71275217","name":"Huamu Road","roadClass":"residential"},"geometry":{"type":"LineString","coordinates":[[121.569024,31.217588],[121.570288,31.217888]]}},{"type":"Feature","properties":{"kind":"road","osmId":"way/71275218","name":"Huamu Road","roadClass":"residential"},"geometry":{"type":"LineString","coordinates":[[121.570288,31.217888],[121.568989,31.217684]]}},{"type":"Feature","properties":{"kind":"road","osmId":"way/87525061","name":"Zhangdong Road","roadClass":"secondary"},"geometry":{"type":"LineString","coordinates":[[121.630548,31.205417],[121.62935,31.207559],[121.62887,31.208893],[121.628586,31.210304],[121.628533,31.211091],[121.628539,31.213872]]}},{"type":"Feature","properties":{"kind":"road","osmId":"way/87525063","name":"Yijang Road","roadClass":"residential"},"geometry":{"type":"LineString","coordinates":[[121.631889,31.202812],[121.627557,31.20163]]}},{"type":"Feature","properties":{"kind":"road","osmId":"way/87687983","name":"Shenjiang Road","roadClass":"primary"},"geometry":{"type":"LineString","coordinates":[[121.620791,31.217845],[121.62079,31.217804]]}},{"type":"Feature","properties":{"kind":"road","osmId":"way/87687988","name":"Shenjiang Road","roadClass":"primary"},"geometry":{"type":"LineString","coordinates":[[121.620816,31.226734],[121.620791,31.217845]]}},{"type":"Feature","properties":{"kind":"road","osmId":"way/88204957","name":"Halei Road","roadClass":"residential"},"geometry":{"type":"LineString","coordinates":[[121.599063,31.218319],[121.599154,31.218149],[121.599777,31.207122]]}},{"type":"Feature","properties":{"kind":"road","osmId":"way/88204961","name":"Chenhui Road","roadClass":"residential"},"geometry":{"type":"LineString","coordinates":[[121.598064,31.203601],[121.598356,31.203537],[121.598858,31.203627]]}},{"type":"Feature","properties":{"kind":"road","osmId":"way/88206515","name":"Gaosi Road","roadClass":"tertiary"},"geometry":{"type":"LineString","coordinates":[[121.609154,31.202178],[121.608364,31.202524],[121.607627,31.203049],[121.606214,31.204674]]}},{"type":"Feature","properties":{"kind":"road","osmId":"way/88998068","name":"Huatuo Road","roadClass":"residential"},"geometry":{"type":"LineString","coordinates":[[121.590531,31.193595],[121.591195,31.190395]]}},{"type":"Feature","properties":{"kind":"road","osmId":"way/89024690","name":"Jinke Road","roadClass":"primary"},"geometry":{"type":"LineString","coordinates":[[121.595318,31.213417],[121.595866,31.206418]]}},{"type":"Feature","properties":{"kind":"waterway","osmId":"way/89024703","name":"三星河"},"geometry":{"type":"LineString","coordinates":[[121.590278,31.197813],[121.591166,31.19599],[121.591825,31.195793],[121.59191,31.194707],[121.592055,31.194419],[121.591944,31.194045],[121.592069,31.193702],[121.592237,31.193503],[121.592731,31.19331],[121.592924,31.192769],[121.59331,31.192402],[121.593182,31.191649],[121.593276,31.190986],[121.594796,31.187474]]}},{"type":"Feature","properties":{"kind":"waterway","osmId":"way/89024799"},"geometry":{"type":"LineString","coordinates":[[121.601571,31.188735],[121.597021,31.198924]]}},{"type":"Feature","properties":{"kind":"road","osmId":"way/89026343","name":"Aidisheng Road","roadClass":"residential"},"geometry":{"type":"LineString","coordinates":[[121.60436,31.200422],[121.604369,31.196019]]}},{"type":"Feature","properties":{"kind":"road","osmId":"way/89026345","name":"Faladi Road","roadClass":"residential"},"geometry":{"type":"LineString","coordinates":[[121.613779,31.200993],[121.614017,31.198293],[121.614459,31.19731]]}},{"type":"Feature","properties":{"kind":"road","osmId":"way/89026347","name":"Shenkuo Road","roadClass":"residential"},"geometry":{"type":"LineString","coordinates":[[121.612664,31.192446],[121.612425,31.192197],[121.612164,31.1921],[121.608641,31.191427]]}},{"type":"Feature","properties":{"kind":"road","osmId":"way/89026350","name":"Jialilue Road","roadClass":"residential"},"geometry":{"type":"LineString","coordinates":[[121.611591,31.200614],[121.611598,31.198361],[121.611756,31.196443]]}},{"type":"Feature","properties":{"kind":"road","osmId":"way/89026353","name":"Libing Road","roadClass":"residential"},"geometry":{"type":"LineString","coordinates":[[121.608607,31.190685],[121.602097,31.189461],[121.601741,31.189471],[121.601465,31.189613],[121.60128,31.189849],[121.598341,31.196508],[121.598413,31.196903],[121.598672,31.197154],[121.600226,31.197843]]}},{"type":"Feature","properties":{"kind":"road","osmId":"way/89027603","name":"Dangui Road","roadClass":"tertiary"},"geometry":{"type":"LineString","coordinates":[[121.630584,31.223839],[121.631744,31.223996],[121.632324,31.223914],[121.63274,31.223748]]}},{"type":"Feature","properties":{"kind":"road","osmId":"way/89386102","name":"Liangjing Road","roadClass":"residential"},"geometry":{"type":"LineString","coordinates":[[121.599831,31.205592],[121.598886,31.205428],[121.598403,31.205195],[121.598222,31.204853],[121.598207,31.203714]]}},{"type":"Feature","properties":{"kind":"road","osmId":"way/89386104","name":"Huxiu Road","roadClass":"unclassified"},"geometry":{"type":"LineString","coordinates":[[121.59981,31.200419],[121.59995,31.201664]]}},{"type":"Feature","properties":{"kind":"road","osmId":"way/89386105","name":"Liangxiu Road","roadClass":"residential"},"geometry":{"type":"LineString","coordinates":[[121.598202,31.203547],[121.598385,31.202264],[121.598668,31.201864],[121.599104,31.201691],[121.600639,31.201656],[121.601132,31.201739],[121.601493,31.201929],[121.603325,31.203622]]}},{"type":"Feature","properties":{"kind":"road","osmId":"way/89386106","name":"Boxia Road","roadClass":"residential"},"geometry":{"type":"LineString","coordinates":[[121.602463,31.202819],[121.60208,31.202862],[121.60071,31.202175],[121.599394,31.202201],[121.59899,31.202522],[121.598858,31.203627]]}},{"type":"Feature","properties":{"kind":"road","osmId":"way/142591556","name":"Huaxia Elevated Road","roadClass":"trunk"},"geometry":{"type":"LineString","coordinates":[[121.632373,31.189688],[121.625809,31.188477],[121.623323,31.187407]]}},{"type":"Feature","properties":{"kind":"road","osmId":"way/142675110","name":"Huaxia Elevated Road","roadClass":"trunk"},"geometry":{"type":"LineString","coordinates":[[121.623429,31.187296],[121.625255,31.188134],[121.626797,31.188617],[121.632394,31.18956]]}},{"type":"Feature","properties":{"kind":"road","osmId":"way/142675113","roadClass":"trunk"},"geometry":{"type":"LineString","coordinates":[[121.61832,31.188833],[121.618195,31.188123],[121.617694,31.186597]]}},{"type":"Feature","properties":{"kind":"road","osmId":"way/142773881","name":"中环路","roadClass":"trunk"},"geometry":{"type":"LineString","coordinates":[[121.618327,31.187862],[121.618021,31.186505],[121.61761,31.185599],[121.617181,31.184952]]}},{"type":"Feature","properties":{"kind":"road","osmId":"way/142773886","name":"中环路","roadClass":"trunk"},"geometry":{"type":"LineString","coordinates":[[121.610241,31.180475],[121.61335,31.182082]]}},{"type":"Feature","properties":{"kind":"road","osmId":"way/142773890","name":"Middle Ring Road","roadClass":"trunk"},"geometry":{"type":"LineString","coordinates":[[121.618946,31.190783],[121.619797,31.195868]]}},{"type":"Feature","properties":{"kind":"road","osmId":"way/145390603","name":"Gebaini Road","roadClass":"tertiary"},"geometry":{"type":"LineString","coordinates":[[121.608045,31.196023],[121.608231,31.193978]]}},{"type":"Feature","properties":{"kind":"road","osmId":"way/146590419","name":"Songtao Road","roadClass":"residential"},"geometry":{"type":"LineString","coordinates":[[121.581073,31.210276],[121.580882,31.211316],[121.580721,31.211661],[121.580356,31.211983],[121.579822,31.212158],[121.57923,31.21211],[121.5753,31.210897],[121.574118,31.21077]]}},{"type":"Feature","properties":{"kind":"road","osmId":"way/152627740","name":"Guanglan Road","roadClass":"tertiary"},"geometry":{"type":"LineString","coordinates":[[121.615733,31.204234],[121.615461,31.203965]]}},{"type":"Feature","properties":{"kind":"road","osmId":"way/152627742","name":"Guanglan Road","roadClass":"tertiary"},"geometry":{"type":"LineString","coordinates":[[121.615461,31.203965],[121.614966,31.203552]]}},{"type":"Feature","properties":{"kind":"road","osmId":"way/154421777","name":"Daerwen Road","roadClass":"tertiary"},"geometry":{"type":"LineString","coordinates":[[121.58121,31.194692],[121.581176,31.194962]]}},{"type":"Feature","properties":{"kind":"road","osmId":"way/154421779","name":"Daerwen Road","roadClass":"tertiary"},"geometry":{"type":"LineString","coordinates":[[121.580738,31.196899],[121.580663,31.197239]]}},{"type":"Feature","properties":{"kind":"road","osmId":"way/154421782","name":"Daerwen Road","roadClass":"tertiary"},"geometry":{"type":"LineString","coordinates":[[121.580783,31.196424],[121.581123,31.194926]]}},{"type":"Feature","properties":{"kind":"road","osmId":"way/154421784","name":"Daerwen Road","roadClass":"tertiary"},"geometry":{"type":"LineString","coordinates":[[121.580679,31.196884],[121.580783,31.196424]]}},{"type":"Feature","properties":{"kind":"road","osmId":"way/154421790","name":"Daerwen Road","roadClass":"tertiary"},"geometry":{"type":"LineString","coordinates":[[121.580841,31.196439],[121.580738,31.196899]]}},{"type":"Feature","properties":{"kind":"road","osmId":"way/154516018","name":"Cailun Road","roadClass":"tertiary"},"geometry":{"type":"LineString","coordinates":[[121.598927,31.194954],[121.598681,31.194908]]}},{"type":"Feature","properties":{"kind":"road","osmId":"way/154516024","name":"Cailun Road","roadClass":"tertiary"},"geometry":{"type":"LineString","coordinates":[[121.591893,31.193869],[121.590918,31.193685]]}},{"type":"Feature","properties":{"kind":"road","osmId":"way/154516028","name":"Cailun Road","roadClass":"tertiary"},"geometry":{"type":"LineString","coordinates":[[121.596769,31.194543],[121.594121,31.194275],[121.592121,31.193912]]}},{"type":"Feature","properties":{"kind":"road","osmId":"way/154516029","name":"Cailun Road","roadClass":"tertiary"},"geometry":{"type":"LineString","coordinates":[[121.598941,31.194921],[121.604372,31.195977]]}},{"type":"Feature","properties":{"kind":"road","osmId":"way/154516032","name":"Cailun Road","roadClass":"tertiary"},"geometry":{"type":"LineString","coordinates":[[121.592121,31.193912],[121.591893,31.193869]]}},{"type":"Feature","properties":{"kind":"road","osmId":"way/154516035","name":"Huatuo Road","roadClass":"residential"},"geometry":{"type":"LineString","coordinates":[[121.590531,31.193595],[121.590485,31.19391]]}},{"type":"Feature","properties":{"kind":"road","osmId":"way/154516049","name":"Cailun Road","roadClass":"tertiary"},"geometry":{"type":"LineString","coordinates":[[121.590531,31.193595],[121.590794,31.193628]]}},{"type":"Feature","properties":{"kind":"road","osmId":"way/154516053","name":"Cailun Road","roadClass":"tertiary"},"geometry":{"type":"LineString","coordinates":[[121.598698,31.194874],[121.598941,31.194921]]}},{"type":"Feature","properties":{"kind":"road","osmId":"way/154516061","name":"Cailun Road","roadClass":"tertiary"},"geometry":{"type":"LineString","coordinates":[[121.608045,31.196023],[121.607748,31.196035]]}},{"type":"Feature","properties":{"kind":"road","osmId":"way/154516077","name":"Cailun Road","roadClass":"tertiary"},"geometry":{"type":"LineString","coordinates":[[121.592133,31.193882],[121.594211,31.194237],[121.59692,31.194524]]}},{"type":"Feature","properties":{"kind":"road","osmId":"way/154516079","name":"Cailun Road","roadClass":"tertiary"},"geometry":{"type":"LineString","coordinates":[[121.591908,31.193839],[121.592133,31.193882]]}},{"type":"Feature","properties":{"kind":"road","osmId":"way/154516087","name":"Huatuo Road","roadClass":"residential"},"geometry":{"type":"LineString","coordinates":[[121.58121,31.194692],[121.581487,31.194716]]}},{"type":"Feature","properties":{"kind":"road","osmId":"way/154517219","name":"Gaosi Road","roadClass":"tertiary"},"geometry":{"type":"LineString","coordinates":[[121.609154,31.202178],[121.60943,31.202087]]}},{"type":"Feature","properties":{"kind":"road","osmId":"way/154517222","name":"Gaosi Road","roadClass":"tertiary"},"geometry":{"type":"LineString","coordinates":[[121.614966,31.203552],[121.612631,31.202423],[121.611883,31.202149],[121.610556,31.201982],[121.609375,31.202143]]}},{"type":"Feature","properties":{"kind":"road","osmId":"way/154517228","name":"Gebaini Road","roadClass":"tertiary"},"geometry":{"type":"LineString","coordinates":[[121.608045,31.196023],[121.608058,31.196219]]}},{"type":"Feature","properties":{"kind":"road","osmId":"way/154517233","name":"Ziwei Road","roadClass":"tertiary"},"geometry":{"type":"LineString","coordinates":[[121.609154,31.202178],[121.609032,31.202039]]}},{"type":"Feature","properties":{"kind":"road","osmId":"way/154647092","name":"Qinzheng Road","roadClass":"residential"},"geometry":{"type":"LineString","coordinates":[[121.619688,31.176666],[121.619769,31.176505]]}},{"type":"Feature","properties":{"kind":"road","osmId":"way/154649553","name":"Sunqiao Road","roadClass":"tertiary"},"geometry":{"type":"LineString","coordinates":[[121.626308,31.188408],[121.626505,31.185357]]}},{"type":"Feature","properties":{"kind":"waterway","osmId":"way/154649570","name":"横沔港"},"geometry":{"type":"LineString","coordinates":[[121.625519,31.193257],[121.626615,31.191375],[121.627126,31.19099],[121.628135,31.189425],[121.628594,31.188522],[121.628641,31.188129],[121.628531,31.18745],[121.62882,31.18632],[121.628964,31.185277],[121.629255,31.18133],[121.629007,31.180086],[121.628907,31.178856],[121.62912,31.177446],[121.629897,31.175662],[121.629937,31.17417],[121.630192,31.172407],[121.630679,31.170648],[121.631741,31.167682],[121.632214,31.167131],[121.632816,31.165821],[121.634712,31.160906],[121.635007,31.159622],[121.635197,31.157821],[121.635499,31.156695],[121.636474,31.154306],[121.636818,31.152609],[121.637838,31.150497],[121.638342,31.148743]]}},{"type":"Feature","properties":{"kind":"road","osmId":"way/154649573","name":"Zhongke Road","roadClass":"tertiary"},"geometry":{"type":"LineString","coordinates":[[121.634168,31.19248],[121.633635,31.192412]]}},{"type":"Feature","properties":{"kind":"road","osmId":"way/158626038","roadClass":"residential"},"geometry":{"type":"LineString","coordinates":[[121.585525,31.187758],[121.585726,31.187924],[121.585536,31.188099],[121.585327,31.18794],[121.585525,31.187758]]}},{"type":"Feature","properties":{"kind":"road","osmId":"way/176300986","name":"Shenjiang Road","roadClass":"primary"},"geometry":{"type":"LineString","coordinates":[[121.620621,31.202703],[121.620506,31.201798]]}},{"type":"Feature","properties":{"kind":"road","osmId":"way/176301780","name":"Shenjiang Road","roadClass":"primary"},"geometry":{"type":"LineString","coordinates":[[121.617071,31.175994],[121.617288,31.178398],[121.617482,31.17947],[121.617542,31.180716],[121.617746,31.182015],[121.618432,31.184766]]}},{"type":"Feature","properties":{"kind":"road","osmId":"way/176301781","name":"Zhangheng Road","roadClass":"secondary"},"geometry":{"type":"LineString","coordinates":[[121.622204,31.196497],[121.620557,31.196206]]}},{"type":"Feature","properties":{"kind":"road","osmId":"way/176302372","name":"Middle Gaoke Road","roadClass":"primary"},"geometry":{"type":"LineString","coordinates":[[121.621033,31.20295],[121.618299,31.202206]]}},{"type":"Feature","properties":{"kind":"road","osmId":"way/176302374","name":"Middle Gaoke Road","roadClass":"primary"},"geometry":{"type":"LineString","coordinates":[[121.620621,31.202703],[121.623643,31.203537]]}},{"type":"Feature","properties":{"kind":"road","osmId":"way/176302375","name":"Middle Gaoke Road","roadClass":"primary"},"geometry":{"type":"LineString","coordinates":[[121.615674,31.201356],[121.618349,31.20208]]}},{"type":"Feature","properties":{"kind":"road","osmId":"way/176302376","name":"Middle Gaoke Road","roadClass":"primary"},"geometry":{"type":"LineString","coordinates":[[121.574115,31.195106],[121.576367,31.19601]]}},{"type":"Feature","properties":{"kind":"road","osmId":"way/176302381","name":"Middle Gaoke Road","roadClass":"primary"},"geometry":{"type":"LineString","coordinates":[[121.618299,31.202206],[121.615622,31.201482]]}},{"type":"Feature","properties":{"kind":"road","osmId":"way/176302382","name":"Middle Gaoke Road","roadClass":"primary"},"geometry":{"type":"LineString","coordinates":[[121.615622,31.201482],[121.613779,31.200993],[121.611842,31.200648],[121.609989,31.200469],[121.608077,31.200429]]}},{"type":"Feature","properties":{"kind":"road","osmId":"way/176302384","name":"Shenjiang Road","roadClass":"primary"},"geometry":{"type":"LineString","coordinates":[[121.620749,31.208891],[121.620638,31.207622],[121.62076,31.203951],[121.620646,31.202845]]}},{"type":"Feature","properties":{"kind":"road","osmId":"way/176302385","name":"Shenjiang Road","roadClass":"primary"},"geometry":{"type":"LineString","coordinates":[[121.621133,31.204086],[121.6211,31.208942]]}},{"type":"Feature","properties":{"kind":"road","osmId":"way/178606260","roadClass":"residential"},"geometry":{"type":"LineString","coordinates":[[121.566483,31.200999],[121.56919,31.201235],[121.569321,31.201331],[121.569297,31.20156]]}},{"type":"Feature","properties":{"kind":"road","osmId":"way/178844339","roadClass":"residential"},"geometry":{"type":"LineString","coordinates":[[121.569297,31.20156],[121.56925,31.20176]]}},{"type":"Feature","properties":{"kind":"road","osmId":"way/178844340","roadClass":"residential"},"geometry":{"type":"LineString","coordinates":[[121.56925,31.20176],[121.569245,31.202243],[121.569097,31.202427],[121.568806,31.203658]]}},{"type":"Feature","properties":{"kind":"road","osmId":"way/182954711","name":"West Gaoke Road","roadClass":"primary"},"geometry":{"type":"LineString","coordinates":[[121.574085,31.195255],[121.568831,31.193549],[121.566405,31.192978],[121.555349,31.191614]]}},{"type":"Feature","properties":{"kind":"waterway","osmId":"way/199941027","name":"吕家浜"},"geometry":{"type":"LineString","coordinates":[[121.635277,31.224129],[121.629942,31.222905],[121.62578,31.221836],[121.625254,31.221472],[121.624841,31.220978],[121.621282,31.21611],[121.619631,31.215295],[121.619209,31.214785],[121.618832,31.213475]]}},{"type":"Feature","properties":{"kind":"road","osmId":"way/199941034","name":"Tanglong Road","roadClass":"residential"},"geometry":{"type":"LineString","coordinates":[[121.63376,31.217423],[121.63665,31.218454]]}},{"type":"Feature","properties":{"kind":"road","osmId":"way/199943192","roadClass":"residential"},"geometry":{"type":"LineString","coordinates":[[121.625781,31.218015],[121.625821,31.218716]]}},{"type":"Feature","properties":{"kind":"waterway","osmId":"way/199949662","name":"小张家浜"},"geometry":{"type":"LineString","coordinates":[[121.618222,31.18709],[121.614674,31.185289],[121.614091,31.183942],[121.613045,31.182746],[121.611547,31.181868],[121.609559,31.181435],[121.608217,31.180981],[121.603118,31.178698],[121.602839,31.178478],[121.602174,31.178239],[121.596989,31.177575],[121.595085,31.176101],[121.59461,31.175874],[121.592822,31.175795],[121.587334,31.174787],[121.586331,31.174473],[121.585691,31.17449],[121.585257,31.174616]]}},{"type":"Feature","properties":{"kind":"road","osmId":"way/229743296","name":"Middle Huaxia Road","roadClass":"primary"},"geometry":{"type":"LineString","coordinates":[[121.597014,31.175839],[121.593787,31.175204],[121.592659,31.174845]]}},{"type":"Feature","properties":{"kind":"road","osmId":"way/229743298","name":"Middle Ring Road","roadClass":"trunk"},"geometry":{"type":"LineString","coordinates":[[121.592168,31.174518],[121.59669,31.175494],[121.598555,31.176067],[121.607986,31.179491],[121.610241,31.180475]]}},{"type":"Feature","properties":{"kind":"road","osmId":"way/229743553","name":"Middle Huaxia Road","roadClass":"primary"},"geometry":{"type":"LineString","coordinates":[[121.599626,31.176732],[121.597766,31.176086]]}},{"type":"Feature","properties":{"kind":"road","osmId":"way/229743556","name":"Middle Huaxia Road","roadClass":"primary"},"geometry":{"type":"LineString","coordinates":[[121.599924,31.176398],[121.600092,31.176552],[121.604164,31.178003]]}},{"type":"Feature","properties":{"kind":"road","osmId":"way/229743557","name":"Middle Ring Road","roadClass":"trunk"},"geometry":{"type":"LineString","coordinates":[[121.604584,31.178411],[121.597214,31.175771],[121.587232,31.173599]]}},{"type":"Feature","properties":{"kind":"road","osmId":"way/232722341","name":"Middle Huaxia Road","roadClass":"primary"},"geometry":{"type":"LineString","coordinates":[[121.597014,31.175839],[121.595673,31.175457],[121.592659,31.174845]]}},{"type":"Feature","properties":{"kind":"road","osmId":"way/237049325","name":"Middle Huaxia Road","roadClass":"primary"},"geometry":{"type":"LineString","coordinates":[[121.609769,31.180138],[121.614105,31.182299],[121.616843,31.183498],[121.617532,31.183912]]}},{"type":"Feature","properties":{"kind":"road","osmId":"way/237049327","name":"Middle Ring Road","roadClass":"trunk"},"geometry":{"type":"LineString","coordinates":[[121.610179,31.180603],[121.607918,31.179643],[121.604584,31.178411]]}},{"type":"Feature","properties":{"kind":"road","osmId":"way/237049328","name":"Middle Huaxia Road","roadClass":"primary"},"geometry":{"type":"LineString","coordinates":[[121.604031,31.178283],[121.603045,31.178078],[121.599839,31.176897],[121.599626,31.176732]]}},{"type":"Feature","properties":{"kind":"road","osmId":"way/237049330","name":"Middle Huaxia Road","roadClass":"primary"},"geometry":{"type":"LineString","coordinates":[[121.599924,31.176398],[121.600143,31.176398],[121.603165,31.177502],[121.604164,31.178003]]}},{"type":"Feature","properties":{"kind":"road","osmId":"way/237049331","name":"Middle Huaxia Road","roadClass":"primary"},"geometry":{"type":"LineString","coordinates":[[121.604031,31.178283],[121.599912,31.176757],[121.599626,31.176732]]}},{"type":"Feature","properties":{"kind":"road","osmId":"way/237049333","name":"Middle Huaxia Road","roadClass":"primary"},"geometry":{"type":"LineString","coordinates":[[121.598253,31.17578],[121.599924,31.176398]]}},{"type":"Feature","properties":{"kind":"road","osmId":"way/237049570","name":"Middle Huaxia Road","roadClass":"primary"},"geometry":{"type":"LineString","coordinates":[[121.592787,31.174618],[121.596537,31.17539],[121.597241,31.175456]]}},{"type":"Feature","properties":{"kind":"road","osmId":"way/237049571","name":"Middle Huaxia Road","roadClass":"primary"},"geometry":{"type":"LineString","coordinates":[[121.592787,31.174618],[121.593681,31.17465],[121.596634,31.175253],[121.597241,31.175456]]}},{"type":"Feature","properties":{"kind":"road","osmId":"way/244850843","name":"Wuxing Road","roadClass":"tertiary"},"geometry":{"type":"LineString","coordinates":[[121.569466,31.179004],[121.567314,31.179012],[121.565955,31.17866],[121.56371,31.177899]]}},{"type":"Feature","properties":{"kind":"road","osmId":"way/245518304","name":"Beizhong Road","roadClass":"tertiary"},"geometry":{"type":"LineString","coordinates":[[121.565609,31.187307],[121.565112,31.187242]]}},{"type":"Feature","properties":{"kind":"road","osmId":"way/245518305","name":"Beizhong Road","roadClass":"tertiary"},"geometry":{"type":"LineString","coordinates":[[121.565112,31.187242],[121.564866,31.187213]]}},{"type":"Feature","properties":{"kind":"road","osmId":"way/245518315","name":"Fanghua Road","roadClass":"residential"},"geometry":{"type":"LineString","coordinates":[[121.564762,31.199351],[121.56679,31.199613]]}},{"type":"Feature","properties":{"kind":"road","osmId":"way/245518321","name":"Xinchen Road","roadClass":"unclassified"},"geometry":{"type":"LineString","coordinates":[[121.576317,31.185259],[121.576539,31.18449],[121.576688,31.18441],[121.577598,31.184591],[121.577653,31.184686],[121.577495,31.185405],[121.57846,31.185658]]}},{"type":"Feature","properties":{"kind":"road","osmId":"way/245518322","name":"Xinchen Road","roadClass":"tertiary"},"geometry":{"type":"LineString","coordinates":[[121.566058,31.183191],[121.566355,31.183239]]}},{"type":"Feature","properties":{"kind":"road","osmId":"way/245518323","name":"Xinchen Road","roadClass":"tertiary"},"geometry":{"type":"LineString","coordinates":[[121.558064,31.181807],[121.563041,31.182854],[121.566058,31.183191]]}},{"type":"Feature","properties":{"kind":"road","osmId":"way/247431661","roadClass":"unclassified"},"geometry":{"type":"LineString","coordinates":[[121.569253,31.175406],[121.569282,31.175314]]}},{"type":"Feature","properties":{"kind":"road","osmId":"way/247431662","name":"Zhenzhongxin Road","roadClass":"unclassified"},"geometry":{"type":"LineString","coordinates":[[121.567054,31.182519],[121.567214,31.181891]]}},{"type":"Feature","properties":{"kind":"road","osmId":"way/247431663","name":"Zhenzhongxin Road","roadClass":"unclassified"},"geometry":{"type":"LineString","coordinates":[[121.565788,31.18664],[121.565841,31.186422]]}},{"type":"Feature","properties":{"kind":"road","osmId":"way/247431665","name":"Zhenzhongxin Road","roadClass":"unclassified"},"geometry":{"type":"LineString","coordinates":[[121.567214,31.181891],[121.567747,31.180304]]}},{"type":"Feature","properties":{"kind":"road","osmId":"way/247431669","name":"Zhenzhongxin Road","roadClass":"unclassified"},"geometry":{"type":"LineString","coordinates":[[121.565841,31.186422],[121.567054,31.182519]]}},{"type":"Feature","properties":{"kind":"road","osmId":"way/247431670","name":"Zhenzhongxin Road","roadClass":"unclassified"},"geometry":{"type":"LineString","coordinates":[[121.564343,31.190644],[121.565338,31.18832],[121.565788,31.18664]]}},{"type":"Feature","properties":{"kind":"road","osmId":"way/247462501","name":"Gaoqing Road","roadClass":"tertiary"},"geometry":{"type":"LineString","coordinates":[[121.561036,31.173205],[121.564236,31.174626],[121.565747,31.175036]]}},{"type":"Feature","properties":{"kind":"road","osmId":"way/247474285","roadClass":"residential"},"geometry":{"type":"LineString","coordinates":[[121.577101,31.174701],[121.576261,31.175615],[121.576128,31.175879]]}},{"type":"Feature","properties":{"kind":"road","osmId":"way/248825812","name":"Zhongjiecun Dao","roadClass":"unclassified"},"geometry":{"type":"LineString","coordinates":[[121.568073,31.186576],[121.567186,31.186455],[121.565979,31.185974]]}},{"type":"Feature","properties":{"kind":"road","osmId":"way/248825813","name":"Zhongjiecun Dao","roadClass":"unclassified"},"geometry":{"type":"LineString","coordinates":[[121.568267,31.186595],[121.568073,31.186576]]}},{"type":"Feature","properties":{"kind":"road","osmId":"way/248825815","name":"Zhongjiecun Dao","roadClass":"unclassified"},"geometry":{"type":"LineString","coordinates":[[121.575808,31.18767],[121.572898,31.187232],[121.57102,31.186825],[121.568267,31.186595]]}},{"type":"Feature","properties":{"kind":"road","osmId":"way/248842230","roadClass":"residential"},"geometry":{"type":"LineString","coordinates":[[121.573005,31.193063],[121.574306,31.193388]]}},{"type":"Feature","properties":{"kind":"road","osmId":"way/248842242","roadClass":"residential"},"geometry":{"type":"LineString","coordinates":[[121.572938,31.187238],[121.572835,31.187694]]}},{"type":"Feature","properties":{"kind":"road","osmId":"way/248842245","roadClass":"residential"},"geometry":{"type":"LineString","coordinates":[[121.572817,31.186441],[121.572913,31.185979]]}},{"type":"Feature","properties":{"kind":"road","osmId":"way/248842249","roadClass":"residential"},"geometry":{"type":"LineString","coordinates":[[121.574202,31.189708],[121.575207,31.189964]]}},{"type":"Feature","properties":{"kind":"road","osmId":"way/248842251","roadClass":"residential"},"geometry":{"type":"LineString","coordinates":[[121.570489,31.186755],[121.570352,31.187239]]}},{"type":"Feature","properties":{"kind":"road","osmId":"way/248842253","roadClass":"residential"},"geometry":{"type":"LineString","coordinates":[[121.572835,31.187694],[121.572803,31.187835]]}},{"type":"Feature","properties":{"kind":"road","osmId":"way/248842255","roadClass":"unclassified"},"geometry":{"type":"LineString","coordinates":[[121.572948,31.190957],[121.571556,31.193652]]}},{"type":"Feature","properties":{"kind":"road","osmId":"way/248842257","roadClass":"unclassified"},"geometry":{"type":"LineString","coordinates":[[121.575642,31.188308],[121.575664,31.188226]]}},{"type":"Feature","properties":{"kind":"road","osmId":"way/248842264","roadClass":"residential"},"geometry":{"type":"LineString","coordinates":[[121.574472,31.188967],[121.57542,31.189155]]}},{"type":"Feature","properties":{"kind":"road","osmId":"way/248842265","roadClass":"residential"},"geometry":{"type":"LineString","coordinates":[[121.570352,31.187239],[121.570306,31.187403]]}},{"type":"Feature","properties":{"kind":"road","osmId":"way/248842268","roadClass":"residential"},"geometry":{"type":"LineString","coordinates":[[121.572084,31.18701],[121.572242,31.186338]]}},{"type":"Feature","properties":{"kind":"road","osmId":"way/248842275","roadClass":"unclassified"},"geometry":{"type":"LineString","coordinates":[[121.575362,31.194285],[121.575156,31.194353],[121.57426,31.194159],[121.574155,31.193981]]}},{"type":"Feature","properties":{"kind":"road","osmId":"way/248842282","roadClass":"residential"},"geometry":{"type":"LineString","coordinates":[[121.56787,31.184697],[121.567464,31.186298],[121.567437,31.186759]]}},{"type":"Feature","properties":{"kind":"road","osmId":"way/248842298","roadClass":"unclassified"},"geometry":{"type":"LineString","coordinates":[[121.569609,31.190089],[121.56869,31.192412]]}},{"type":"Feature","properties":{"kind":"road","osmId":"way/248842302","roadClass":"residential"},"geometry":{"type":"LineString","coordinates":[[121.572803,31.187835],[121.572741,31.188112]]}},{"type":"Feature","properties":{"kind":"road","osmId":"way/248842304","roadClass":"residential"},"geometry":{"type":"LineString","coordinates":[[121.566278,31.185022],[121.568213,31.185423]]}},{"type":"Feature","properties":{"kind":"road","osmId":"way/248842312","roadClass":"unclassified"},"geometry":{"type":"LineString","coordinates":[[121.567938,31.189861],[121.567417,31.19132]]}},{"type":"Feature","properties":{"kind":"road","osmId":"way/248842314","roadClass":"unclassified"},"geometry":{"type":"LineString","coordinates":[[121.568936,31.19181],[121.570521,31.192366]]}},{"type":"Feature","properties":{"kind":"road","osmId":"way/248842316","roadClass":"residential"},"geometry":{"type":"LineString","coordinates":[[121.572242,31.186338],[121.575959,31.18713]]}},{"type":"Feature","properties":{"kind":"road","osmId":"way/248842318","roadClass":"tertiary"},"geometry":{"type":"LineString","coordinates":[[121.575808,31.18767],[121.576417,31.185416],[121.576317,31.185259]]}},{"type":"Feature","properties":{"kind":"road","osmId":"way/248842322","roadClass":"residential"},"geometry":{"type":"LineString","coordinates":[[121.570378,31.18547],[121.570033,31.186712]]}},{"type":"Feature","properties":{"kind":"road","osmId":"way/248842324","roadClass":"residential"},"geometry":{"type":"LineString","coordinates":[[121.570306,31.187403],[121.570044,31.188182]]}},{"type":"Feature","properties":{"kind":"road","osmId":"way/248842327","roadClass":"unclassified"},"geometry":{"type":"LineString","coordinates":[[121.570759,31.19197],[121.571482,31.19001]]}},{"type":"Feature","properties":{"kind":"road","osmId":"way/248842334","roadClass":"residential"},"geometry":{"type":"LineString","coordinates":[[121.573697,31.191109],[121.573005,31.193063]]}},{"type":"Feature","properties":{"kind":"road","osmId":"way/248842336","roadClass":"residential"},"geometry":{"type":"LineString","coordinates":[[121.573916,31.19071],[121.574597,31.188586]]}},{"type":"Feature","properties":{"kind":"road","osmId":"way/248844608","roadClass":"residential"},"geometry":{"type":"LineString","coordinates":[[121.57356,31.191579],[121.574753,31.191914]]}},{"type":"Feature","properties":{"kind":"road","osmId":"way/248844610","roadClass":"unclassified"},"geometry":{"type":"LineString","coordinates":[[121.569694,31.192071],[121.569499,31.192565]]}},{"type":"Feature","properties":{"kind":"road","osmId":"way/248845437","name":"Huazhong Road","roadClass":"unclassified"},"geometry":{"type":"LineString","coordinates":[[121.564873,31.189523],[121.569286,31.190018],[121.572948,31.190957]]}},{"type":"Feature","properties":{"kind":"road","osmId":"way/248854841","roadClass":"unclassified"},"geometry":{"type":"LineString","coordinates":[[121.567754,31.197203],[121.568163,31.195583],[121.568831,31.193549]]}},{"type":"Feature","properties":{"kind":"road","osmId":"way/248854844","roadClass":"unclassified"},"geometry":{"type":"LineString","coordinates":[[121.568387,31.194868],[121.569272,31.194952],[121.571073,31.195532]]}},{"type":"Feature","properties":{"kind":"road","osmId":"way/248854847","roadClass":"residential"},"geometry":{"type":"LineString","coordinates":[[121.572062,31.200344],[121.571871,31.201438]]}},{"type":"Feature","properties":{"kind":"road","osmId":"way/248854852","roadClass":"residential"},"geometry":{"type":"LineString","coordinates":[[121.571238,31.199506],[121.571118,31.200055]]}},{"type":"Feature","properties":{"kind":"road","osmId":"way/248854854","roadClass":"unclassified"},"geometry":{"type":"LineString","coordinates":[[121.571505,31.194409],[121.570663,31.196616]]}},{"type":"Feature","properties":{"kind":"road","osmId":"way/248854856","roadClass":"residential"},"geometry":{"type":"LineString","coordinates":[[121.56694,31.198819],[121.56755,31.199081],[121.571238,31.199506]]}},{"type":"Feature","properties":{"kind":"road","osmId":"way/248854865","roadClass":"unclassified"},"geometry":{"type":"LineString","coordinates":[[121.570353,31.19755],[121.570494,31.197075],[121.571813,31.197274],[121.572026,31.196275],[121.572352,31.195483],[121.572751,31.194842]]}},{"type":"Feature","properties":{"kind":"road","osmId":"way/257148518","name":"Inner Ring Road","roadClass":"trunk"},"geometry":{"type":"LineString","coordinates":[[121.568967,31.217442],[121.567114,31.225044],[121.566302,31.228767],[121.565929,31.229944],[121.565028,31.232021]]}},{"type":"Feature","properties":{"kind":"road","osmId":"way/257148535","name":"Inner Ring Road","roadClass":"trunk"},"geometry":{"type":"LineString","coordinates":[[121.566293,31.208463],[121.567048,31.20871]]}},{"type":"Feature","properties":{"kind":"road","osmId":"way/257148542","name":"Inner Ring Road","roadClass":"trunk"},"geometry":{"type":"LineString","coordinates":[[121.570016,31.214493],[121.569805,31.215028]]}},{"type":"Feature","properties":{"kind":"road","osmId":"way/257148544","name":"Longdong Avenue","roadClass":"primary"},"geometry":{"type":"LineString","coordinates":[[121.576097,31.213199],[121.574645,31.21281],[121.572559,31.211887]]}},{"type":"Feature","properties":{"kind":"road","osmId":"way/257148546","name":"Longdong Avenue","roadClass":"primary"},"geometry":{"type":"LineString","coordinates":[[121.573654,31.211663],[121.574603,31.212246],[121.57542,31.212589],[121.578585,31.21345]]}},{"type":"Feature","properties":{"kind":"road","osmId":"way/257148557","name":"Longdong Avenue","roadClass":"primary"},"geometry":{"type":"LineString","coordinates":[[121.572559,31.211887],[121.570365,31.210895]]}},{"type":"Feature","properties":{"kind":"road","osmId":"way/257148594","name":"Longyang Road","roadClass":"primary"},"geometry":{"type":"LineString","coordinates":[[121.570365,31.210895],[121.568155,31.209882]]}},{"type":"Feature","properties":{"kind":"road","osmId":"way/257148620","name":"Luoshan Road","roadClass":"primary"},"geometry":{"type":"LineString","coordinates":[[121.570454,31.214223],[121.569587,31.216155]]}},{"type":"Feature","properties":{"kind":"road","osmId":"way/257148629","name":"Luoshan Road","roadClass":"primary"},"geometry":{"type":"LineString","coordinates":[[121.572001,31.211148],[121.571863,31.211638],[121.571134,31.212487],[121.570842,31.213014]]}},{"type":"Feature","properties":{"kind":"road","osmId":"way/257148633","name":"Luoshan Road","roadClass":"primary"},"geometry":{"type":"LineString","coordinates":[[121.569324,31.214406],[121.5693,31.213538],[121.568805,31.210838],[121.569029,31.210047],[121.569555,31.209552]]}},{"type":"Feature","properties":{"kind":"road","osmId":"way/257148637","name":"Luoshan Road","roadClass":"primary"},"geometry":{"type":"LineString","coordinates":[[121.570842,31.213014],[121.570642,31.213663]]}},{"type":"Feature","properties":{"kind":"road","osmId":"way/257148640","name":"Luoshan Road","roadClass":"primary"},"geometry":{"type":"LineString","coordinates":[[121.570642,31.213663],[121.570454,31.214223]]}},{"type":"Feature","properties":{"kind":"road","osmId":"way/257148642","name":"Luoshan Road","roadClass":"primary"},"geometry":{"type":"LineString","coordinates":[[121.570978,31.207555],[121.571061,31.206896],[121.572154,31.202561]]}},{"type":"Feature","properties":{"kind":"road","osmId":"way/257148644","name":"Luoshan Road","roadClass":"primary"},"geometry":{"type":"LineString","coordinates":[[121.568959,31.216016],[121.569162,31.215435],[121.569324,31.214406]]}},{"type":"Feature","properties":{"kind":"road","osmId":"way/257148668","name":"Longdong Avenue","roadClass":"primary"},"geometry":{"type":"LineString","coordinates":[[121.58286,31.214573],[121.583923,31.215177],[121.586503,31.217027],[121.588325,31.217919],[121.593799,31.219623],[121.604342,31.221776]]}},{"type":"Feature","properties":{"kind":"road","osmId":"way/257148690","name":"龙东高架路","roadClass":"trunk"},"geometry":{"type":"LineString","coordinates":[[121.572886,31.21175],[121.573636,31.212097]]}},{"type":"Feature","properties":{"kind":"road","osmId":"way/257148711","name":"龙东高架路","roadClass":"trunk"},"geometry":{"type":"LineString","coordinates":[[121.573655,31.212243],[121.572904,31.211894]]}},{"type":"Feature","properties":{"kind":"road","osmId":"way/257148737","roadClass":"primary"},"geometry":{"type":"LineString","coordinates":[[121.572766,31.21222],[121.572341,31.212121],[121.571856,31.212148],[121.571552,31.21225],[121.571198,31.212589],[121.570943,31.213015],[121.570531,31.214301],[121.569587,31.216155]]}},{"type":"Feature","properties":{"kind":"road","osmId":"way/257148761","roadClass":"primary"},"geometry":{"type":"LineString","coordinates":[[121.568959,31.216016],[121.569223,31.214299],[121.569144,31.213175],[121.568858,31.212284],[121.568151,31.210913],[121.567663,31.210213],[121.56718,31.209747],[121.564311,31.208133]]}},{"type":"Feature","properties":{"kind":"road","osmId":"way/257150574","name":"龙东高架路","roadClass":"trunk"},"geometry":{"type":"LineString","coordinates":[[121.572904,31.211894],[121.565203,31.208382]]}},{"type":"Feature","properties":{"kind":"road","osmId":"way/265055129","name":"Chenhui Road","roadClass":"residential"},"geometry":{"type":"LineString","coordinates":[[121.596254,31.203279],[121.598064,31.203601]]}},{"type":"Feature","properties":{"kind":"road","osmId":"way/265055130","name":"Chenhui Road","roadClass":"unclassified"},"geometry":{"type":"LineString","coordinates":[[121.576064,31.199652],[121.576292,31.199828]]}},{"type":"Feature","properties":{"kind":"road","osmId":"way/265055131","name":"Jingming Road","roadClass":"residential"},"geometry":{"type":"LineString","coordinates":[[121.575117,31.20349],[121.576326,31.198562],[121.577645,31.196552]]}},{"type":"Feature","properties":{"kind":"road","osmId":"way/265055132","name":"Jingming Road","roadClass":"unclassified"},"geometry":{"type":"LineString","coordinates":[[121.575055,31.203725],[121.575117,31.20349]]}},{"type":"Feature","properties":{"kind":"road","osmId":"way/265055133","name":"Jingming Road","roadClass":"residential"},"geometry":{"type":"LineString","coordinates":[[121.574494,31.207426],[121.574518,31.207189]]}},{"type":"Feature","properties":{"kind":"road","osmId":"way/265055134","name":"Jingming Road","roadClass":"residential"},"geometry":{"type":"LineString","coordinates":[[121.574095,31.21096],[121.574106,31.210859]]}},{"type":"Feature","properties":{"kind":"road","osmId":"way/265055135","name":"Jingming Road","roadClass":"residential"},"geometry":{"type":"LineString","coordinates":[[121.574106,31.210859],[121.574494,31.207426]]}},{"type":"Feature","properties":{"kind":"road","osmId":"way/265055136","name":"Jingming Road","roadClass":"residential"},"geometry":{"type":"LineString","coordinates":[[121.574518,31.207189],[121.574754,31.205037],[121.575055,31.203725]]}},{"type":"Feature","properties":{"kind":"road","osmId":"way/265055137","name":"Zuchongzhi Road","roadClass":"secondary"},"geometry":{"type":"LineString","coordinates":[[121.574196,31.202929],[121.573337,31.202812]]}},{"type":"Feature","properties":{"kind":"road","osmId":"way/265068314","name":"Bibo Road","roadClass":"tertiary"},"geometry":{"type":"LineString","coordinates":[[121.579354,31.202864],[121.579371,31.202703]]}},{"type":"Feature","properties":{"kind":"road","osmId":"way/270051841","name":"Boyun Road","roadClass":"residential"},"geometry":{"type":"LineString","coordinates":[[121.599885,31.205129],[121.601357,31.205172],[121.602265,31.205054],[121.603101,31.205531]]}},{"type":"Feature","properties":{"kind":"road","osmId":"way/270051842","name":"Chenhui Road","roadClass":"residential"},"geometry":{"type":"LineString","coordinates":[[121.598858,31.203627],[121.598741,31.203825],[121.598207,31.203714]]}},{"type":"Feature","properties":{"kind":"road","osmId":"way/270051843","name":"Halei Road","roadClass":"residential"},"geometry":{"type":"LineString","coordinates":[[121.599831,31.205592],[121.599885,31.205129]]}},{"type":"Feature","properties":{"kind":"road","osmId":"way/270051844","name":"Liangxiu Road","roadClass":"residential"},"geometry":{"type":"LineString","coordinates":[[121.603325,31.203622],[121.603496,31.203781]]}},{"type":"Feature","properties":{"kind":"road","osmId":"way/270051845","name":"Liangxiu Road","roadClass":"residential"},"geometry":{"type":"LineString","coordinates":[[121.603496,31.203781],[121.605451,31.205596]]}},{"type":"Feature","properties":{"kind":"road","osmId":"way/270051846","roadClass":"residential"},"geometry":{"type":"LineString","coordinates":[[121.598963,31.202603],[121.598364,31.202459]]}},{"type":"Feature","properties":{"kind":"road","osmId":"way/270051847","roadClass":"residential"},"geometry":{"type":"LineString","coordinates":[[121.601493,31.201929],[121.601175,31.202348]]}},{"type":"Feature","properties":{"kind":"waterway","osmId":"way/270051848"},"geometry":{"type":"LineString","coordinates":[[121.602093,31.203736],[121.603219,31.203757],[121.604023,31.203595],[121.604487,31.203292]]}},{"type":"Feature","properties":{"kind":"road","osmId":"way/270066671","name":"Chuanbei Highway","roadClass":"residential"},"geometry":{"type":"LineString","coordinates":[[121.606691,31.205464],[121.607247,31.205902],[121.607939,31.206679],[121.609248,31.208875],[121.6095,31.209098]]}},{"type":"Feature","properties":{"kind":"road","osmId":"way/270066672","name":"Chuanbei Highway","roadClass":"residential"},"geometry":{"type":"LineString","coordinates":[[121.605985,31.204954],[121.606591,31.205392]]}},{"type":"Feature","properties":{"kind":"road","osmId":"way/270066673","name":"Chuanbei Highway","roadClass":"residential"},"geometry":{"type":"LineString","coordinates":[[121.606591,31.205392],[121.606691,31.205464]]}},{"type":"Feature","properties":{"kind":"road","osmId":"way/270066674","name":"Gaosi Road","roadClass":"tertiary"},"geometry":{"type":"LineString","coordinates":[[121.606062,31.20486],[121.604748,31.206558],[121.604267,31.207865]]}},{"type":"Feature","properties":{"kind":"road","osmId":"way/270066675","name":"Gaosi Road","roadClass":"tertiary"},"geometry":{"type":"LineString","coordinates":[[121.606214,31.204674],[121.606062,31.20486]]}},{"type":"Feature","properties":{"kind":"road","osmId":"way/270066676","name":"Gutong Road","roadClass":"residential"},"geometry":{"type":"LineString","coordinates":[[121.608136,31.206471],[121.608297,31.206301]]}},{"type":"Feature","properties":{"kind":"road","osmId":"way/270066677","name":"Gutong Road","roadClass":"residential"},"geometry":{"type":"LineString","coordinates":[[121.608297,31.206301],[121.609581,31.204945]]}},{"type":"Feature","properties":{"kind":"road","osmId":"way/270066678","name":"Gutong Road","roadClass":"residential"},"geometry":{"type":"LineString","coordinates":[[121.607939,31.206679],[121.608136,31.206471]]}},{"type":"Feature","properties":{"kind":"road","osmId":"way/270066680","name":"South Gutong Road","roadClass":"residential"},"geometry":{"type":"LineString","coordinates":[[121.609581,31.204945],[121.612174,31.202196]]}},{"type":"Feature","properties":{"kind":"road","osmId":"way/270066681","name":"Ziwei Road","roadClass":"tertiary"},"geometry":{"type":"LineString","coordinates":[[121.620749,31.208891],[121.617933,31.208794],[121.617162,31.208605],[121.616166,31.208113]]}},{"type":"Feature","properties":{"kind":"road","osmId":"way/270066682","name":"Ziwei Road","roadClass":"tertiary"},"geometry":{"type":"LineString","coordinates":[[121.613666,31.206553],[121.612848,31.205727]]}},{"type":"Feature","properties":{"kind":"road","osmId":"way/270066683","name":"Ziwei Road","roadClass":"tertiary"},"geometry":{"type":"LineString","coordinates":[[121.613998,31.206768],[121.613666,31.206553]]}},{"type":"Feature","properties":{"kind":"road","osmId":"way/270066686","roadClass":"residential"},"geometry":{"type":"LineString","coordinates":[[121.604324,31.200868],[121.60436,31.200422]]}},{"type":"Feature","properties":{"kind":"road","osmId":"way/270066687","roadClass":"residential"},"geometry":{"type":"LineString","coordinates":[[121.608027,31.206814],[121.607246,31.207488]]}},{"type":"Feature","properties":{"kind":"road","osmId":"way/270066688","roadClass":"residential"},"geometry":{"type":"LineString","coordinates":[[121.613171,31.206335],[121.612679,31.205886]]}},{"type":"Feature","properties":{"kind":"road","osmId":"way/270066689","roadClass":"residential"},"geometry":{"type":"LineString","coordinates":[[121.609109,31.20864],[121.609386,31.208736],[121.609664,31.208667]]}},{"type":"Feature","properties":{"kind":"road","osmId":"way/270066692","name":"3 Jianzhong Road","roadClass":"residential"},"geometry":{"type":"LineString","coordinates":[[121.612346,31.207392],[121.612697,31.207068],[121.613171,31.206335]]}},{"type":"Feature","properties":{"kind":"road","osmId":"way/270066723","roadClass":"residential"},"geometry":{"type":"LineString","coordinates":[[121.606394,31.202152],[121.606171,31.201887],[121.605842,31.201019],[121.605738,31.200425]]}},{"type":"Feature","properties":{"kind":"road","osmId":"way/270092026","name":"Longsan Road","roadClass":"residential"},"geometry":{"type":"LineString","coordinates":[[121.592296,31.220115],[121.592504,31.219593]]}},{"type":"Feature","properties":{"kind":"road","osmId":"way/270101550","name":"Qingyun Road","roadClass":"residential"},"geometry":{"type":"LineString","coordinates":[[121.606623,31.208651],[121.606156,31.210714],[121.605352,31.210541],[121.605072,31.210386]]}},{"type":"Feature","properties":{"kind":"road","osmId":"way/270106078","roadClass":"residential"},"geometry":{"type":"LineString","coordinates":[[121.608756,31.20422],[121.610128,31.203047]]}},{"type":"Feature","properties":{"kind":"road","osmId":"way/272231907","name":"Daerwen Road","roadClass":"tertiary"},"geometry":{"type":"LineString","coordinates":[[121.581472,31.19352],[121.581537,31.193227]]}},{"type":"Feature","properties":{"kind":"road","osmId":"way/272231908","name":"Daerwen Road","roadClass":"tertiary"},"geometry":{"type":"LineString","coordinates":[[121.581537,31.193227],[121.581811,31.191994]]}},{"type":"Feature","properties":{"kind":"road","osmId":"way/272231909","name":"Huatuo Road","roadClass":"residential"},"geometry":{"type":"LineString","coordinates":[[121.579757,31.194454],[121.579452,31.194404]]}},{"type":"Feature","properties":{"kind":"road","osmId":"way/272231910","name":"Huatuo Road","roadClass":"residential"},"geometry":{"type":"LineString","coordinates":[[121.58121,31.194692],[121.580248,31.194534]]}},{"type":"Feature","properties":{"kind":"road","osmId":"way/272231911","name":"Huatuo Road","roadClass":"residential"},"geometry":{"type":"LineString","coordinates":[[121.580248,31.194534],[121.579757,31.194454]]}},{"type":"Feature","properties":{"kind":"road","osmId":"way/272251832","roadClass":"residential"},"geometry":{"type":"LineString","coordinates":[[121.615197,31.196283],[121.618022,31.19793]]}},{"type":"Feature","properties":{"kind":"road","osmId":"way/272251833","roadClass":"residential"},"geometry":{"type":"LineString","coordinates":[[121.613889,31.199547],[121.614997,31.200153]]}},{"type":"Feature","properties":{"kind":"road","osmId":"way/272251834","name":"Cailun Branch Road","roadClass":"residential"},"geometry":{"type":"LineString","coordinates":[[121.617238,31.198915],[121.618022,31.19793]]}},{"type":"Feature","properties":{"kind":"road","osmId":"way/272345153","name":"Cailun Road","roadClass":"unclassified"},"geometry":{"type":"LineString","coordinates":[[121.581811,31.191994],[121.577904,31.191312]]}},{"type":"Feature","properties":{"kind":"road","osmId":"way/272345154","name":"Cailun Road","roadClass":"tertiary"},"geometry":{"type":"LineString","coordinates":[[121.587278,31.193001],[121.586974,31.192946]]}},{"type":"Feature","properties":{"kind":"road","osmId":"way/272345155","name":"Cailun Road","roadClass":"tertiary"},"geometry":{"type":"LineString","coordinates":[[121.586315,31.192825],[121.581811,31.191994]]}},{"type":"Feature","properties":{"kind":"road","osmId":"way/272345156","name":"Cailun Road","roadClass":"tertiary"},"geometry":{"type":"LineString","coordinates":[[121.617238,31.198915],[121.619028,31.199961]]}},{"type":"Feature","properties":{"kind":"road","osmId":"way/272345157","name":"Gebaini Road","roadClass":"tertiary"},"geometry":{"type":"LineString","coordinates":[[121.608239,31.193906],[121.608443,31.191586]]}},{"type":"Feature","properties":{"kind":"road","osmId":"way/272345158","name":"Halei Road","roadClass":"residential"},"geometry":{"type":"LineString","coordinates":[[121.599405,31.199652],[121.599502,31.199438]]}},{"type":"Feature","properties":{"kind":"road","osmId":"way/272345159","name":"Halei Road","roadClass":"residential"},"geometry":{"type":"LineString","coordinates":[[121.600226,31.197843],[121.602431,31.192926]]}},{"type":"Feature","properties":{"kind":"road","osmId":"way/272345160","name":"Libing Road","roadClass":"residential"},"geometry":{"type":"LineString","coordinates":[[121.608062,31.198099],[121.611598,31.198361],[121.613933,31.198914]]}},{"type":"Feature","properties":{"kind":"road","osmId":"way/272524656","name":"Bisheng Road","roadClass":"residential"},"geometry":{"type":"LineString","coordinates":[[121.588209,31.186985],[121.587643,31.186789],[121.587389,31.186841],[121.580105,31.185506]]}},{"type":"Feature","properties":{"kind":"road","osmId":"way/272524657","roadClass":"residential"},"geometry":{"type":"LineString","coordinates":[[121.585525,31.187758],[121.585485,31.186491]]}},{"type":"Feature","properties":{"kind":"road","osmId":"way/272524658","roadClass":"residential"},"geometry":{"type":"LineString","coordinates":[[121.585578,31.189363],[121.585536,31.188099]]}},{"type":"Feature","properties":{"kind":"road","osmId":"way/275409022","name":"Middle Gaoke Road","roadClass":"primary"},"geometry":{"type":"LineString","coordinates":[[121.623854,31.203701],[121.623597,31.203631]]}},{"type":"Feature","properties":{"kind":"road","osmId":"way/275409023","name":"Middle Gaoke Road","roadClass":"primary"},"geometry":{"type":"LineString","coordinates":[[121.623643,31.203537],[121.623901,31.203607]]}},{"type":"Feature","properties":{"kind":"road","osmId":"way/275409024","name":"Middle Gaoke Road","roadClass":"primary"},"geometry":{"type":"LineString","coordinates":[[121.576367,31.19601],[121.576573,31.196084]]}},{"type":"Feature","properties":{"kind":"road","osmId":"way/275409025","name":"Middle Gaoke Road","roadClass":"primary"},"geometry":{"type":"LineString","coordinates":[[121.576517,31.196176],[121.576308,31.196102]]}},{"type":"Feature","properties":{"kind":"road","osmId":"way/275409026","name":"Middle Gaoke Road","roadClass":"primary"},"geometry":{"type":"LineString","coordinates":[[121.601857,31.20042],[121.60114,31.20042]]}},{"type":"Feature","properties":{"kind":"road","osmId":"way/275409027","name":"Middle Gaoke Road","roadClass":"primary"},"geometry":{"type":"LineString","coordinates":[[121.601016,31.200315],[121.601734,31.200315]]}},{"type":"Feature","properties":{"kind":"road","osmId":"way/275409028","name":"Middle Gaoke Road","roadClass":"primary"},"geometry":{"type":"LineString","coordinates":[[121.608092,31.200321],[121.611605,31.200506],[121.613957,31.20091],[121.615674,31.201356]]}},{"type":"Feature","properties":{"kind":"road","osmId":"way/275409029","name":"Middle Gaoke Road","roadClass":"primary"},"geometry":{"type":"LineString","coordinates":[[121.630548,31.205417],[121.634276,31.206516],[121.639645,31.208755]]}},{"type":"Feature","properties":{"kind":"road","osmId":"way/275409030","name":"Middle Gaoke Road","roadClass":"primary"},"geometry":{"type":"LineString","coordinates":[[121.623597,31.203631],[121.621033,31.20295]]}},{"type":"Feature","properties":{"kind":"road","osmId":"way/275409031","name":"Middle Gaoke Road","roadClass":"primary"},"geometry":{"type":"LineString","coordinates":[[121.585467,31.198398],[121.594719,31.200014],[121.596338,31.200217]]}},{"type":"Feature","properties":{"kind":"road","osmId":"way/275409032","name":"Middle Gaoke Road","roadClass":"primary"},"geometry":{"type":"LineString","coordinates":[[121.596483,31.20034],[121.594701,31.20012],[121.585494,31.198522]]}},{"type":"Feature","properties":{"kind":"road","osmId":"way/275409033","name":"Middle Gaoke Road","roadClass":"secondary"},"geometry":{"type":"LineString","coordinates":[[121.614159,31.200955],[121.614948,31.201069],[121.617128,31.20166]]}},{"type":"Feature","properties":{"kind":"road","osmId":"way/275409034","name":"Middle Gaoke Road","roadClass":"secondary"},"geometry":{"type":"LineString","coordinates":[[121.616849,31.201907],[121.613779,31.200993]]}},{"type":"Feature","properties":{"kind":"road","osmId":"way/275409035","name":"Middle Gaoke Road","roadClass":"primary"},"geometry":{"type":"LineString","coordinates":[[121.576308,31.196102],[121.574085,31.195255]]}},{"type":"Feature","properties":{"kind":"road","osmId":"way/275420517","name":"Bisheng Road","roadClass":"residential"},"geometry":{"type":"LineString","coordinates":[[121.591216,31.190335],[121.592171,31.188622],[121.592146,31.188207],[121.591885,31.187816]]}},{"type":"Feature","properties":{"kind":"road","osmId":"way/275420518","name":"Bisheng Road","roadClass":"residential"},"geometry":{"type":"LineString","coordinates":[[121.591885,31.187816],[121.591634,31.187651]]}},{"type":"Feature","properties":{"kind":"road","osmId":"way/275420519","name":"Bisheng Road","roadClass":"residential"},"geometry":{"type":"LineString","coordinates":[[121.591634,31.187651],[121.588209,31.186985]]}},{"type":"Feature","properties":{"kind":"road","osmId":"way/275420520","name":"Sanbahe Road","roadClass":"residential"},"geometry":{"type":"LineString","coordinates":[[121.581925,31.179194],[121.581845,31.179313]]}},{"type":"Feature","properties":{"kind":"road","osmId":"way/275420521","name":"Sanbahe Road","roadClass":"residential"},"geometry":{"type":"LineString","coordinates":[[121.577441,31.188541],[121.577381,31.188714]]}},{"type":"Feature","properties":{"kind":"road","osmId":"way/275420523","name":"Sanbahe Road","roadClass":"residential"},"geometry":{"type":"LineString","coordinates":[[121.578963,31.184091],[121.578787,31.184748]]}},{"type":"Feature","properties":{"kind":"road","osmId":"way/275420524","name":"Sanbahe Road","roadClass":"residential"},"geometry":{"type":"LineString","coordinates":[[121.57808,31.186733],[121.578046,31.18683]]}},{"type":"Feature","properties":{"kind":"road","osmId":"way/275420525","name":"Sanbahe Road","roadClass":"residential"},"geometry":{"type":"LineString","coordinates":[[121.584643,31.174991],[121.581925,31.179194]]}},{"type":"Feature","properties":{"kind":"road","osmId":"way/275420526","name":"Sanbahe Road","roadClass":"residential"},"geometry":{"type":"LineString","coordinates":[[121.578046,31.18683],[121.577441,31.188541]]}},{"type":"Feature","properties":{"kind":"road","osmId":"way/275420527","name":"Sanbahe Road","roadClass":"residential"},"geometry":{"type":"LineString","coordinates":[[121.578787,31.184748],[121.57808,31.186733]]}},{"type":"Feature","properties":{"kind":"road","osmId":"way/275420528","name":"Sanbahe Road","roadClass":"residential"},"geometry":{"type":"LineString","coordinates":[[121.581845,31.179313],[121.579405,31.183021],[121.578963,31.184091]]}},{"type":"Feature","properties":{"kind":"road","osmId":"way/275420529","name":"Sanbahe Road","roadClass":"residential"},"geometry":{"type":"LineString","coordinates":[[121.577381,31.188714],[121.575362,31.194285]]}},{"type":"Feature","properties":{"kind":"road","osmId":"way/275420530","name":"Zhangheng Road","roadClass":"secondary"},"geometry":{"type":"LineString","coordinates":[[121.587099,31.189639],[121.578371,31.188103]]}},{"type":"Feature","properties":{"kind":"road","osmId":"way/275420532","name":"Zhangheng Road","roadClass":"secondary"},"geometry":{"type":"LineString","coordinates":[[121.578438,31.18791],[121.587116,31.189568]]}},{"type":"Feature","properties":{"kind":"road","osmId":"way/275420534","name":"Zhangheng Road","roadClass":"secondary"},"geometry":{"type":"LineString","coordinates":[[121.599953,31.19242],[121.5998,31.192387]]}},{"type":"Feature","properties":{"kind":"road","osmId":"way/275420536","name":"Zhangheng Road","roadClass":"secondary"},"geometry":{"type":"LineString","coordinates":[[121.577805,31.187796],[121.578438,31.18791]]}},{"type":"Feature","properties":{"kind":"road","osmId":"way/275420537","name":"Zhangheng Road","roadClass":"secondary"},"geometry":{"type":"LineString","coordinates":[[121.589707,31.190111],[121.589298,31.190037]]}},{"type":"Feature","properties":{"kind":"road","osmId":"way/275420538","name":"Zhangheng Road","roadClass":"secondary"},"geometry":{"type":"LineString","coordinates":[[121.599828,31.192322],[121.599986,31.192356]]}},{"type":"Feature","properties":{"kind":"road","osmId":"way/275420539","name":"Zhangheng Road","roadClass":"secondary"},"geometry":{"type":"LineString","coordinates":[[121.593217,31.190808],[121.593444,31.190862]]}},{"type":"Feature","properties":{"kind":"road","osmId":"way/275420540","name":"Zhangheng Road","roadClass":"secondary"},"geometry":{"type":"LineString","coordinates":[[121.578371,31.188103],[121.577736,31.187988]]}},{"type":"Feature","properties":{"kind":"road","osmId":"way/275420541","name":"Zhangheng Road","roadClass":"secondary"},"geometry":{"type":"LineString","coordinates":[[121.589334,31.189973],[121.589746,31.190049]]}},{"type":"Feature","properties":{"kind":"road","osmId":"way/275420542","name":"Zhangheng Road","roadClass":"secondary"},"geometry":{"type":"LineString","coordinates":[[121.593418,31.190924],[121.593194,31.19087]]}},{"type":"Feature","properties":{"kind":"road","osmId":"way/275420543","name":"Zhangheng Road","roadClass":"secondary"},"geometry":{"type":"LineString","coordinates":[[121.604685,31.193268],[121.608239,31.193906]]}},{"type":"Feature","properties":{"kind":"road","osmId":"way/275420544","name":"Zhangheng Road","roadClass":"secondary"},"geometry":{"type":"LineString","coordinates":[[121.589746,31.190049],[121.591216,31.190335]]}},{"type":"Feature","properties":{"kind":"road","osmId":"way/275420545","name":"Zhangheng Road","roadClass":"secondary"},"geometry":{"type":"LineString","coordinates":[[121.591195,31.190395],[121.589707,31.190111]]}},{"type":"Feature","properties":{"kind":"road","osmId":"way/275420546","name":"Zhangheng Road","roadClass":"secondary"},"geometry":{"type":"LineString","coordinates":[[121.577736,31.187988],[121.576083,31.187709]]}},{"type":"Feature","properties":{"kind":"road","osmId":"way/275420547","name":"Zhangheng Road","roadClass":"secondary"},"geometry":{"type":"LineString","coordinates":[[121.593444,31.190862],[121.596973,31.191696]]}},{"type":"Feature","properties":{"kind":"road","osmId":"way/275420548","name":"Zhangheng Road","roadClass":"secondary"},"geometry":{"type":"LineString","coordinates":[[121.596967,31.191771],[121.593418,31.190924]]}},{"type":"Feature","properties":{"kind":"road","osmId":"way/275515190","name":"Jinke Road","roadClass":"primary"},"geometry":{"type":"LineString","coordinates":[[121.596769,31.194543],[121.596967,31.191771]]}},{"type":"Feature","properties":{"kind":"road","osmId":"way/275515191","name":"Jinke Road","roadClass":"primary"},"geometry":{"type":"LineString","coordinates":[[121.59692,31.194524],[121.59662,31.198482]]}},{"type":"Feature","properties":{"kind":"road","osmId":"way/275515192","name":"Jinke Road","roadClass":"primary"},"geometry":{"type":"LineString","coordinates":[[121.59503,31.220103],[121.594471,31.224787]]}},{"type":"Feature","properties":{"kind":"road","osmId":"way/275515193","name":"Jinke Road","roadClass":"primary"},"geometry":{"type":"LineString","coordinates":[[121.597407,31.185953],[121.597519,31.184456]]}},{"type":"Feature","properties":{"kind":"road","osmId":"way/275515194","name":"Jinke Road","roadClass":"primary"},"geometry":{"type":"LineString","coordinates":[[121.598016,31.177891],[121.598041,31.177566]]}},{"type":"Feature","properties":{"kind":"road","osmId":"way/275515196","name":"Jinke Road","roadClass":"primary"},"geometry":{"type":"LineString","coordinates":[[121.598196,31.177586],[121.598171,31.177908]]}},{"type":"Feature","properties":{"kind":"road","osmId":"way/275515197","name":"Jinke Road","roadClass":"primary"},"geometry":{"type":"LineString","coordinates":[[121.59644,31.198905],[121.596475,31.198436]]}},{"type":"Feature","properties":{"kind":"road","osmId":"way/275515198","name":"Jinke Road","roadClass":"primary"},"geometry":{"type":"LineString","coordinates":[[121.597677,31.184419],[121.597561,31.185961]]}},{"type":"Feature","properties":{"kind":"road","osmId":"way/275515199","name":"Jinke Road","roadClass":"primary"},"geometry":{"type":"LineString","coordinates":[[121.597094,31.190119],[121.597407,31.185953]]}},{"type":"Feature","properties":{"kind":"road","osmId":"way/275515200","name":"Jinke Road","roadClass":"primary"},"geometry":{"type":"LineString","coordinates":[[121.597561,31.185961],[121.597249,31.190128]]}},{"type":"Feature","properties":{"kind":"road","osmId":"way/275515201","name":"Jinke Road","roadClass":"primary"},"geometry":{"type":"LineString","coordinates":[[121.59662,31.198482],[121.596585,31.198947]]}},{"type":"Feature","properties":{"kind":"road","osmId":"way/275515202","name":"Jinke Road","roadClass":"primary"},"geometry":{"type":"LineString","coordinates":[[121.597707,31.184026],[121.597677,31.184419]]}},{"type":"Feature","properties":{"kind":"road","osmId":"way/275515203","name":"Jinke Road","roadClass":"primary"},"geometry":{"type":"LineString","coordinates":[[121.597519,31.184456],[121.597548,31.184063]]}},{"type":"Feature","properties":{"kind":"road","osmId":"way/275515204","name":"Jinke Road","roadClass":"primary"},"geometry":{"type":"LineString","coordinates":[[121.595551,31.213471],[121.595113,31.219841],[121.59503,31.220103]]}},{"type":"Feature","properties":{"kind":"road","osmId":"way/275515205","name":"Jinke Road","roadClass":"primary"},"geometry":{"type":"LineString","coordinates":[[121.598041,31.177566],[121.598253,31.17578]]}},{"type":"Feature","properties":{"kind":"road","osmId":"way/275515206","name":"Jinke Road","roadClass":"primary"},"geometry":{"type":"LineString","coordinates":[[121.598125,31.178504],[121.597929,31.181085]]}},{"type":"Feature","properties":{"kind":"road","osmId":"way/275515207","name":"Jinke Road","roadClass":"primary"},"geometry":{"type":"LineString","coordinates":[[121.597852,31.180058],[121.598016,31.177891]]}},{"type":"Feature","properties":{"kind":"road","osmId":"way/275534748","name":"Keyuan Road","roadClass":"tertiary"},"geometry":{"type":"LineString","coordinates":[[121.586191,31.193735],[121.585919,31.195488]]}},{"type":"Feature","properties":{"kind":"road","osmId":"way/275534750","name":"Keyuan Road","roadClass":"tertiary"},"geometry":{"type":"LineString","coordinates":[[121.585595,31.197393],[121.586108,31.193722]]}},{"type":"Feature","properties":{"kind":"road","osmId":"way/275534752","name":"Keyuan Road","roadClass":"tertiary"},"geometry":{"type":"LineString","coordinates":[[121.590554,31.175517],[121.590632,31.1752]]}},{"type":"Feature","properties":{"kind":"road","osmId":"way/275534754","name":"Keyuan Road","roadClass":"tertiary"},"geometry":{"type":"LineString","coordinates":[[121.586108,31.193722],[121.586172,31.193427]]}},{"type":"Feature","properties":{"kind":"road","osmId":"way/275534757","name":"Keyuan Road","roadClass":"tertiary"},"geometry":{"type":"LineString","coordinates":[[121.585537,31.197855],[121.585595,31.197393]]}},{"type":"Feature","properties":{"kind":"road","osmId":"way/275534759","name":"Keyuan Road","roadClass":"tertiary"},"geometry":{"type":"LineString","coordinates":[[121.588178,31.185232],[121.588602,31.1835]]}},{"type":"Feature","properties":{"kind":"road","osmId":"way/275534760","name":"Keyuan Road","roadClass":"tertiary"},"geometry":{"type":"LineString","coordinates":[[121.590714,31.175215],[121.590637,31.175531]]}},{"type":"Feature","properties":{"kind":"road","osmId":"way/275534761","name":"Keyuan Road","roadClass":"tertiary"},"geometry":{"type":"LineString","coordinates":[[121.58826,31.185247],[121.587812,31.187076]]}},{"type":"Feature","properties":{"kind":"road","osmId":"way/275534762","name":"Keyuan Road","roadClass":"tertiary"},"geometry":{"type":"LineString","coordinates":[[121.58868,31.183532],[121.58826,31.185247]]}},{"type":"Feature","properties":{"kind":"road","osmId":"way/275534763","name":"Keyuan Road","roadClass":"tertiary"},"geometry":{"type":"LineString","coordinates":[[121.58773,31.187061],[121.588178,31.185232]]}},{"type":"Feature","properties":{"kind":"road","osmId":"way/275534764","name":"Keyuan Road","roadClass":"tertiary"},"geometry":{"type":"LineString","coordinates":[[121.585681,31.197378],[121.585623,31.197841]]}},{"type":"Feature","properties":{"kind":"road","osmId":"way/275534765","name":"Keyuan Road","roadClass":"tertiary"},"geometry":{"type":"LineString","coordinates":[[121.588602,31.1835],[121.588659,31.183268]]}},{"type":"Feature","properties":{"kind":"road","osmId":"way/275534766","name":"Keyuan Road","roadClass":"tertiary"},"geometry":{"type":"LineString","coordinates":[[121.588736,31.183302],[121.58868,31.183532]]}},{"type":"Feature","properties":{"kind":"road","osmId":"way/275534767","name":"Keyuan Road","roadClass":"tertiary"},"geometry":{"type":"LineString","coordinates":[[121.586254,31.193441],[121.586191,31.193735]]}},{"type":"Feature","properties":{"kind":"road","osmId":"way/275534768","name":"Keyuan Road","roadClass":"tertiary"},"geometry":{"type":"LineString","coordinates":[[121.588659,31.183268],[121.588856,31.182648]]}},{"type":"Feature","properties":{"kind":"road","osmId":"way/275534769","name":"Keyuan Road","roadClass":"tertiary"},"geometry":{"type":"LineString","coordinates":[[121.590637,31.175531],[121.590572,31.17578]]}},{"type":"Feature","properties":{"kind":"road","osmId":"way/275534770","name":"Keyuan Road","roadClass":"tertiary"},"geometry":{"type":"LineString","coordinates":[[121.59049,31.175766],[121.590554,31.175517]]}},{"type":"Feature","properties":{"kind":"road","osmId":"way/275534771","name":"Keyuan Road","roadClass":"tertiary"},"geometry":{"type":"LineString","coordinates":[[121.588882,31.182708],[121.588736,31.183302]]}},{"type":"Feature","properties":{"kind":"road","osmId":"way/275534773","name":"Keyuan Road","roadClass":"tertiary"},"geometry":{"type":"LineString","coordinates":[[121.590632,31.1752],[121.590802,31.174504],[121.590769,31.174149]]}},{"type":"Feature","properties":{"kind":"road","osmId":"way/275534774","name":"Keyuan Road","roadClass":"tertiary"},"geometry":{"type":"LineString","coordinates":[[121.585467,31.198398],[121.585537,31.197855]]}},{"type":"Feature","properties":{"kind":"road","osmId":"way/275534775","name":"Keyuan Road","roadClass":"tertiary"},"geometry":{"type":"LineString","coordinates":[[121.585623,31.197841],[121.585494,31.198522]]}},{"type":"Feature","properties":{"kind":"road","osmId":"way/275534776","name":"Keyuan Road","roadClass":"tertiary"},"geometry":{"type":"LineString","coordinates":[[121.586315,31.192825],[121.587099,31.189639]]}},{"type":"Feature","properties":{"kind":"road","osmId":"way/275534777","name":"Keyuan Road","roadClass":"tertiary"},"geometry":{"type":"LineString","coordinates":[[121.587086,31.190041],[121.586254,31.193441]]}},{"type":"Feature","properties":{"kind":"road","osmId":"way/275534779","name":"Haike Road","roadClass":"residential"},"geometry":{"type":"LineString","coordinates":[[121.600842,31.183455],[121.602865,31.184017],[121.604875,31.184859],[121.606518,31.185801],[121.608828,31.187385]]}},{"type":"Feature","properties":{"kind":"road","osmId":"way/275664525","name":"Haike Road","roadClass":"tertiary"},"geometry":{"type":"LineString","coordinates":[[121.593902,31.183114],[121.594307,31.183106]]}},{"type":"Feature","properties":{"kind":"road","osmId":"way/275664526","name":"Haike Road","roadClass":"tertiary"},"geometry":{"type":"LineString","coordinates":[[121.594295,31.18316],[121.593892,31.183168]]}},{"type":"Feature","properties":{"kind":"road","osmId":"way/275664527","name":"Haike Road","roadClass":"tertiary"},"geometry":{"type":"LineString","coordinates":[[121.588882,31.182708],[121.585737,31.181965],[121.581788,31.180516]]}},{"type":"Feature","properties":{"kind":"road","osmId":"way/275664528","name":"Haike Road","roadClass":"tertiary"},"geometry":{"type":"LineString","coordinates":[[121.581704,31.180351],[121.585675,31.181888],[121.588856,31.182648]]}},{"type":"Feature","properties":{"kind":"road","osmId":"way/275664529","name":"Haike Road","roadClass":"tertiary"},"geometry":{"type":"LineString","coordinates":[[121.597779,31.183066],[121.594295,31.18316]]}},{"type":"Feature","properties":{"kind":"road","osmId":"way/275664530","name":"Haike Road","roadClass":"tertiary"},"geometry":{"type":"LineString","coordinates":[[121.594307,31.183106],[121.597625,31.183039]]}},{"type":"Feature","properties":{"kind":"road","osmId":"way/275664531","name":"Huanke Road","roadClass":"tertiary"},"geometry":{"type":"LineString","coordinates":[[121.59049,31.175766],[121.588403,31.175462],[121.587932,31.175513],[121.587484,31.175813]]}},{"type":"Feature","properties":{"kind":"road","osmId":"way/275664532","name":"Huanke Road","roadClass":"tertiary"},"geometry":{"type":"LineString","coordinates":[[121.587435,31.17578],[121.58791,31.175462],[121.588404,31.175408],[121.590586,31.175727]]}},{"type":"Feature","properties":{"kind":"road","osmId":"way/275664533","name":"Huanke Road","roadClass":"tertiary"},"geometry":{"type":"LineString","coordinates":[[121.596631,31.178109],[121.596012,31.177656],[121.595236,31.176698],[121.594547,31.176309],[121.59049,31.175766]]}},{"type":"Feature","properties":{"kind":"road","osmId":"way/275664534","name":"Huanke Road","roadClass":"tertiary"},"geometry":{"type":"LineString","coordinates":[[121.590586,31.175727],[121.594571,31.176259],[121.59528,31.176659],[121.596061,31.177621],[121.596652,31.178056]]}},{"type":"Feature","properties":{"kind":"road","osmId":"way/275664535","name":"Huanke Road","roadClass":"tertiary"},"geometry":{"type":"LineString","coordinates":[[121.596652,31.178056],[121.596849,31.17817]]}},{"type":"Feature","properties":{"kind":"road","osmId":"way/275664536","name":"Huanke Road","roadClass":"tertiary"},"geometry":{"type":"LineString","coordinates":[[121.596834,31.178224],[121.596631,31.178109]]}},{"type":"Feature","properties":{"kind":"road","osmId":"way/275664537","name":"Huanke Road","roadClass":"tertiary"},"geometry":{"type":"LineString","coordinates":[[121.59797,31.178506],[121.597316,31.178414],[121.596834,31.178224]]}},{"type":"Feature","properties":{"kind":"road","osmId":"way/275664538","name":"Huanke Road","roadClass":"tertiary"},"geometry":{"type":"LineString","coordinates":[[121.596849,31.17817],[121.597336,31.178362],[121.597974,31.178452]]}},{"type":"Feature","properties":{"kind":"road","osmId":"way/275664541","name":"Jihui Road","roadClass":"tertiary"},"geometry":{"type":"LineString","coordinates":[[121.587484,31.175813],[121.583273,31.180988]]}},{"type":"Feature","properties":{"kind":"road","osmId":"way/275666274","name":"Zhongke Road","roadClass":"tertiary"},"geometry":{"type":"LineString","coordinates":[[121.609048,31.184974],[121.606626,31.18343]]}},{"type":"Feature","properties":{"kind":"road","osmId":"way/275666275","name":"Zhongke Road","roadClass":"tertiary"},"geometry":{"type":"LineString","coordinates":[[121.601447,31.181445],[121.604234,31.182253],[121.606668,31.183365]]}},{"type":"Feature","properties":{"kind":"road","osmId":"way/275666277","name":"Zhongke Road","roadClass":"residential"},"geometry":{"type":"LineString","coordinates":[[121.597774,31.181079],[121.595414,31.181111]]}},{"type":"Feature","properties":{"kind":"road","osmId":"way/275667088","roadClass":"residential"},"geometry":{"type":"LineString","coordinates":[[121.588209,31.186985],[121.587914,31.187122],[121.587509,31.188316]]}},{"type":"Feature","properties":{"kind":"road","osmId":"way/275667089","roadClass":"residential"},"geometry":{"type":"LineString","coordinates":[[121.587426,31.188304],[121.587624,31.187055],[121.587558,31.186907],[121.587389,31.186841]]}},{"type":"Feature","properties":{"kind":"road","osmId":"way/275715657","name":"Shangke Road","roadClass":"residential"},"geometry":{"type":"LineString","coordinates":[[121.607992,31.18918],[121.60849,31.189234]]}},{"type":"Feature","properties":{"kind":"road","osmId":"way/275715659","name":"Shangke Road","roadClass":"residential"},"geometry":{"type":"LineString","coordinates":[[121.607626,31.18911],[121.607992,31.18918]]}},{"type":"Feature","properties":{"kind":"road","osmId":"way/275715661","name":"Shangke Road","roadClass":"residential"},"geometry":{"type":"LineString","coordinates":[[121.59764,31.187085],[121.597816,31.187242],[121.607626,31.18911]]}},{"type":"Feature","properties":{"kind":"road","osmId":"way/275715663","roadClass":"residential"},"geometry":{"type":"LineString","coordinates":[[121.59764,31.187085],[121.597248,31.187046],[121.597172,31.186904],[121.597276,31.185498],[121.597466,31.185162]]}},{"type":"Feature","properties":{"kind":"road","osmId":"way/275715665","roadClass":"residential"},"geometry":{"type":"LineString","coordinates":[[121.597621,31.185167],[121.597761,31.185492],[121.59764,31.187085]]}},{"type":"Feature","properties":{"kind":"road","osmId":"way/275716765","name":"Naxian Road","roadClass":"residential"},"geometry":{"type":"LineString","coordinates":[[121.599834,31.187626],[121.600447,31.184766]]}},{"type":"Feature","properties":{"kind":"road","osmId":"way/275716766","name":"Naxian Road","roadClass":"residential"},"geometry":{"type":"LineString","coordinates":[[121.600447,31.184766],[121.60055,31.184424]]}},{"type":"Feature","properties":{"kind":"road","osmId":"way/275716767","name":"Naxian Road","roadClass":"residential"},"geometry":{"type":"LineString","coordinates":[[121.601447,31.181445],[121.601819,31.180209]]}},{"type":"Feature","properties":{"kind":"road","osmId":"way/275717690","name":"Haiqu Road","roadClass":"residential"},"geometry":{"type":"LineString","coordinates":[[121.599758,31.181234],[121.600214,31.178649]]}},{"type":"Feature","properties":{"kind":"road","osmId":"way/275722818","name":"Chuanhe Road","roadClass":"residential"},"geometry":{"type":"LineString","coordinates":[[121.603052,31.188267],[121.604292,31.186515]]}},{"type":"Feature","properties":{"kind":"road","osmId":"way/275722820","name":"Chuanhe Road","roadClass":"residential"},"geometry":{"type":"LineString","coordinates":[[121.604292,31.186515],[121.604611,31.18607]]}},{"type":"Feature","properties":{"kind":"road","osmId":"way/275722822","name":"Chuanhe Road","roadClass":"residential"},"geometry":{"type":"LineString","coordinates":[[121.604611,31.18607],[121.606626,31.18343]]}},{"type":"Feature","properties":{"kind":"road","osmId":"way/275727792","name":"Baiye Road","roadClass":"residential"},"geometry":{"type":"LineString","coordinates":[[121.603004,31.184067],[121.605116,31.180078]]}},{"type":"Feature","properties":{"kind":"road","osmId":"way/275727795","name":"Baiye Road","roadClass":"residential"},"geometry":{"type":"LineString","coordinates":[[121.605424,31.179994],[121.605392,31.18042],[121.603462,31.184237]]}},{"type":"Feature","properties":{"kind":"road","osmId":"way/275730387","name":"Xiangke Road","roadClass":"residential"},"geometry":{"type":"LineString","coordinates":[[121.599586,31.182219],[121.601858,31.182659],[121.604145,31.183416],[121.605723,31.184156],[121.608946,31.186119]]}},{"type":"Feature","properties":{"kind":"road","osmId":"way/275731295","name":"Rongke Road","roadClass":"residential"},"geometry":{"type":"LineString","coordinates":[[121.601819,31.180209],[121.604334,31.181013],[121.607323,31.18248]]}},{"type":"Feature","properties":{"kind":"road","osmId":"way/278547572","name":"Bibo Road","roadClass":"tertiary"},"geometry":{"type":"LineString","coordinates":[[121.580641,31.197341],[121.579941,31.200365]]}},{"type":"Feature","properties":{"kind":"road","osmId":"way/278547576","name":"Bibo Road","roadClass":"tertiary"},"geometry":{"type":"LineString","coordinates":[[121.579371,31.202703],[121.579905,31.200358]]}},{"type":"Feature","properties":{"kind":"road","osmId":"way/278547580","name":"Bibo Road","roadClass":"tertiary"},"geometry":{"type":"LineString","coordinates":[[121.579421,31.202638],[121.579354,31.202864]]}},{"type":"Feature","properties":{"kind":"road","osmId":"way/278547583","name":"Daerwen Road","roadClass":"tertiary"},"geometry":{"type":"LineString","coordinates":[[121.581176,31.194962],[121.580841,31.196439]]}},{"type":"Feature","properties":{"kind":"road","osmId":"way/278547586","name":"Daerwen Road","roadClass":"tertiary"},"geometry":{"type":"LineString","coordinates":[[121.581123,31.194926],[121.58121,31.194692]]}},{"type":"Feature","properties":{"kind":"road","osmId":"way/278547590","name":"Daerwen Road","roadClass":"tertiary"},"geometry":{"type":"LineString","coordinates":[[121.580604,31.197225],[121.580679,31.196884]]}},{"type":"Feature","properties":{"kind":"road","osmId":"way/278564962","name":"Cailun Road","roadClass":"tertiary"},"geometry":{"type":"LineString","coordinates":[[121.604369,31.196019],[121.60131,31.195434]]}},{"type":"Feature","properties":{"kind":"road","osmId":"way/278564966","name":"Cailun Road","roadClass":"tertiary"},"geometry":{"type":"LineString","coordinates":[[121.590794,31.193628],[121.591908,31.193839]]}},{"type":"Feature","properties":{"kind":"road","osmId":"way/278564970","name":"Cailun Road","roadClass":"tertiary"},"geometry":{"type":"LineString","coordinates":[[121.590918,31.193685],[121.590531,31.193595]]}},{"type":"Feature","properties":{"kind":"road","osmId":"way/278564973","name":"Cailun Road","roadClass":"tertiary"},"geometry":{"type":"LineString","coordinates":[[121.607834,31.196],[121.608045,31.196023]]}},{"type":"Feature","properties":{"kind":"road","osmId":"way/278564976","name":"Huatuo Road","roadClass":"residential"},"geometry":{"type":"LineString","coordinates":[[121.590485,31.19391],[121.590157,31.195442],[121.589911,31.195745],[121.589506,31.195951],[121.588948,31.19598],[121.585919,31.195488]]}},{"type":"Feature","properties":{"kind":"road","osmId":"way/278564981","name":"Huatuo Road","roadClass":"residential"},"geometry":{"type":"LineString","coordinates":[[121.581487,31.194716],[121.589239,31.195957],[121.589757,31.195802],[121.590118,31.195425],[121.590464,31.193794]]}},{"type":"Feature","properties":{"kind":"road","osmId":"way/278564982","name":"Huatuo Road","roadClass":"residential"},"geometry":{"type":"LineString","coordinates":[[121.590464,31.193794],[121.590531,31.193595]]}},{"type":"Feature","properties":{"kind":"road","osmId":"way/278564983","name":"Huatuo Road","roadClass":"residential"},"geometry":{"type":"LineString","coordinates":[[121.581497,31.194763],[121.58121,31.194692]]}},{"type":"Feature","properties":{"kind":"road","osmId":"way/278567881","name":"Gebaini Road","roadClass":"tertiary"},"geometry":{"type":"LineString","coordinates":[[121.608077,31.200429],[121.608016,31.198097]]}},{"type":"Feature","properties":{"kind":"road","osmId":"way/278567883","name":"Gebaini Road","roadClass":"tertiary"},"geometry":{"type":"LineString","coordinates":[[121.608062,31.198099],[121.608092,31.200321]]}},{"type":"Feature","properties":{"kind":"road","osmId":"way/278567886","name":"Gebaini Road","roadClass":"tertiary"},"geometry":{"type":"LineString","coordinates":[[121.60802,31.196257],[121.608045,31.196023]]}},{"type":"Feature","properties":{"kind":"road","osmId":"way/278567888","name":"Ziwei Road","roadClass":"tertiary"},"geometry":{"type":"LineString","coordinates":[[121.609037,31.201967],[121.609154,31.202178]]}},{"type":"Feature","properties":{"kind":"road","osmId":"way/278567890","name":"Ziwei Road","roadClass":"tertiary"},"geometry":{"type":"LineString","coordinates":[[121.608122,31.200429],[121.609037,31.201967]]}},{"type":"Feature","properties":{"kind":"road","osmId":"way/278567892","name":"Ziwei Road","roadClass":"tertiary"},"geometry":{"type":"LineString","coordinates":[[121.609032,31.202039],[121.608077,31.200429]]}},{"type":"Feature","properties":{"kind":"road","osmId":"way/278567896","name":"Gaosi Road","roadClass":"tertiary"},"geometry":{"type":"LineString","coordinates":[[121.60943,31.202087],[121.610554,31.201941],[121.611895,31.202108],[121.612656,31.202385],[121.615003,31.203518]]}},{"type":"Feature","properties":{"kind":"road","osmId":"way/278569023","name":"Gaosi Road","roadClass":"tertiary"},"geometry":{"type":"LineString","coordinates":[[121.609375,31.202143],[121.609154,31.202178]]}},{"type":"Feature","properties":{"kind":"road","osmId":"way/278596738","name":"Dangui Road","roadClass":"tertiary"},"geometry":{"type":"LineString","coordinates":[[121.622303,31.218656],[121.624322,31.221634],[121.624854,31.222218],[121.625832,31.222778],[121.627958,31.223371]]}},{"type":"Feature","properties":{"kind":"road","osmId":"way/278596744","name":"Dangui Road","roadClass":"tertiary"},"geometry":{"type":"LineString","coordinates":[[121.616683,31.217545],[121.616945,31.217563]]}},{"type":"Feature","properties":{"kind":"road","osmId":"way/278596746","name":"Dangui Road","roadClass":"tertiary"},"geometry":{"type":"LineString","coordinates":[[121.61693,31.217593],[121.616668,31.217576]]}},{"type":"Feature","properties":{"kind":"road","osmId":"way/278596752","name":"Dangui Road","roadClass":"tertiary"},"geometry":{"type":"LineString","coordinates":[[121.613108,31.217319],[121.613441,31.217328]]}},{"type":"Feature","properties":{"kind":"road","osmId":"way/278596754","name":"Dangui Road","roadClass":"tertiary"},"geometry":{"type":"LineString","coordinates":[[121.616668,31.217576],[121.613438,31.217367]]}},{"type":"Feature","properties":{"kind":"road","osmId":"way/278596757","name":"Dangui Road","roadClass":"tertiary"},"geometry":{"type":"LineString","coordinates":[[121.61396,31.217354],[121.616683,31.217545]]}},{"type":"Feature","properties":{"kind":"road","osmId":"way/278596761","name":"Dangui Road","roadClass":"tertiary"},"geometry":{"type":"LineString","coordinates":[[121.613108,31.217319],[121.60982,31.216601]]}},{"type":"Feature","properties":{"kind":"road","osmId":"way/278596763","name":"Guanglan Road","roadClass":"tertiary"},"geometry":{"type":"LineString","coordinates":[[121.613468,31.214727],[121.613167,31.217045]]}},{"type":"Feature","properties":{"kind":"road","osmId":"way/278596766","name":"Guanglan Road","roadClass":"tertiary"},"geometry":{"type":"LineString","coordinates":[[121.615759,31.204196],[121.617061,31.205477],[121.61731,31.205957],[121.617241,31.206398],[121.616166,31.208113]]}},{"type":"Feature","properties":{"kind":"road","osmId":"way/278596770","name":"Guanglan Road","roadClass":"tertiary"},"geometry":{"type":"LineString","coordinates":[[121.616129,31.208089],[121.61713,31.206504],[121.617253,31.205961],[121.616996,31.205476],[121.615733,31.204234]]}},{"type":"Feature","properties":{"kind":"road","osmId":"way/278596773","name":"Guanglan Road","roadClass":"tertiary"},"geometry":{"type":"LineString","coordinates":[[121.614263,31.211092],[121.614114,31.211329]]}},{"type":"Feature","properties":{"kind":"road","osmId":"way/278596778","name":"Guanglan Road","roadClass":"tertiary"},"geometry":{"type":"LineString","coordinates":[[121.615486,31.203925],[121.615759,31.204196]]}},{"type":"Feature","properties":{"kind":"road","osmId":"way/278596783","name":"Guanglan Road","roadClass":"tertiary"},"geometry":{"type":"LineString","coordinates":[[121.615695,31.208764],[121.615848,31.208526]]}},{"type":"Feature","properties":{"kind":"road","osmId":"way/278596786","name":"Guanglan Road","roadClass":"tertiary"},"geometry":{"type":"LineString","coordinates":[[121.614085,31.21131],[121.614236,31.21107]]}},{"type":"Feature","properties":{"kind":"road","osmId":"way/278596789","name":"Guanglan Road","roadClass":"tertiary"},"geometry":{"type":"LineString","coordinates":[[121.615878,31.208566],[121.615724,31.208803]]}},{"type":"Feature","properties":{"kind":"road","osmId":"way/278596791","name":"Guanglan Road","roadClass":"tertiary"},"geometry":{"type":"LineString","coordinates":[[121.613108,31.217319],[121.613105,31.217091]]}},{"type":"Feature","properties":{"kind":"road","osmId":"way/278596794","name":"Guanglan Road","roadClass":"tertiary"},"geometry":{"type":"LineString","coordinates":[[121.613167,31.217045],[121.613108,31.217319]]}},{"type":"Feature","properties":{"kind":"road","osmId":"way/278596795","name":"Guanglan Road","roadClass":"tertiary"},"geometry":{"type":"LineString","coordinates":[[121.614236,31.21107],[121.615695,31.208764]]}},{"type":"Feature","properties":{"kind":"road","osmId":"way/278596797","name":"Guanglan Road","roadClass":"tertiary"},"geometry":{"type":"LineString","coordinates":[[121.615069,31.203567],[121.615486,31.203925]]}},{"type":"Feature","properties":{"kind":"road","osmId":"way/278596800","name":"Guanglan Road","roadClass":"tertiary"},"geometry":{"type":"LineString","coordinates":[[121.615724,31.208803],[121.614263,31.211092]]}},{"type":"Feature","properties":{"kind":"road","osmId":"way/278605620","name":"Yifeng Road","roadClass":"residential"},"geometry":{"type":"LineString","coordinates":[[121.62076,31.203951],[121.620408,31.203865],[121.617509,31.202429]]}},{"type":"Feature","properties":{"kind":"road","osmId":"way/278605622","roadClass":"residential"},"geometry":{"type":"LineString","coordinates":[[121.619491,31.203371],[121.619932,31.202655]]}},{"type":"Feature","properties":{"kind":"road","osmId":"way/279810263","name":"Longdong Avenue","roadClass":"primary"},"geometry":{"type":"LineString","coordinates":[[121.605924,31.222112],[121.609729,31.222943],[121.612606,31.223232]]}},{"type":"Feature","properties":{"kind":"road","osmId":"way/279810267","name":"Longdong Avenue","roadClass":"primary"},"geometry":{"type":"LineString","coordinates":[[121.612677,31.223585],[121.609649,31.223179],[121.60581,31.22246]]}},{"type":"Feature","properties":{"kind":"road","osmId":"way/279810269","name":"Longdong Avenue","roadClass":"primary"},"geometry":{"type":"LineString","coordinates":[[121.614075,31.223604],[121.613647,31.223616]]}},{"type":"Feature","properties":{"kind":"road","osmId":"way/279810270","name":"Longdong Avenue","roadClass":"primary"},"geometry":{"type":"LineString","coordinates":[[121.60581,31.22246],[121.605309,31.222363]]}},{"type":"Feature","properties":{"kind":"road","osmId":"way/279810275","name":"Longdong Avenue","roadClass":"primary"},"geometry":{"type":"LineString","coordinates":[[121.605438,31.222015],[121.605924,31.222112]]}},{"type":"Feature","properties":{"kind":"road","osmId":"way/279810279","name":"Longdong Avenue","roadClass":"primary"},"geometry":{"type":"LineString","coordinates":[[121.613726,31.223274],[121.614108,31.223272]]}},{"type":"Feature","properties":{"kind":"road","osmId":"way/279810282","name":"Longdong Avenue","roadClass":"primary"},"geometry":{"type":"LineString","coordinates":[[121.618158,31.223594],[121.614075,31.223604]]}},{"type":"Feature","properties":{"kind":"road","osmId":"way/279810283","name":"Longdong Avenue","roadClass":"primary"},"geometry":{"type":"LineString","coordinates":[[121.614108,31.223272],[121.618433,31.223105]]}},{"type":"Feature","properties":{"kind":"road","osmId":"way/279810293","name":"Zhangjiang Road","roadClass":"secondary"},"geometry":{"type":"LineString","coordinates":[[121.619028,31.199961],[121.619946,31.199047]]}},{"type":"Feature","properties":{"kind":"road","osmId":"way/279810294","name":"Zhangjiang Road","roadClass":"secondary"},"geometry":{"type":"LineString","coordinates":[[121.620001,31.199091],[121.61909,31.2]]}},{"type":"Feature","properties":{"kind":"road","osmId":"way/279810295","name":"Zhangjiang Road","roadClass":"secondary"},"geometry":{"type":"LineString","coordinates":[[121.615069,31.203567],[121.612848,31.205727]]}},{"type":"Feature","properties":{"kind":"road","osmId":"way/279810296","name":"Zhangjiang Road","roadClass":"secondary"},"geometry":{"type":"LineString","coordinates":[[121.616289,31.202302],[121.616383,31.202216]]}},{"type":"Feature","properties":{"kind":"road","osmId":"way/279810297","name":"Zhangjiang Road","roadClass":"secondary"},"geometry":{"type":"LineString","coordinates":[[121.610311,31.20814],[121.610039,31.208402]]}},{"type":"Feature","properties":{"kind":"road","osmId":"way/279810298","name":"Zhangjiang Road","roadClass":"secondary"},"geometry":{"type":"LineString","coordinates":[[121.616451,31.202268],[121.61636,31.202352]]}},{"type":"Feature","properties":{"kind":"road","osmId":"way/279810299","name":"Zhangjiang Road","roadClass":"secondary"},"geometry":{"type":"LineString","coordinates":[[121.625261,31.190505],[121.625399,31.190224]]}},{"type":"Feature","properties":{"kind":"road","osmId":"way/279810300","name":"Zhangjiang Road","roadClass":"secondary"},"geometry":{"type":"LineString","coordinates":[[121.625471,31.190249],[121.625333,31.19053]]}},{"type":"Feature","properties":{"kind":"road","osmId":"way/279810301","name":"Zhangjiang Road","roadClass":"secondary"},"geometry":{"type":"LineString","coordinates":[[121.609985,31.208357],[121.61026,31.208092]]}},{"type":"Feature","properties":{"kind":"road","osmId":"way/279810302","name":"Zhangjiang Road","roadClass":"secondary"},"geometry":{"type":"LineString","coordinates":[[121.623899,31.193304],[121.624205,31.192674]]}},{"type":"Feature","properties":{"kind":"road","osmId":"way/279810303","name":"Zhangjiang Road","roadClass":"secondary"},"geometry":{"type":"LineString","coordinates":[[121.624282,31.192689],[121.623978,31.193317]]}},{"type":"Feature","properties":{"kind":"road","osmId":"way/279810304","name":"Zhangjiang Road","roadClass":"secondary"},"geometry":{"type":"LineString","coordinates":[[121.61026,31.208092],[121.612813,31.205637]]}},{"type":"Feature","properties":{"kind":"road","osmId":"way/279810305","name":"Zhangjiang Road","roadClass":"secondary"},"geometry":{"type":"LineString","coordinates":[[121.606618,31.215899],[121.604386,31.222]]}},{"type":"Feature","properties":{"kind":"road","osmId":"way/279810306","name":"Zhangjiang Road","roadClass":"secondary"},"geometry":{"type":"LineString","coordinates":[[121.625333,31.19053],[121.624944,31.191319]]}},{"type":"Feature","properties":{"kind":"road","osmId":"way/279810307","name":"Zhangjiang Road","roadClass":"secondary"},"geometry":{"type":"LineString","coordinates":[[121.624205,31.192674],[121.624869,31.191309]]}},{"type":"Feature","properties":{"kind":"road","osmId":"way/279810308","name":"Zhangjiang Road","roadClass":"secondary"},"geometry":{"type":"LineString","coordinates":[[121.625399,31.190224],[121.626308,31.188408]]}},{"type":"Feature","properties":{"kind":"road","osmId":"way/280725943","name":"Jiangdong Road","roadClass":"residential"},"geometry":{"type":"LineString","coordinates":[[121.612018,31.20836],[121.612218,31.208509]]}},{"type":"Feature","properties":{"kind":"road","osmId":"way/280725944","name":"Jiangdong Road","roadClass":"residential"},"geometry":{"type":"LineString","coordinates":[[121.612218,31.208509],[121.612789,31.209016],[121.614787,31.210204]]}},{"type":"Feature","properties":{"kind":"road","osmId":"way/280725945","name":"Jiangdong Road","roadClass":"residential"},"geometry":{"type":"LineString","coordinates":[[121.610783,31.20759],[121.612018,31.20836]]}},{"type":"Feature","properties":{"kind":"road","osmId":"way/280725946","roadClass":"residential"},"geometry":{"type":"LineString","coordinates":[[121.612072,31.209921],[121.611994,31.210028]]}},{"type":"Feature","properties":{"kind":"road","osmId":"way/280725947","roadClass":"residential"},"geometry":{"type":"LineString","coordinates":[[121.612131,31.209822],[121.612072,31.209921]]}},{"type":"Feature","properties":{"kind":"road","osmId":"way/280725948","roadClass":"residential"},"geometry":{"type":"LineString","coordinates":[[121.612789,31.209016],[121.612131,31.209822]]}},{"type":"Feature","properties":{"kind":"road","osmId":"way/280789119","name":"Dangui Road","roadClass":"tertiary"},"geometry":{"type":"LineString","coordinates":[[121.608185,31.216243],[121.607648,31.216125]]}},{"type":"Feature","properties":{"kind":"road","osmId":"way/280789124","name":"Dangui Road","roadClass":"tertiary"},"geometry":{"type":"LineString","coordinates":[[121.607648,31.216125],[121.606618,31.215899]]}},{"type":"Feature","properties":{"kind":"road","osmId":"way/280789127","name":"Qingtong Road","roadClass":"residential"},"geometry":{"type":"LineString","coordinates":[[121.615221,31.221016],[121.614968,31.221017]]}},{"type":"Feature","properties":{"kind":"road","osmId":"way/280789129","name":"Qingtong Road","roadClass":"residential"},"geometry":{"type":"LineString","coordinates":[[121.61844,31.217698],[121.618315,31.220223],[121.618121,31.220686],[121.617509,31.220997],[121.615221,31.221016]]}},{"type":"Feature","properties":{"kind":"road","osmId":"way/280789133","name":"Qingtong Road","roadClass":"residential"},"geometry":{"type":"LineString","coordinates":[[121.614968,31.221017],[121.612627,31.221016]]}},{"type":"Feature","properties":{"kind":"road","osmId":"way/280789135","name":"Qingtong Road","roadClass":"residential"},"geometry":{"type":"LineString","coordinates":[[121.61781,31.21523],[121.618051,31.215333]]}},{"type":"Feature","properties":{"kind":"road","osmId":"way/280833883","name":"Dangui Road","roadClass":"tertiary"},"geometry":{"type":"LineString","coordinates":[[121.628176,31.22348],[121.627948,31.223412]]}},{"type":"Feature","properties":{"kind":"road","osmId":"way/280833884","name":"Dangui Road","roadClass":"tertiary"},"geometry":{"type":"LineString","coordinates":[[121.627958,31.223371],[121.628325,31.223451]]}},{"type":"Feature","properties":{"kind":"road","osmId":"way/280833886","name":"Zuchongzhi Road","roadClass":"secondary"},"geometry":{"type":"LineString","coordinates":[[121.633829,31.214172],[121.628539,31.213935]]}},{"type":"Feature","properties":{"kind":"road","osmId":"way/280833887","name":"Zuchongzhi Road","roadClass":"secondary"},"geometry":{"type":"LineString","coordinates":[[121.628539,31.213872],[121.633829,31.214106]]}},{"type":"Feature","properties":{"kind":"road","osmId":"way/280833888","name":"Zuchongzhi Road","roadClass":"secondary"},"geometry":{"type":"LineString","coordinates":[[121.620789,31.2136],[121.619269,31.213521]]}},{"type":"Feature","properties":{"kind":"road","osmId":"way/280833889","name":"Zuchongzhi Road","roadClass":"secondary"},"geometry":{"type":"LineString","coordinates":[[121.624986,31.213776],[121.62111,31.213612]]}},{"type":"Feature","properties":{"kind":"road","osmId":"way/280833890","name":"Zuchongzhi Road","roadClass":"secondary"},"geometry":{"type":"LineString","coordinates":[[121.620786,31.213528],[121.624986,31.213712]]}},{"type":"Feature","properties":{"kind":"road","osmId":"way/280838134","name":"Zhangdong Road","roadClass":"secondary"},"geometry":{"type":"LineString","coordinates":[[121.62834,31.222703],[121.628401,31.222238]]}},{"type":"Feature","properties":{"kind":"road","osmId":"way/280838138","name":"Zhangdong Road","roadClass":"secondary"},"geometry":{"type":"LineString","coordinates":[[121.628529,31.22227],[121.628466,31.222737]]}},{"type":"Feature","properties":{"kind":"road","osmId":"way/280838142","name":"Zhangdong Road","roadClass":"secondary"},"geometry":{"type":"LineString","coordinates":[[121.628466,31.222737],[121.628325,31.223451]]}},{"type":"Feature","properties":{"kind":"road","osmId":"way/280838143","name":"Zhangdong Road","roadClass":"secondary"},"geometry":{"type":"LineString","coordinates":[[121.62755,31.226198],[121.628176,31.22348]]}},{"type":"Feature","properties":{"kind":"road","osmId":"way/280838146","name":"Zhangdong Road","roadClass":"secondary"},"geometry":{"type":"LineString","coordinates":[[121.628434,31.213931],[121.628428,31.211091],[121.628599,31.209591],[121.629112,31.207821],[121.630382,31.205483]]}},{"type":"Feature","properties":{"kind":"road","osmId":"way/280838147","name":"Zuchongzhi Road","roadClass":"secondary"},"geometry":{"type":"LineString","coordinates":[[121.613627,31.213171],[121.612333,31.212714],[121.611518,31.212301],[121.610029,31.211302]]}},{"type":"Feature","properties":{"kind":"road","osmId":"way/280838148","name":"Zuchongzhi Road","roadClass":"secondary"},"geometry":{"type":"LineString","coordinates":[[121.61008,31.211257],[121.611117,31.211987],[121.611979,31.212457],[121.613662,31.212961]]}},{"type":"Feature","properties":{"kind":"road","osmId":"way/280838149","name":"Zuchongzhi Road","roadClass":"secondary"},"geometry":{"type":"LineString","coordinates":[[121.618429,31.21342],[121.619258,31.213458]]}},{"type":"Feature","properties":{"kind":"road","osmId":"way/280838150","name":"Zuchongzhi Road","roadClass":"secondary"},"geometry":{"type":"LineString","coordinates":[[121.610029,31.211302],[121.609607,31.210949]]}},{"type":"Feature","properties":{"kind":"road","osmId":"way/280838151","name":"Zuchongzhi Road","roadClass":"secondary"},"geometry":{"type":"LineString","coordinates":[[121.619269,31.213521],[121.618445,31.213513]]}},{"type":"Feature","properties":{"kind":"road","osmId":"way/280838152","name":"Zuchongzhi Road","roadClass":"secondary"},"geometry":{"type":"LineString","coordinates":[[121.609669,31.210918],[121.61008,31.211257]]}},{"type":"Feature","properties":{"kind":"road","osmId":"way/280838153","name":"Zuchongzhi Road","roadClass":"secondary"},"geometry":{"type":"LineString","coordinates":[[121.619258,31.213458],[121.620786,31.213528]]}},{"type":"Feature","properties":{"kind":"road","osmId":"way/280838154","name":"Zuchongzhi Road","roadClass":"secondary"},"geometry":{"type":"LineString","coordinates":[[121.595866,31.206418],[121.584746,31.204373]]}},{"type":"Feature","properties":{"kind":"road","osmId":"way/280854748","name":"Dangui Road","roadClass":"tertiary"},"geometry":{"type":"LineString","coordinates":[[121.632869,31.223778],[121.632356,31.223995],[121.631551,31.224077],[121.628303,31.22352]]}},{"type":"Feature","properties":{"kind":"road","osmId":"way/280854749","name":"Fangchun Road","roadClass":"tertiary"},"geometry":{"type":"LineString","coordinates":[[121.633248,31.223392],[121.633617,31.222884],[121.633764,31.22237],[121.633762,31.218434]]}},{"type":"Feature","properties":{"kind":"road","osmId":"way/280854750","name":"Fangchun Road","roadClass":"tertiary"},"geometry":{"type":"LineString","coordinates":[[121.633836,31.211636],[121.633872,31.222192],[121.633709,31.222916],[121.633352,31.223417]]}},{"type":"Feature","properties":{"kind":"road","osmId":"way/280854751","name":"Fangchun Road","roadClass":"tertiary"},"geometry":{"type":"LineString","coordinates":[[121.63274,31.223748],[121.633248,31.223392]]}},{"type":"Feature","properties":{"kind":"road","osmId":"way/280854752","name":"Fangchun Road","roadClass":"tertiary"},"geometry":{"type":"LineString","coordinates":[[121.633352,31.223417],[121.632869,31.223778]]}},{"type":"Feature","properties":{"kind":"road","osmId":"way/280854753","name":"Jinqiu Road","roadClass":"residential"},"geometry":{"type":"LineString","coordinates":[[121.633762,31.218434],[121.628556,31.218196]]}},{"type":"Feature","properties":{"kind":"road","osmId":"way/280854754","name":"Jinqiu Road","roadClass":"residential"},"geometry":{"type":"LineString","coordinates":[[121.623191,31.218193],[121.623917,31.217952],[121.625066,31.217982]]}},{"type":"Feature","properties":{"kind":"road","osmId":"way/280854755","name":"Jinqiu Road","roadClass":"residential"},"geometry":{"type":"LineString","coordinates":[[121.623231,31.218241],[121.622773,31.218482]]}},{"type":"Feature","properties":{"kind":"road","osmId":"way/280854756","name":"Jinqiu Road","roadClass":"residential"},"geometry":{"type":"LineString","coordinates":[[121.622738,31.218432],[121.623191,31.218193]]}},{"type":"Feature","properties":{"kind":"road","osmId":"way/280854757","name":"Jinqiu Road","roadClass":"residential"},"geometry":{"type":"LineString","coordinates":[[121.622303,31.218656],[121.622738,31.218432]]}},{"type":"Feature","properties":{"kind":"road","osmId":"way/280854758","name":"Jinqiu Road","roadClass":"residential"},"geometry":{"type":"LineString","coordinates":[[121.622773,31.218482],[121.622305,31.218722]]}},{"type":"Feature","properties":{"kind":"road","osmId":"way/280854759","name":"Shengxia Road","roadClass":"residential"},"geometry":{"type":"LineString","coordinates":[[121.625013,31.208247],[121.62506,31.213716]]}},{"type":"Feature","properties":{"kind":"road","osmId":"way/280854760","name":"Shengxia Road","roadClass":"residential"},"geometry":{"type":"LineString","coordinates":[[121.624986,31.213712],[121.625013,31.208247]]}},{"type":"Feature","properties":{"kind":"road","osmId":"way/280854761","name":"Shengxia Road","roadClass":"residential"},"geometry":{"type":"LineString","coordinates":[[121.625013,31.208247],[121.625054,31.207063],[121.62519,31.20649],[121.626197,31.20434]]}},{"type":"Feature","properties":{"kind":"road","osmId":"way/280854762","name":"Yindong Road","roadClass":"tertiary"},"geometry":{"type":"LineString","coordinates":[[121.629007,31.208117],[121.627288,31.208057],[121.626029,31.208133],[121.624978,31.208286],[121.623389,31.208677]]}},{"type":"Feature","properties":{"kind":"road","osmId":"way/280854763","name":"Yindong Road","roadClass":"tertiary"},"geometry":{"type":"LineString","coordinates":[[121.629114,31.208153],[121.629007,31.208117]]}},{"type":"Feature","properties":{"kind":"road","osmId":"way/280854764","name":"Yindong Road","roadClass":"tertiary"},"geometry":{"type":"LineString","coordinates":[[121.623389,31.208677],[121.623015,31.20875]]}},{"type":"Feature","properties":{"kind":"road","osmId":"way/280854766","name":"Yindong Road","roadClass":"tertiary"},"geometry":{"type":"LineString","coordinates":[[121.629007,31.208117],[121.629136,31.208091]]}},{"type":"Feature","properties":{"kind":"road","osmId":"way/280854767","name":"Yindong Road","roadClass":"tertiary"},"geometry":{"type":"LineString","coordinates":[[121.629136,31.208091],[121.633993,31.208316]]}},{"type":"Feature","properties":{"kind":"road","osmId":"way/280854768","name":"Yindong Road","roadClass":"tertiary"},"geometry":{"type":"LineString","coordinates":[[121.633986,31.208378],[121.629114,31.208153]]}},{"type":"Feature","properties":{"kind":"road","osmId":"way/280854769","name":"Yindong Road","roadClass":"tertiary"},"geometry":{"type":"LineString","coordinates":[[121.623015,31.20875],[121.6211,31.208942]]}},{"type":"Feature","properties":{"kind":"road","osmId":"way/280854770","name":"Fangchun Road","roadClass":"tertiary"},"geometry":{"type":"LineString","coordinates":[[121.634257,31.20651],[121.634182,31.206594],[121.633986,31.208378]]}},{"type":"Feature","properties":{"kind":"road","osmId":"way/280861153","name":"Lusan Road","roadClass":"residential"},"geometry":{"type":"LineString","coordinates":[[121.633838,31.21906],[121.636211,31.219479]]}},{"type":"Feature","properties":{"kind":"road","osmId":"way/280965808","roadClass":"residential"},"geometry":{"type":"LineString","coordinates":[[121.635403,31.216464],[121.634889,31.217084]]}},{"type":"Feature","properties":{"kind":"road","osmId":"way/280965818","name":"11 Taonglong Road","roadClass":"residential"},"geometry":{"type":"LineString","coordinates":[[121.634487,31.217681],[121.633997,31.218409],[121.633989,31.218826]]}},{"type":"Feature","properties":{"kind":"road","osmId":"way/280965819","name":"18 Taonglong Road","roadClass":"residential"},"geometry":{"type":"LineString","coordinates":[[121.634889,31.217084],[121.634487,31.217681]]}},{"type":"Feature","properties":{"kind":"road","osmId":"way/280971713","roadClass":"residential"},"geometry":{"type":"LineString","coordinates":[[121.632122,31.211047],[121.6328,31.211427],[121.635573,31.211812],[121.636881,31.212322]]}},{"type":"Feature","properties":{"kind":"road","osmId":"way/280971721","name":"Xinqian Road","roadClass":"residential"},"geometry":{"type":"LineString","coordinates":[[121.633757,31.215441],[121.633986,31.215347],[121.635241,31.214179],[121.636847,31.212248]]}},{"type":"Feature","properties":{"kind":"road","osmId":"way/280976840","roadClass":"residential"},"geometry":{"type":"LineString","coordinates":[[121.633988,31.224981],[121.633993,31.225288],[121.634528,31.225679],[121.635814,31.226157],[121.638283,31.226498]]}},{"type":"Feature","properties":{"kind":"road","osmId":"way/282473023","name":"Zhangheng Road","roadClass":"secondary"},"geometry":{"type":"LineString","coordinates":[[121.626724,31.197344],[121.627016,31.197444]]}},{"type":"Feature","properties":{"kind":"road","osmId":"way/282473025","name":"Zhangheng Road","roadClass":"secondary"},"geometry":{"type":"LineString","coordinates":[[121.622913,31.196624],[121.622421,31.196536]]}},{"type":"Feature","properties":{"kind":"road","osmId":"way/282473027","name":"Zhangheng Road","roadClass":"secondary"},"geometry":{"type":"LineString","coordinates":[[121.626986,31.197506],[121.626697,31.197407]]}},{"type":"Feature","properties":{"kind":"road","osmId":"way/282473030","name":"Zhangheng Road","roadClass":"secondary"},"geometry":{"type":"LineString","coordinates":[[121.622472,31.196476],[121.622964,31.196565]]}},{"type":"Feature","properties":{"kind":"road","osmId":"way/282473032","name":"Zhangheng Road","roadClass":"secondary"},"geometry":{"type":"LineString","coordinates":[[121.622342,31.196453],[121.622472,31.196476]]}},{"type":"Feature","properties":{"kind":"road","osmId":"way/282473035","name":"Zhangheng Road","roadClass":"secondary"},"geometry":{"type":"LineString","coordinates":[[121.612048,31.194666],[121.608231,31.193978]]}},{"type":"Feature","properties":{"kind":"road","osmId":"way/282473038","name":"Zhangheng Road","roadClass":"secondary"},"geometry":{"type":"LineString","coordinates":[[121.633525,31.199922],[121.629205,31.198326]]}},{"type":"Feature","properties":{"kind":"road","osmId":"way/282473040","name":"Zhangheng Road","roadClass":"secondary"},"geometry":{"type":"LineString","coordinates":[[121.629236,31.198264],[121.633663,31.1999]]}},{"type":"Feature","properties":{"kind":"road","osmId":"way/282473042","name":"Zhangheng Road","roadClass":"secondary"},"geometry":{"type":"LineString","coordinates":[[121.624371,31.196819],[121.626724,31.197344]]}},{"type":"Feature","properties":{"kind":"road","osmId":"way/282473045","name":"Zhangheng Road","roadClass":"secondary"},"geometry":{"type":"LineString","coordinates":[[121.626697,31.197407],[121.624346,31.196883]]}},{"type":"Feature","properties":{"kind":"road","osmId":"way/282475229","name":"Yijang Road","roadClass":"residential"},"geometry":{"type":"LineString","coordinates":[[121.625202,31.200991],[121.62495,31.200922]]}},{"type":"Feature","properties":{"kind":"road","osmId":"way/282475230","name":"Yijang Road","roadClass":"residential"},"geometry":{"type":"LineString","coordinates":[[121.622844,31.200337],[121.622477,31.19994],[121.622528,31.199521],[121.623846,31.198031],[121.624346,31.196883]]}},{"type":"Feature","properties":{"kind":"road","osmId":"way/282524550","roadClass":"residential"},"geometry":{"type":"LineString","coordinates":[[121.619292,31.194533],[121.617915,31.193828]]}},{"type":"Feature","properties":{"kind":"road","osmId":"way/282524551","roadClass":"residential"},"geometry":{"type":"LineString","coordinates":[[121.622491,31.196236],[121.621557,31.195835],[121.61999,31.194951]]}},{"type":"Feature","properties":{"kind":"road","osmId":"way/282542430","name":"Huayi Road","roadClass":"unclassified"},"geometry":{"type":"LineString","coordinates":[[121.627679,31.195482],[121.627917,31.195556]]}},{"type":"Feature","properties":{"kind":"road","osmId":"way/282542433","name":"Huayi Road","roadClass":"unclassified"},"geometry":{"type":"LineString","coordinates":[[121.624178,31.194586],[121.624462,31.194676]]}},{"type":"Feature","properties":{"kind":"road","osmId":"way/282542437","name":"Huayi Road","roadClass":"unclassified"},"geometry":{"type":"LineString","coordinates":[[121.623397,31.19434],[121.624178,31.194586]]}},{"type":"Feature","properties":{"kind":"road","osmId":"way/282542440","name":"Huayi Road","roadClass":"unclassified"},"geometry":{"type":"LineString","coordinates":[[121.624462,31.194676],[121.627679,31.195482]]}},{"type":"Feature","properties":{"kind":"road","osmId":"way/282542441","name":"Huayi Road","roadClass":"unclassified"},"geometry":{"type":"LineString","coordinates":[[121.627917,31.195556],[121.631007,31.196666],[121.631849,31.197073]]}},{"type":"Feature","properties":{"kind":"road","osmId":"way/282542442","roadClass":"residential"},"geometry":{"type":"LineString","coordinates":[[121.630882,31.198873],[121.631849,31.197073]]}},{"type":"Feature","properties":{"kind":"road","osmId":"way/282550164","name":"West Chuangxin Road","roadClass":"residential"},"geometry":{"type":"LineString","coordinates":[[121.635117,31.198644],[121.634957,31.198578]]}},{"type":"Feature","properties":{"kind":"road","osmId":"way/282550168","name":"West Chuangxin Road","roadClass":"residential"},"geometry":{"type":"LineString","coordinates":[[121.634957,31.198578],[121.631849,31.197073]]}},{"type":"Feature","properties":{"kind":"road","osmId":"way/282556786","name":"Gonglu Road","roadClass":"residential"},"geometry":{"type":"LineString","coordinates":[[121.634779,31.206719],[121.634947,31.206552],[121.635884,31.204696]]}},{"type":"Feature","properties":{"kind":"road","osmId":"way/283945380","roadClass":"residential"},"geometry":{"type":"LineString","coordinates":[[121.626769,31.193827],[121.627777,31.194061]]}},{"type":"Feature","properties":{"kind":"road","osmId":"way/283945384","roadClass":"residential"},"geometry":{"type":"LineString","coordinates":[[121.627777,31.194061],[121.627223,31.195369]]}},{"type":"Feature","properties":{"kind":"road","osmId":"way/283945385","roadClass":"residential"},"geometry":{"type":"LineString","coordinates":[[121.626254,31.195135],[121.626769,31.193827]]}},{"type":"Feature","properties":{"kind":"road","osmId":"way/283965659","roadClass":"residential"},"geometry":{"type":"LineString","coordinates":[[121.634797,31.198511],[121.634141,31.199646],[121.633854,31.199703],[121.633666,31.199641]]}},{"type":"Feature","properties":{"kind":"road","osmId":"way/283965663","roadClass":"residential"},"geometry":{"type":"LineString","coordinates":[[121.633138,31.197731],[121.632307,31.199292]]}},{"type":"Feature","properties":{"kind":"road","osmId":"way/283965664","roadClass":"residential"},"geometry":{"type":"LineString","coordinates":[[121.633785,31.199964],[121.633893,31.199699]]}},{"type":"Feature","properties":{"kind":"road","osmId":"way/283965667","roadClass":"residential"},"geometry":{"type":"LineString","coordinates":[[121.633034,31.197678],[121.633512,31.19689]]}},{"type":"Feature","properties":{"kind":"road","osmId":"way/283965668","roadClass":"residential"},"geometry":{"type":"LineString","coordinates":[[121.629266,31.196004],[121.629667,31.195407]]}},{"type":"Feature","properties":{"kind":"road","osmId":"way/283965672","roadClass":"residential"},"geometry":{"type":"LineString","coordinates":[[121.631104,31.196704],[121.631578,31.195664]]}},{"type":"Feature","properties":{"kind":"road","osmId":"way/283965679","roadClass":"residential"},"geometry":{"type":"LineString","coordinates":[[121.630362,31.19642],[121.630688,31.195869]]}},{"type":"Feature","properties":{"kind":"road","osmId":"way/283965681","roadClass":"residential"},"geometry":{"type":"LineString","coordinates":[[121.636083,31.199044],[121.635409,31.200024],[121.635226,31.200135],[121.634886,31.200055],[121.634499,31.200177],[121.633663,31.1999]]}},{"type":"Feature","properties":{"kind":"road","osmId":"way/283965684","roadClass":"residential"},"geometry":{"type":"LineString","coordinates":[[121.633871,31.198102],[121.634114,31.197676]]}},{"type":"Feature","properties":{"kind":"road","osmId":"way/283965687","roadClass":"residential"},"geometry":{"type":"LineString","coordinates":[[121.634579,31.198421],[121.635052,31.197597]]}},{"type":"Feature","properties":{"kind":"road","osmId":"way/283965690","roadClass":"residential"},"geometry":{"type":"LineString","coordinates":[[121.633574,31.198697],[121.633871,31.198102]]}},{"type":"Feature","properties":{"kind":"park","osmId":"way/283993210","name":"百草园"},"geometry":{"type":"Polygon","coordinates":[[[121.595602,31.195325],[121.596289,31.195359],[121.596363,31.194596],[121.593956,31.194343],[121.593773,31.194613],[121.594369,31.194944],[121.594546,31.194567],[121.595085,31.194574],[121.595267,31.194746],[121.595565,31.194801],[121.595602,31.195325]]]}},{"type":"Feature","properties":{"kind":"road","osmId":"way/284239554","name":"Zhangdong Road","roadClass":"secondary"},"geometry":{"type":"LineString","coordinates":[[121.634365,31.197136],[121.634508,31.196389]]}},{"type":"Feature","properties":{"kind":"road","osmId":"way/284239555","name":"Zhangdong Road","roadClass":"secondary"},"geometry":{"type":"LineString","coordinates":[[121.634482,31.197107],[121.634432,31.197371]]}},{"type":"Feature","properties":{"kind":"road","osmId":"way/284239556","name":"Zhangdong Road","roadClass":"secondary"},"geometry":{"type":"LineString","coordinates":[[121.634617,31.196406],[121.634482,31.197107]]}},{"type":"Feature","properties":{"kind":"road","osmId":"way/284239558","name":"Zhangdong Road","roadClass":"secondary"},"geometry":{"type":"LineString","coordinates":[[121.634316,31.197391],[121.634365,31.197136]]}},{"type":"Feature","properties":{"kind":"road","osmId":"way/284239562","name":"Zhangdong Road","roadClass":"secondary"},"geometry":{"type":"LineString","coordinates":[[121.635138,31.193559],[121.634617,31.196406]]}},{"type":"Feature","properties":{"kind":"road","osmId":"way/284239566","name":"Zhangdong Road","roadClass":"secondary"},"geometry":{"type":"LineString","coordinates":[[121.634508,31.196389],[121.635028,31.193548]]}},{"type":"Feature","properties":{"kind":"road","osmId":"way/284239568","name":"Zhangdong Road","roadClass":"secondary"},"geometry":{"type":"LineString","coordinates":[[121.633731,31.1995],[121.634034,31.198689],[121.634316,31.197391]]}},{"type":"Feature","properties":{"kind":"road","osmId":"way/284239569","name":"Zhangdong Road","roadClass":"secondary"},"geometry":{"type":"LineString","coordinates":[[121.634432,31.197371],[121.63414,31.198713],[121.633835,31.199531]]}},{"type":"Feature","properties":{"kind":"park","osmId":"way/284251215"},"geometry":{"type":"Polygon","coordinates":[[[121.59313,31.195842],[121.593388,31.195855],[121.593463,31.194813],[121.593206,31.1948],[121.59313,31.195842]]]}},{"type":"Feature","properties":{"kind":"water","osmId":"way/284251222"},"geometry":{"type":"Polygon","coordinates":[[[121.593119,31.196298],[121.593353,31.196307],[121.593371,31.195968],[121.593136,31.195959],[121.593119,31.196298]]]}},{"type":"Feature","properties":{"kind":"road","osmId":"way/284251632","name":"Zhongke Road","roadClass":"tertiary"},"geometry":{"type":"LineString","coordinates":[[121.624869,31.191309],[121.62278,31.190894],[121.618896,31.18965]]}},{"type":"Feature","properties":{"kind":"road","osmId":"way/284256269","name":"Shunhe Road","roadClass":"unclassified"},"geometry":{"type":"LineString","coordinates":[[121.622298,31.188905],[121.622399,31.188628],[121.622602,31.188423],[121.62318,31.188295],[121.625827,31.189346]]}},{"type":"Feature","properties":{"kind":"road","osmId":"way/284256270","name":"Shunhe Road","roadClass":"unclassified"},"geometry":{"type":"LineString","coordinates":[[121.622025,31.190652],[121.622261,31.189141]]}},{"type":"Feature","properties":{"kind":"road","osmId":"way/284256271","name":"Shunhe Road","roadClass":"unclassified"},"geometry":{"type":"LineString","coordinates":[[121.622261,31.189141],[121.622298,31.188905]]}},{"type":"Feature","properties":{"kind":"road","osmId":"way/284258812","roadClass":"residential"},"geometry":{"type":"LineString","coordinates":[[121.620077,31.195001],[121.620344,31.194653],[121.621129,31.193969],[121.621751,31.193207]]}},{"type":"Feature","properties":{"kind":"park","osmId":"way/284260648"},"geometry":{"type":"Polygon","coordinates":[[[121.587104,31.194843],[121.587957,31.193572],[121.588985,31.193794],[121.589309,31.194265],[121.58918,31.194774],[121.588762,31.195063],[121.588376,31.1951],[121.587104,31.194843]]]}},{"type":"Feature","properties":{"kind":"road","osmId":"way/284262341","name":"Gaomuqiao Road","roadClass":"residential"},"geometry":{"type":"LineString","coordinates":[[121.629122,31.18539],[121.628658,31.185384]]}},{"type":"Feature","properties":{"kind":"road","osmId":"way/284262342","name":"Gaomuqiao Road","roadClass":"residential"},"geometry":{"type":"LineString","coordinates":[[121.626505,31.185357],[121.621589,31.185178]]}},{"type":"Feature","properties":{"kind":"road","osmId":"way/285265226","name":"Hengmianjiang Road","roadClass":"residential"},"geometry":{"type":"LineString","coordinates":[[121.628798,31.179843],[121.628776,31.179644]]}},{"type":"Feature","properties":{"kind":"road","osmId":"way/285265231","name":"Hengmianjiang Road","roadClass":"residential"},"geometry":{"type":"LineString","coordinates":[[121.628149,31.187604],[121.62862,31.186282],[121.628948,31.183375],[121.62905,31.181275],[121.628798,31.179843]]}},{"type":"Feature","properties":{"kind":"road","osmId":"way/285265233","name":"Hengmianjiang Road","roadClass":"residential"},"geometry":{"type":"LineString","coordinates":[[121.628776,31.179644],[121.628751,31.178821],[121.628926,31.177416],[121.629712,31.175636],[121.629764,31.173994],[121.629944,31.172497],[121.629625,31.172267],[121.630076,31.172086],[121.630315,31.17117]]}},{"type":"Feature","properties":{"kind":"road","osmId":"way/286842517","name":"Sunhuan Road","roadClass":"tertiary"},"geometry":{"type":"LineString","coordinates":[[121.63566,31.182022],[121.635525,31.182161],[121.635032,31.182348],[121.634354,31.18409]]}},{"type":"Feature","properties":{"kind":"road","osmId":"way/286896556","name":"Sunyao Road","roadClass":"residential"},"geometry":{"type":"LineString","coordinates":[[121.631894,31.181498],[121.631169,31.183828]]}},{"type":"Feature","properties":{"kind":"road","osmId":"way/286898665","name":"Sunhuan Road","roadClass":"tertiary"},"geometry":{"type":"LineString","coordinates":[[121.634354,31.18409],[121.63423,31.184414]]}},{"type":"Feature","properties":{"kind":"road","osmId":"way/286898666","name":"Sunhuan Road","roadClass":"tertiary"},"geometry":{"type":"LineString","coordinates":[[121.63423,31.184414],[121.634128,31.184679]]}},{"type":"Feature","properties":{"kind":"road","osmId":"way/286901120","name":"Sunnong Road","roadClass":"residential"},"geometry":{"type":"LineString","coordinates":[[121.621737,31.180001],[121.621747,31.17978]]}},{"type":"Feature","properties":{"kind":"road","osmId":"way/286901121","name":"Sunnong Road","roadClass":"residential"},"geometry":{"type":"LineString","coordinates":[[121.621747,31.17978],[121.621893,31.177302]]}},{"type":"Feature","properties":{"kind":"road","osmId":"way/286901122","name":"Sunqiao Road","roadClass":"tertiary"},"geometry":{"type":"LineString","coordinates":[[121.626774,31.179622],[121.626776,31.179446]]}},{"type":"Feature","properties":{"kind":"road","osmId":"way/286901123","name":"Sunqiao Road","roadClass":"tertiary"},"geometry":{"type":"LineString","coordinates":[[121.626776,31.179446],[121.626864,31.173861]]}},{"type":"Feature","properties":{"kind":"road","osmId":"way/286907868","roadClass":"residential"},"geometry":{"type":"LineString","coordinates":[[121.628897,31.180245],[121.62918,31.180243]]}},{"type":"Feature","properties":{"kind":"road","osmId":"way/286907871","roadClass":"residential"},"geometry":{"type":"LineString","coordinates":[[121.628841,31.180233],[121.628897,31.180245]]}},{"type":"Feature","properties":{"kind":"road","osmId":"way/286907873","roadClass":"residential"},"geometry":{"type":"LineString","coordinates":[[121.62918,31.180243],[121.630035,31.180488]]}},{"type":"Feature","properties":{"kind":"road","osmId":"way/286925769","roadClass":"residential"},"geometry":{"type":"LineString","coordinates":[[121.625535,31.178883],[121.626779,31.179089]]}},{"type":"Feature","properties":{"kind":"road","osmId":"way/286925770","roadClass":"residential"},"geometry":{"type":"LineString","coordinates":[[121.623949,31.176914],[121.624962,31.174933]]}},{"type":"Feature","properties":{"kind":"road","osmId":"way/286925771","roadClass":"residential"},"geometry":{"type":"LineString","coordinates":[[121.624284,31.176974],[121.624272,31.177757],[121.625035,31.177948],[121.625618,31.177913]]}},{"type":"Feature","properties":{"kind":"road","osmId":"way/286925772","roadClass":"residential"},"geometry":{"type":"LineString","coordinates":[[121.625656,31.177605],[121.624984,31.177121],[121.623421,31.1768]]}},{"type":"Feature","properties":{"kind":"road","osmId":"way/286925780","roadClass":"residential"},"geometry":{"type":"LineString","coordinates":[[121.625511,31.17916],[121.625517,31.179081]]}},{"type":"Feature","properties":{"kind":"road","osmId":"way/286925782","roadClass":"residential"},"geometry":{"type":"LineString","coordinates":[[121.625517,31.179081],[121.625532,31.178909]]}},{"type":"Feature","properties":{"kind":"road","osmId":"way/286925783","roadClass":"residential"},"geometry":{"type":"LineString","coordinates":[[121.623421,31.1768],[121.623298,31.176758]]}},{"type":"Feature","properties":{"kind":"road","osmId":"way/286925784","roadClass":"residential"},"geometry":{"type":"LineString","coordinates":[[121.623741,31.17615],[121.62364,31.176113]]}},{"type":"Feature","properties":{"kind":"road","osmId":"way/286925786","roadClass":"residential"},"geometry":{"type":"LineString","coordinates":[[121.623298,31.176758],[121.623231,31.176735]]}},{"type":"Feature","properties":{"kind":"road","osmId":"way/286925787","roadClass":"residential"},"geometry":{"type":"LineString","coordinates":[[121.625605,31.178065],[121.626789,31.178111]]}},{"type":"Feature","properties":{"kind":"road","osmId":"way/286925788","roadClass":"residential"},"geometry":{"type":"LineString","coordinates":[[121.62364,31.176113],[121.623599,31.176098]]}},{"type":"Feature","properties":{"kind":"road","osmId":"way/286925790","roadClass":"residential"},"geometry":{"type":"LineString","coordinates":[[121.624238,31.17635],[121.623741,31.17615]]}},{"type":"Feature","properties":{"kind":"road","osmId":"way/286925795","roadClass":"residential"},"geometry":{"type":"LineString","coordinates":[[121.62347,31.176814],[121.623098,31.177469]]}},{"type":"Feature","properties":{"kind":"road","osmId":"way/286925797","roadClass":"residential"},"geometry":{"type":"LineString","coordinates":[[121.624158,31.176952],[121.624068,31.178046]]}},{"type":"Feature","properties":{"kind":"road","osmId":"way/286925798","roadClass":"residential"},"geometry":{"type":"LineString","coordinates":[[121.625057,31.177149],[121.624939,31.177919]]}},{"type":"Feature","properties":{"kind":"road","osmId":"way/286925799","roadClass":"residential"},"geometry":{"type":"LineString","coordinates":[[121.625532,31.178909],[121.625656,31.177605],[121.625977,31.177004]]}},{"type":"Feature","properties":{"kind":"road","osmId":"way/286925800","name":"558 Sunqiao Road","roadClass":"residential"},"geometry":{"type":"LineString","coordinates":[[121.626796,31.177299],[121.624238,31.17635]]}},{"type":"Feature","properties":{"kind":"road","osmId":"way/287238906","name":"206 Hengmianjiang Road","roadClass":"residential"},"geometry":{"type":"LineString","coordinates":[[121.628748,31.179014],[121.628246,31.178955],[121.626779,31.179089]]}},{"type":"Feature","properties":{"kind":"road","osmId":"way/287246113","name":"Sanzao Road","roadClass":"residential"},"geometry":{"type":"LineString","coordinates":[[121.629069,31.178573],[121.629871,31.17867],[121.633675,31.180087],[121.634323,31.180425]]}},{"type":"Feature","properties":{"kind":"road","osmId":"way/287246114","name":"Sanzao Road","roadClass":"residential"},"geometry":{"type":"LineString","coordinates":[[121.628779,31.178554],[121.62886,31.178559]]}},{"type":"Feature","properties":{"kind":"road","osmId":"way/287246115","name":"Sanzao Road","roadClass":"residential"},"geometry":{"type":"LineString","coordinates":[[121.634323,31.180425],[121.634501,31.1805]]}},{"type":"Feature","properties":{"kind":"road","osmId":"way/287246116","name":"Sanzao Road","roadClass":"residential"},"geometry":{"type":"LineString","coordinates":[[121.62886,31.178559],[121.629069,31.178573]]}},{"type":"Feature","properties":{"kind":"road","osmId":"way/287246117","name":"Sanzao Road","roadClass":"residential"},"geometry":{"type":"LineString","coordinates":[[121.634501,31.1805],[121.636189,31.181087]]}},{"type":"Feature","properties":{"kind":"road","osmId":"way/287468700","roadClass":"residential"},"geometry":{"type":"LineString","coordinates":[[121.62896,31.182735],[121.627881,31.182623]]}},{"type":"Feature","properties":{"kind":"road","osmId":"way/287470179","roadClass":"residential"},"geometry":{"type":"LineString","coordinates":[[121.628945,31.182308],[121.626673,31.181906]]}},{"type":"Feature","properties":{"kind":"road","osmId":"way/287470979","roadClass":"residential"},"geometry":{"type":"LineString","coordinates":[[121.626698,31.1814],[121.62901,31.181824]]}},{"type":"Feature","properties":{"kind":"road","osmId":"way/287471079","roadClass":"residential"},"geometry":{"type":"LineString","coordinates":[[121.628433,31.18078],[121.628167,31.181013],[121.626725,31.180853]]}},{"type":"Feature","properties":{"kind":"road","osmId":"way/288318825","name":"Liuan Road","roadClass":"residential"},"geometry":{"type":"LineString","coordinates":[[121.633462,31.176235],[121.633559,31.176032]]}},{"type":"Feature","properties":{"kind":"road","osmId":"way/288318826","name":"Liuan Road","roadClass":"residential"},"geometry":{"type":"LineString","coordinates":[[121.633559,31.176032],[121.633832,31.175439]]}},{"type":"Feature","properties":{"kind":"road","osmId":"way/288318827","name":"Liuan Road","roadClass":"residential"},"geometry":{"type":"LineString","coordinates":[[121.632549,31.178169],[121.632604,31.177997]]}},{"type":"Feature","properties":{"kind":"road","osmId":"way/288318828","name":"Liuan Road","roadClass":"residential"},"geometry":{"type":"LineString","coordinates":[[121.631961,31.179471],[121.632549,31.178169]]}},{"type":"Feature","properties":{"kind":"road","osmId":"way/288318829","name":"Liuan Road","roadClass":"residential"},"geometry":{"type":"LineString","coordinates":[[121.632604,31.177997],[121.633462,31.176235]]}},{"type":"Feature","properties":{"kind":"road","osmId":"way/288320153","roadClass":"residential"},"geometry":{"type":"LineString","coordinates":[[121.631293,31.177459],[121.631312,31.177428]]}},{"type":"Feature","properties":{"kind":"road","osmId":"way/288320155","roadClass":"residential"},"geometry":{"type":"LineString","coordinates":[[121.631214,31.177586],[121.631293,31.177459]]}},{"type":"Feature","properties":{"kind":"road","osmId":"way/288320157","roadClass":"residential"},"geometry":{"type":"LineString","coordinates":[[121.63051,31.178925],[121.631214,31.177586]]}},{"type":"Feature","properties":{"kind":"road","osmId":"way/288320159","roadClass":"residential"},"geometry":{"type":"LineString","coordinates":[[121.630066,31.178748],[121.629695,31.179464],[121.629174,31.179468]]}},{"type":"Feature","properties":{"kind":"road","osmId":"way/288320857","roadClass":"residential"},"geometry":{"type":"LineString","coordinates":[[121.630811,31.178305],[121.629626,31.177996],[121.629527,31.177876],[121.629667,31.177344],[121.62988,31.177388],[121.630121,31.177174]]}},{"type":"Feature","properties":{"kind":"road","osmId":"way/288320858","roadClass":"residential"},"geometry":{"type":"LineString","coordinates":[[121.630121,31.177174],[121.630201,31.177018]]}},{"type":"Feature","properties":{"kind":"road","osmId":"way/288320859","roadClass":"residential"},"geometry":{"type":"LineString","coordinates":[[121.630201,31.177018],[121.630222,31.176981]]}},{"type":"Feature","properties":{"kind":"road","osmId":"way/288320860","roadClass":"residential"},"geometry":{"type":"LineString","coordinates":[[121.629626,31.177996],[121.629423,31.178573]]}},{"type":"Feature","properties":{"kind":"road","osmId":"way/288322158","roadClass":"residential"},"geometry":{"type":"LineString","coordinates":[[121.632628,31.177907],[121.630155,31.176939],[121.630754,31.175176],[121.630269,31.174917],[121.630347,31.174466]]}},{"type":"Feature","properties":{"kind":"road","osmId":"way/288322159","roadClass":"residential"},"geometry":{"type":"LineString","coordinates":[[121.632663,31.177804],[121.633246,31.178036],[121.633668,31.177256]]}},{"type":"Feature","properties":{"kind":"road","osmId":"way/288322160","roadClass":"residential"},"geometry":{"type":"LineString","coordinates":[[121.632054,31.177701],[121.632214,31.177373]]}},{"type":"Feature","properties":{"kind":"road","osmId":"way/288337030","name":"Hetang Road","roadClass":"residential"},"geometry":{"type":"LineString","coordinates":[[121.631103,31.174366],[121.639488,31.177643],[121.640888,31.178267]]}},{"type":"Feature","properties":{"kind":"road","osmId":"way/288337035","roadClass":"residential"},"geometry":{"type":"LineString","coordinates":[[121.63513,31.179227],[121.634946,31.179154]]}},{"type":"Feature","properties":{"kind":"road","osmId":"way/288337037","roadClass":"residential"},"geometry":{"type":"LineString","coordinates":[[121.635207,31.175979],[121.634897,31.17656]]}},{"type":"Feature","properties":{"kind":"road","osmId":"way/288337038","roadClass":"residential"},"geometry":{"type":"LineString","coordinates":[[121.634679,31.175772],[121.634474,31.176157]]}},{"type":"Feature","properties":{"kind":"road","osmId":"way/288337039","roadClass":"residential"},"geometry":{"type":"LineString","coordinates":[[121.633402,31.179986],[121.634093,31.178814]]}},{"type":"Feature","properties":{"kind":"road","osmId":"way/288337043","roadClass":"residential"},"geometry":{"type":"LineString","coordinates":[[121.633899,31.175892],[121.634071,31.175532]]}},{"type":"Feature","properties":{"kind":"road","osmId":"way/288337044","roadClass":"residential"},"geometry":{"type":"LineString","coordinates":[[121.634787,31.177857],[121.635214,31.177041]]}},{"type":"Feature","properties":{"kind":"road","osmId":"way/288337047","roadClass":"residential"},"geometry":{"type":"LineString","coordinates":[[121.633711,31.180984],[121.634051,31.180283]]}},{"type":"Feature","properties":{"kind":"road","osmId":"way/288337051","roadClass":"residential"},"geometry":{"type":"LineString","coordinates":[[121.634051,31.180283],[121.634646,31.179034]]}},{"type":"Feature","properties":{"kind":"road","osmId":"way/288337052","roadClass":"residential"},"geometry":{"type":"LineString","coordinates":[[121.634946,31.179154],[121.632535,31.178205]]}},{"type":"Feature","properties":{"kind":"road","osmId":"way/288337054","roadClass":"residential"},"geometry":{"type":"LineString","coordinates":[[121.634093,31.178814],[121.634313,31.178383],[121.634817,31.178535],[121.635104,31.177984]]}},{"type":"Feature","properties":{"kind":"road","osmId":"way/288337055","roadClass":"residential"},"geometry":{"type":"LineString","coordinates":[[121.637355,31.178912],[121.634373,31.177692]]}},{"type":"Feature","properties":{"kind":"road","osmId":"way/290650770","roadClass":"trunk"},"geometry":{"type":"LineString","coordinates":[[121.617389,31.179957],[121.61779,31.182857],[121.618447,31.18575],[121.618734,31.187799]]}},{"type":"Feature","properties":{"kind":"road","osmId":"way/290650771","name":"Dujiaqu Elevated Road","roadClass":"trunk"},"geometry":{"type":"LineString","coordinates":[[121.617103,31.178792],[121.616789,31.176017],[121.616704,31.173883],[121.616683,31.172133],[121.616877,31.170039],[121.617053,31.168775],[121.617679,31.165913],[121.619134,31.160572],[121.619786,31.158729],[121.620406,31.15738],[121.621204,31.15596],[121.622686,31.15382],[121.623972,31.152291],[121.626904,31.149424],[121.628715,31.147137],[121.630146,31.144845],[121.632511,31.139574],[121.633242,31.138244],[121.634224,31.137167],[121.635474,31.136254]]}},{"type":"Feature","properties":{"kind":"road","osmId":"way/293743690","name":"Zhongke Road","roadClass":"residential"},"geometry":{"type":"LineString","coordinates":[[121.594997,31.181026],[121.595446,31.181015]]}},{"type":"Feature","properties":{"kind":"road","osmId":"way/293743691","name":"Zhongke Road","roadClass":"residential"},"geometry":{"type":"LineString","coordinates":[[121.595414,31.181111],[121.594973,31.181122]]}},{"type":"Feature","properties":{"kind":"road","osmId":"way/293743692","name":"Zhongke Road","roadClass":"residential"},"geometry":{"type":"LineString","coordinates":[[121.595446,31.181015],[121.59778,31.180998]]}},{"type":"Feature","properties":{"kind":"road","osmId":"way/293743693","name":"Zhongke Road","roadClass":"residential"},"geometry":{"type":"LineString","coordinates":[[121.594973,31.181122],[121.594795,31.181133]]}},{"type":"Feature","properties":{"kind":"road","osmId":"way/293974956","name":"Zhongke Road","roadClass":"residential"},"geometry":{"type":"LineString","coordinates":[[121.594827,31.181003],[121.594997,31.181026]]}},{"type":"Feature","properties":{"kind":"road","osmId":"way/294565352","roadClass":"residential"},"geometry":{"type":"LineString","coordinates":[[121.634494,31.17402],[121.634285,31.174414],[121.634421,31.174563],[121.634376,31.17483],[121.634944,31.175067],[121.634878,31.175261]]}},{"type":"Feature","properties":{"kind":"road","osmId":"way/295552187","name":"Inner Ring Road","roadClass":"trunk"},"geometry":{"type":"LineString","coordinates":[[121.569805,31.215028],[121.568967,31.217442]]}},{"type":"Feature","properties":{"kind":"road","osmId":"way/295552191","name":"Longdong Avenue","roadClass":"primary"},"geometry":{"type":"LineString","coordinates":[[121.577652,31.21358],[121.576097,31.213199]]}},{"type":"Feature","properties":{"kind":"road","osmId":"way/295552193","name":"Longyang Road","roadClass":"primary"},"geometry":{"type":"LineString","coordinates":[[121.56411,31.207518],[121.56576,31.20815]]}},{"type":"Feature","properties":{"kind":"road","osmId":"way/296713596","name":"Zhongke Road","roadClass":"tertiary"},"geometry":{"type":"LineString","coordinates":[[121.606626,31.18343],[121.604197,31.182327],[121.601423,31.181523]]}},{"type":"Feature","properties":{"kind":"road","osmId":"way/296713599","name":"Zhongke Road","roadClass":"tertiary"},"geometry":{"type":"LineString","coordinates":[[121.606668,31.183365],[121.60906,31.184835]]}},{"type":"Feature","properties":{"kind":"road","osmId":"way/299282962","name":"Luoshan Elevated Road","roadClass":"trunk"},"geometry":{"type":"LineString","coordinates":[[121.580716,31.173843],[121.579458,31.176902],[121.578089,31.181777]]}},{"type":"Feature","properties":{"kind":"road","osmId":"way/299282964","name":"Luoshan Elevated Road","roadClass":"trunk"},"geometry":{"type":"LineString","coordinates":[[121.577304,31.184658],[121.574078,31.196852]]}},{"type":"Feature","properties":{"kind":"road","osmId":"way/299282965","name":"Luoshan Elevated Road","roadClass":"trunk"},"geometry":{"type":"LineString","coordinates":[[121.572262,31.202625],[121.572332,31.202328]]}},{"type":"Feature","properties":{"kind":"road","osmId":"way/299282967","name":"Luoshan Elevated Road","roadClass":"trunk"},"geometry":{"type":"LineString","coordinates":[[121.572624,31.202533],[121.572543,31.202875]]}},{"type":"Feature","properties":{"kind":"road","osmId":"way/299282973","name":"Luoshan Elevated Road","roadClass":"trunk"},"geometry":{"type":"LineString","coordinates":[[121.577018,31.184602],[121.57776,31.181711]]}},{"type":"Feature","properties":{"kind":"road","osmId":"way/299282974","name":"Luoshan Elevated Road","roadClass":"trunk"},"geometry":{"type":"LineString","coordinates":[[121.572332,31.202328],[121.573796,31.196796]]}},{"type":"Feature","properties":{"kind":"road","osmId":"way/299282979","name":"Luoshan Road","roadClass":"primary"},"geometry":{"type":"LineString","coordinates":[[121.574281,31.197452],[121.57394,31.198256],[121.573408,31.199982],[121.572811,31.202467]]}},{"type":"Feature","properties":{"kind":"road","osmId":"way/299282980","name":"Luoshan Road","roadClass":"primary"},"geometry":{"type":"LineString","coordinates":[[121.574388,31.194112],[121.576083,31.187709]]}},{"type":"Feature","properties":{"kind":"road","osmId":"way/299282985","name":"Luoshan Road","roadClass":"primary"},"geometry":{"type":"LineString","coordinates":[[121.577036,31.186301],[121.576651,31.187594]]}},{"type":"Feature","properties":{"kind":"road","osmId":"way/299282987","name":"Luoshan Road","roadClass":"primary"},"geometry":{"type":"LineString","coordinates":[[121.574521,31.19557],[121.574798,31.196143],[121.574445,31.19702]]}},{"type":"Feature","properties":{"kind":"road","osmId":"way/299282988","name":"Luoshan Road","roadClass":"primary"},"geometry":{"type":"LineString","coordinates":[[121.574521,31.19557],[121.574297,31.19648],[121.574445,31.19702]]}},{"type":"Feature","properties":{"kind":"road","osmId":"way/299282991","name":"Luoshan Road","roadClass":"primary"},"geometry":{"type":"LineString","coordinates":[[121.576442,31.186186],[121.57762,31.181684]]}},{"type":"Feature","properties":{"kind":"road","osmId":"way/299283000","name":"Luoshan Road","roadClass":"primary"},"geometry":{"type":"LineString","coordinates":[[121.572154,31.202561],[121.572229,31.202258]]}},{"type":"Feature","properties":{"kind":"road","osmId":"way/299283001","name":"Luoshan Road","roadClass":"primary"},"geometry":{"type":"LineString","coordinates":[[121.578244,31.181806],[121.577036,31.186301]]}},{"type":"Feature","properties":{"kind":"road","osmId":"way/299283003","name":"Luoshan Road","roadClass":"primary"},"geometry":{"type":"LineString","coordinates":[[121.572739,31.202753],[121.572679,31.202987]]}},{"type":"Feature","properties":{"kind":"road","osmId":"way/299283013","name":"Luoshan Road","roadClass":"primary"},"geometry":{"type":"LineString","coordinates":[[121.583784,31.172576],[121.583172,31.173103],[121.582085,31.173489],[121.581318,31.173931],[121.580778,31.174482],[121.580466,31.175039]]}},{"type":"Feature","properties":{"kind":"road","osmId":"way/299283014","name":"Luoshan Road","roadClass":"primary"},"geometry":{"type":"LineString","coordinates":[[121.57762,31.181684],[121.578882,31.177209],[121.579162,31.17568],[121.579809,31.174016],[121.57974,31.17338],[121.578795,31.171402],[121.578866,31.170819],[121.579123,31.170401]]}},{"type":"Feature","properties":{"kind":"road","osmId":"way/299283017","name":"Luoshan Road","roadClass":"primary"},"geometry":{"type":"LineString","coordinates":[[121.572679,31.202987],[121.572195,31.204854]]}},{"type":"Feature","properties":{"kind":"road","osmId":"way/299283041","name":"Zuchongzhi Road","roadClass":"secondary"},"geometry":{"type":"LineString","coordinates":[[121.573337,31.202812],[121.572746,31.202724]]}},{"type":"Feature","properties":{"kind":"road","osmId":"way/303902214","name":"Keyuan Road","roadClass":"tertiary"},"geometry":{"type":"LineString","coordinates":[[121.59085,31.174166],[121.590884,31.17452],[121.590714,31.175215]]}},{"type":"Feature","properties":{"kind":"road","osmId":"way/303902227","name":"Jinke Road","roadClass":"secondary"},"geometry":{"type":"LineString","coordinates":[[121.598253,31.17578],[121.598403,31.174992]]}},{"type":"Feature","properties":{"kind":"road","osmId":"way/303902228","name":"Jinke Road","roadClass":"secondary"},"geometry":{"type":"LineString","coordinates":[[121.59852,31.174964],[121.598358,31.175818]]}},{"type":"Feature","properties":{"kind":"road","osmId":"way/303968288","name":"Qinzheng Road","roadClass":"residential"},"geometry":{"type":"LineString","coordinates":[[121.619769,31.176505],[121.619952,31.176173]]}},{"type":"Feature","properties":{"kind":"road","osmId":"way/303968292","name":"Qinzheng Road","roadClass":"residential"},"geometry":{"type":"LineString","coordinates":[[121.619952,31.176173],[121.621294,31.173542]]}},{"type":"Feature","properties":{"kind":"waterway","osmId":"way/303968301"},"geometry":{"type":"LineString","coordinates":[[121.625766,31.172148],[121.622879,31.177699]]}},{"type":"Feature","properties":{"kind":"road","osmId":"way/330863690","roadClass":"trunk"},"geometry":{"type":"LineString","coordinates":[[121.617702,31.183824],[121.617621,31.182485],[121.617205,31.179621]]}},{"type":"Feature","properties":{"kind":"road","osmId":"way/330863691","name":"中环路","roadClass":"trunk"},"geometry":{"type":"LineString","coordinates":[[121.614848,31.183011],[121.610179,31.180603]]}},{"type":"Feature","properties":{"kind":"road","osmId":"way/330863693","name":"中环路","roadClass":"trunk"},"geometry":{"type":"LineString","coordinates":[[121.617289,31.18489],[121.617815,31.185724],[121.618144,31.186504],[121.6188,31.189858]]}},{"type":"Feature","properties":{"kind":"road","osmId":"way/330863755","roadClass":"trunk"},"geometry":{"type":"LineString","coordinates":[[121.617694,31.186597],[121.617544,31.185767]]}},{"type":"Feature","properties":{"kind":"road","osmId":"way/330863774","roadClass":"trunk"},"geometry":{"type":"LineString","coordinates":[[121.617544,31.185767],[121.617702,31.183824]]}},{"type":"Feature","properties":{"kind":"waterway","osmId":"way/334682923"},"geometry":{"type":"LineString","coordinates":[[121.556864,31.190638],[121.55781,31.190098],[121.558121,31.19007],[121.558871,31.1903],[121.560148,31.189648],[121.561607,31.189777],[121.562497,31.189657],[121.562862,31.189786],[121.564922,31.191227],[121.566489,31.191539],[121.567122,31.191759],[121.568795,31.193117],[121.571038,31.193594],[121.5721,31.194191],[121.57386,31.194264]]}},{"type":"Feature","properties":{"kind":"waterway","osmId":"way/334684157"},"geometry":{"type":"LineString","coordinates":[[121.578977,31.175063],[121.576681,31.174118],[121.57563,31.173787],[121.575404,31.173888],[121.5752,31.174402],[121.574954,31.174356],[121.573602,31.173659],[121.573344,31.173411],[121.57343,31.173135],[121.572969,31.172658],[121.571596,31.172006],[121.571005,31.171933],[121.569954,31.17128]]}},{"type":"Feature","properties":{"kind":"waterway","osmId":"way/334684158","name":"三八河"},"geometry":{"type":"LineString","coordinates":[[121.57548,31.194659],[121.576058,31.193317],[121.579133,31.184513]]}},{"type":"Feature","properties":{"kind":"waterway","osmId":"way/334684159"},"geometry":{"type":"LineString","coordinates":[[121.568395,31.176346],[121.573082,31.161462],[121.573999,31.15931],[121.574405,31.158602]]}},{"type":"Feature","properties":{"kind":"waterway","osmId":"way/334684160"},"geometry":{"type":"LineString","coordinates":[[121.557526,31.185021],[121.575761,31.188325]]}},{"type":"Feature","properties":{"kind":"park","osmId":"way/337936012","name":"紫薇公园"},"geometry":{"type":"Polygon","coordinates":[[[121.609507,31.202304],[121.60968,31.202147],[121.610434,31.202056],[121.611322,31.202126],[121.612039,31.20234],[121.610819,31.203647],[121.609586,31.202491],[121.609507,31.202304]]]}},{"type":"Feature","properties":{"kind":"park","osmId":"way/345755659","name":"广兰公园"},"geometry":{"type":"Polygon","coordinates":[[[121.615176,31.209833],[121.615587,31.210017],[121.616507,31.210213],[121.616591,31.210313],[121.616572,31.210684],[121.616675,31.210708],[121.616291,31.211846],[121.614874,31.211694],[121.614281,31.211249],[121.615176,31.209833]]]}},{"type":"Feature","properties":{"kind":"water","osmId":"way/345755673"},"geometry":{"type":"Polygon","coordinates":[[[121.615286,31.210982],[121.615522,31.210971],[121.615742,31.210429],[121.615303,31.210673],[121.615079,31.211093],[121.615286,31.210982]]]}},{"type":"Feature","properties":{"kind":"waterway","osmId":"way/345758437"},"geometry":{"type":"LineString","coordinates":[[121.615722,31.210414],[121.616053,31.210194],[121.616528,31.210295]]}},{"type":"Feature","properties":{"kind":"waterway","osmId":"way/345758438"},"geometry":{"type":"LineString","coordinates":[[121.6151,31.211109],[121.614743,31.211299]]}},{"type":"Feature","properties":{"kind":"road","osmId":"way/347368471","roadClass":"residential"},"geometry":{"type":"LineString","coordinates":[[121.613734,31.212745],[121.614985,31.21292],[121.617712,31.212984],[121.617922,31.213247]]}},{"type":"Feature","properties":{"kind":"road","osmId":"way/347368472","roadClass":"residential"},"geometry":{"type":"LineString","coordinates":[[121.615702,31.21292],[121.615767,31.213052]]}},{"type":"Feature","properties":{"kind":"waterway","osmId":"way/347368476"},"geometry":{"type":"LineString","coordinates":[[121.616416,31.212018],[121.615827,31.211797],[121.614683,31.211658],[121.614238,31.211262],[121.613342,31.210728],[121.612882,31.210159],[121.612015,31.20986],[121.611373,31.209356]]}},{"type":"Feature","properties":{"kind":"waterway","osmId":"way/347368477"},"geometry":{"type":"LineString","coordinates":[[121.614743,31.211299],[121.614574,31.21159]]}},{"type":"Feature","properties":{"kind":"waterway","osmId":"way/347373056"},"geometry":{"type":"LineString","coordinates":[[121.591998,31.186945],[121.592174,31.185997],[121.592743,31.185051],[121.593979,31.183994],[121.594743,31.184203],[121.596028,31.184356],[121.597231,31.184314],[121.5985,31.183952],[121.599118,31.184036],[121.600158,31.184509],[121.601118,31.184634],[121.601784,31.184592],[121.602207,31.18469],[121.602809,31.185093],[121.603996,31.186164],[121.604907,31.186484],[121.605817,31.186498],[121.606614,31.186679],[121.607183,31.186985],[121.607509,31.187444],[121.607736,31.188237],[121.60785,31.189461],[121.608008,31.18995]]}},{"type":"Feature","properties":{"kind":"waterway","osmId":"way/347373058","name":"向阳河"},"geometry":{"type":"LineString","coordinates":[[121.593979,31.183994],[121.593983,31.183434],[121.594177,31.182593],[121.594961,31.181439],[121.597475,31.176732],[121.59798,31.175004],[121.599026,31.174596],[121.59926,31.173357],[121.60271,31.166832]]}},{"type":"Feature","properties":{"kind":"waterway","osmId":"way/347373060","name":"川杨河"},"geometry":{"type":"LineString","coordinates":[[121.592614,31.185265],[121.589045,31.183529],[121.587867,31.183075],[121.585442,31.182474],[121.58136,31.180503]]}},{"type":"Feature","properties":{"kind":"waterway","osmId":"way/347373065"},"geometry":{"type":"LineString","coordinates":[[121.66154,31.190035],[121.656715,31.18912],[121.65561,31.189166],[121.65237,31.18895],[121.65134,31.189358],[121.651072,31.189367],[121.648497,31.188041],[121.648347,31.187913],[121.6481,31.187358],[121.644377,31.185705],[121.643443,31.185531],[121.641684,31.184507],[121.640032,31.183855],[121.639506,31.183281],[121.638465,31.183167],[121.637864,31.182763],[121.629667,31.179734],[121.628219,31.17978],[121.627082,31.179642],[121.625794,31.179059],[121.624196,31.178784],[121.623659,31.17849],[121.623187,31.177829],[121.622275,31.177439],[121.620838,31.176595],[121.617155,31.175724]]}},{"type":"Feature","properties":{"kind":"waterway","osmId":"way/347465342"},"geometry":{"type":"LineString","coordinates":[[121.576868,31.195075],[121.577202,31.194882],[121.577566,31.194819],[121.578786,31.194941],[121.579667,31.194682],[121.580222,31.194266],[121.580462,31.193396],[121.580746,31.193185],[121.581664,31.193438],[121.583365,31.193728],[121.584804,31.193462],[121.586372,31.193575],[121.586778,31.193459],[121.587185,31.192716],[121.587364,31.192025],[121.587752,31.191651],[121.588849,31.191293],[121.58997,31.189089],[121.590362,31.188964]]}},{"type":"Feature","properties":{"kind":"water","osmId":"way/347468781"},"geometry":{"type":"Polygon","coordinates":[[[121.589001,31.189015],[121.588933,31.188924],[121.589087,31.188921],[121.589001,31.189015]]]}},{"type":"Feature","properties":{"kind":"road","osmId":"way/347622334","name":"Shenjiang Road","roadClass":"primary"},"geometry":{"type":"LineString","coordinates":[[121.620364,31.200921],[121.619602,31.196385]]}},{"type":"Feature","properties":{"kind":"road","osmId":"way/347622335","name":"Shenjiang Road","roadClass":"primary"},"geometry":{"type":"LineString","coordinates":[[121.618364,31.187028],[121.618437,31.186004],[121.617905,31.1837]]}},{"type":"Feature","properties":{"kind":"road","osmId":"way/347622336","name":"Shenjiang Road","roadClass":"primary"},"geometry":{"type":"LineString","coordinates":[[121.620006,31.196483],[121.620717,31.200882]]}},{"type":"Feature","properties":{"kind":"road","osmId":"way/347622338","roadClass":"primary"},"geometry":{"type":"LineString","coordinates":[[121.62,31.19644],[121.620104,31.196521],[121.620478,31.198554]]}},{"type":"Feature","properties":{"kind":"road","osmId":"way/347622339","roadClass":"primary"},"geometry":{"type":"LineString","coordinates":[[121.619946,31.199047],[121.619537,31.196017]]}},{"type":"Feature","properties":{"kind":"road","osmId":"way/347622342","name":"Middle Gaoke Road","roadClass":"primary"},"geometry":{"type":"LineString","coordinates":[[121.639641,31.208899],[121.634182,31.206594],[121.630382,31.205483]]}},{"type":"Feature","properties":{"kind":"waterway","osmId":"way/347626274"},"geometry":{"type":"LineString","coordinates":[[121.604967,31.203795],[121.607927,31.200688]]}},{"type":"Feature","properties":{"kind":"road","osmId":"way/347626275","name":"Jianzhong Road","roadClass":"residential"},"geometry":{"type":"LineString","coordinates":[[121.606394,31.202152],[121.606571,31.202298]]}},{"type":"Feature","properties":{"kind":"road","osmId":"way/347626277","name":"Jianzhong Road","roadClass":"residential"},"geometry":{"type":"LineString","coordinates":[[121.606571,31.202298],[121.612346,31.207392]]}},{"type":"Feature","properties":{"kind":"road","osmId":"way/347630984","name":"Ziwei Road","roadClass":"tertiary"},"geometry":{"type":"LineString","coordinates":[[121.615361,31.207613],[121.613998,31.206768]]}},{"type":"Feature","properties":{"kind":"road","osmId":"way/347637161","name":"Ziwei Road","roadClass":"tertiary"},"geometry":{"type":"LineString","coordinates":[[121.612813,31.205637],[121.612263,31.20492],[121.609154,31.202178]]}},{"type":"Feature","properties":{"kind":"road","osmId":"way/347637162","name":"Zhangjiang Road","roadClass":"secondary"},"geometry":{"type":"LineString","coordinates":[[121.614966,31.203552],[121.616289,31.202302]]}},{"type":"Feature","properties":{"kind":"road","osmId":"way/362229493","roadClass":"residential"},"geometry":{"type":"LineString","coordinates":[[121.586591,31.180428],[121.588802,31.180975],[121.588639,31.181834],[121.588287,31.181802]]}},{"type":"Feature","properties":{"kind":"road","osmId":"way/362229494","roadClass":"residential"},"geometry":{"type":"LineString","coordinates":[[121.588287,31.181802],[121.588039,31.182354],[121.586271,31.181931],[121.585883,31.181701]]}},{"type":"Feature","properties":{"kind":"road","osmId":"way/362229497","roadClass":"residential"},"geometry":{"type":"LineString","coordinates":[[121.587859,31.181689],[121.588057,31.181095]]}},{"type":"Feature","properties":{"kind":"road","osmId":"way/362229499","roadClass":"residential"},"geometry":{"type":"LineString","coordinates":[[121.588784,31.181273],[121.587537,31.180968],[121.587631,31.180683]]}},{"type":"Feature","properties":{"kind":"road","osmId":"way/362229500","roadClass":"residential"},"geometry":{"type":"LineString","coordinates":[[121.587279,31.182175],[121.587473,31.181596]]}},{"type":"Feature","properties":{"kind":"road","osmId":"way/362229501","roadClass":"residential"},"geometry":{"type":"LineString","coordinates":[[121.585737,31.181965],[121.586591,31.180428]]}},{"type":"Feature","properties":{"kind":"road","osmId":"way/362229502","roadClass":"residential"},"geometry":{"type":"LineString","coordinates":[[121.586271,31.181931],[121.586461,31.181351],[121.588287,31.181802]]}},{"type":"Feature","properties":{"kind":"road","osmId":"way/362240476","name":"Jieke Road","roadClass":"unclassified"},"geometry":{"type":"LineString","coordinates":[[121.581159,31.183645],[121.583569,31.184136],[121.587787,31.1853]]}},{"type":"Feature","properties":{"kind":"road","osmId":"way/362240478","name":"Jieke Road","roadClass":"unclassified"},"geometry":{"type":"LineString","coordinates":[[121.587767,31.18536],[121.583535,31.184175],[121.581139,31.183678]]}},{"type":"Feature","properties":{"kind":"road","osmId":"way/362240481","name":"Jihui Road","roadClass":"unclassified"},"geometry":{"type":"LineString","coordinates":[[121.581118,31.183757],[121.581546,31.183039],[121.58288,31.181356]]}},{"type":"Feature","properties":{"kind":"road","osmId":"way/362240485","name":"Jihui Road","roadClass":"unclassified"},"geometry":{"type":"LineString","coordinates":[[121.58294,31.181392],[121.581118,31.183757]]}},{"type":"Feature","properties":{"kind":"road","osmId":"way/362240487","name":"Jihui Road","roadClass":"unclassified"},"geometry":{"type":"LineString","coordinates":[[121.58288,31.181356],[121.583011,31.181197]]}},{"type":"Feature","properties":{"kind":"road","osmId":"way/362240490","name":"Jihui Road","roadClass":"unclassified"},"geometry":{"type":"LineString","coordinates":[[121.583071,31.181233],[121.58294,31.181392]]}},{"type":"Feature","properties":{"kind":"road","osmId":"way/362240493","name":"Jihui Road","roadClass":"unclassified"},"geometry":{"type":"LineString","coordinates":[[121.583011,31.181197],[121.583137,31.181043]]}},{"type":"Feature","properties":{"kind":"road","osmId":"way/362240495","name":"Jihui Road","roadClass":"unclassified"},"geometry":{"type":"LineString","coordinates":[[121.583273,31.180988],[121.583071,31.181233]]}},{"type":"Feature","properties":{"kind":"road","osmId":"way/362240498","name":"Jihui Road","roadClass":"tertiary"},"geometry":{"type":"LineString","coordinates":[[121.583137,31.181043],[121.587435,31.17578]]}},{"type":"Feature","properties":{"kind":"road","osmId":"way/362240501","roadClass":"residential"},"geometry":{"type":"LineString","coordinates":[[121.583863,31.182178],[121.58368,31.182659]]}},{"type":"Feature","properties":{"kind":"road","osmId":"way/362240507","roadClass":"residential"},"geometry":{"type":"LineString","coordinates":[[121.585455,31.182624],[121.585562,31.182371]]}},{"type":"Feature","properties":{"kind":"road","osmId":"way/362240512","roadClass":"residential"},"geometry":{"type":"LineString","coordinates":[[121.585562,31.182371],[121.585737,31.181965]]}},{"type":"Feature","properties":{"kind":"road","osmId":"way/362240513","roadClass":"residential"},"geometry":{"type":"LineString","coordinates":[[121.582394,31.183503],[121.582858,31.182406]]}},{"type":"Feature","properties":{"kind":"road","osmId":"way/362240514","roadClass":"residential"},"geometry":{"type":"LineString","coordinates":[[121.585409,31.182732],[121.585455,31.182624]]}},{"type":"Feature","properties":{"kind":"road","osmId":"way/362240515","roadClass":"residential"},"geometry":{"type":"LineString","coordinates":[[121.584972,31.182597],[121.585832,31.182863]]}},{"type":"Feature","properties":{"kind":"road","osmId":"way/362240516","roadClass":"residential"},"geometry":{"type":"LineString","coordinates":[[121.584799,31.183007],[121.582464,31.182284]]}},{"type":"Feature","properties":{"kind":"road","osmId":"way/362240517","roadClass":"residential"},"geometry":{"type":"LineString","coordinates":[[121.585832,31.182863],[121.585188,31.184385]]}},{"type":"Feature","properties":{"kind":"road","osmId":"way/362240521","roadClass":"residential"},"geometry":{"type":"LineString","coordinates":[[121.584329,31.184119],[121.584972,31.182597]]}},{"type":"Feature","properties":{"kind":"road","osmId":"way/362240522","roadClass":"residential"},"geometry":{"type":"LineString","coordinates":[[121.585832,31.182863],[121.585982,31.182834],[121.588203,31.183531],[121.588252,31.183653],[121.587869,31.185037],[121.587623,31.185098],[121.58714,31.184989],[121.582714,31.183619],[121.582081,31.183406],[121.58194,31.183174],[121.582018,31.182841],[121.582823,31.181879],[121.584888,31.182495],[121.584972,31.182597]]}},{"type":"Feature","properties":{"kind":"road","osmId":"way/362240562","name":"Jieke Road","roadClass":"unclassified"},"geometry":{"type":"LineString","coordinates":[[121.587787,31.1853],[121.587767,31.18536]]}},{"type":"Feature","properties":{"kind":"road","osmId":"way/367085798","name":"龙东高架路","roadClass":"trunk"},"geometry":{"type":"LineString","coordinates":[[121.564004,31.207637],[121.572886,31.21175]]}},{"type":"Feature","properties":{"kind":"water","osmId":"way/375180937"},"geometry":{"type":"Polygon","coordinates":[[[121.581575,31.198698],[121.581666,31.198992],[121.581915,31.199074],[121.582205,31.199324],[121.582538,31.199255],[121.58305,31.199359],[121.583463,31.199097],[121.583345,31.198902],[121.582607,31.198895],[121.58206,31.19854],[121.581781,31.198565],[121.581575,31.198698]]]}},{"type":"Feature","properties":{"kind":"water","osmId":"way/384942033"},"geometry":{"type":"Polygon","coordinates":[[[121.573351,31.212852],[121.573409,31.213144],[121.571302,31.21279],[121.571843,31.212496],[121.57216,31.212598],[121.572421,31.212901],[121.573021,31.212952],[121.573351,31.212852]]]}},{"type":"Feature","properties":{"kind":"road","osmId":"way/384942041","roadClass":"unclassified"},"geometry":{"type":"LineString","coordinates":[[121.5715,31.218382],[121.572158,31.218616]]}},{"type":"Feature","properties":{"kind":"road","osmId":"way/384942043","roadClass":"unclassified"},"geometry":{"type":"LineString","coordinates":[[121.572158,31.218616],[121.572378,31.218797],[121.572392,31.219217],[121.572874,31.219321],[121.572985,31.219759]]}},{"type":"Feature","properties":{"kind":"water","osmId":"way/393235474"},"geometry":{"type":"Polygon","coordinates":[[[121.57956,31.217755],[121.579417,31.217618],[121.579493,31.217498],[121.579927,31.217471],[121.580101,31.217849],[121.580088,31.218088],[121.580477,31.218682],[121.579898,31.217987],[121.57956,31.217755]]]}},{"type":"Feature","properties":{"kind":"water","osmId":"way/393235481"},"geometry":{"type":"Polygon","coordinates":[[[121.573358,31.224097],[121.573589,31.224542],[121.573412,31.225056],[121.573605,31.225079],[121.574034,31.2249],[121.57405,31.224639],[121.573755,31.223818],[121.573637,31.223726],[121.573471,31.223754],[121.573358,31.224097]]]}},{"type":"Feature","properties":{"kind":"water","osmId":"way/393235487"},"geometry":{"type":"Polygon","coordinates":[[[121.575045,31.225139],[121.574925,31.22493],[121.574938,31.224389],[121.575083,31.224806],[121.575053,31.224985],[121.575289,31.225295],[121.575053,31.225244],[121.575045,31.225139]]]}},{"type":"Feature","properties":{"kind":"water","osmId":"way/393235495"},"geometry":{"type":"Polygon","coordinates":[[[121.574938,31.221556],[121.575064,31.221591],[121.57496,31.221499],[121.575391,31.221175],[121.575636,31.221184],[121.575641,31.221554],[121.57552,31.221843],[121.574973,31.22168],[121.574938,31.221556]]]}},{"type":"Feature","properties":{"kind":"water","osmId":"way/393235499"},"geometry":{"type":"Polygon","coordinates":[[[121.580665,31.219122],[121.580769,31.219104],[121.580763,31.219228],[121.580665,31.219122]]]}},{"type":"Feature","properties":{"kind":"water","osmId":"way/393235502"},"geometry":{"type":"Polygon","coordinates":[[[121.57637,31.217565],[121.576695,31.217698],[121.577256,31.218221],[121.577226,31.218381],[121.576985,31.218549],[121.5771,31.218602],[121.577441,31.218386],[121.577754,31.218012],[121.577752,31.217592],[121.577628,31.21756],[121.577261,31.217737],[121.576904,31.217723],[121.576717,31.21734],[121.576046,31.217122],[121.576062,31.217501],[121.57637,31.217565]]]}},{"type":"Feature","properties":{"kind":"water","osmId":"way/393235506"},"geometry":{"type":"Polygon","coordinates":[[[121.575241,31.2167],[121.575448,31.216553],[121.575633,31.216721],[121.575515,31.216985],[121.575303,31.217138],[121.575169,31.217083],[121.575241,31.2167]]]}},{"type":"Feature","properties":{"kind":"water","osmId":"way/393235508"},"geometry":{"type":"Polygon","coordinates":[[[121.577934,31.22449],[121.577567,31.224577],[121.57821,31.224657],[121.578602,31.224565],[121.578653,31.224455],[121.578307,31.224338],[121.577934,31.22449]]]}},{"type":"Feature","properties":{"kind":"water","osmId":"way/393235509"},"geometry":{"type":"Polygon","coordinates":[[[121.57404,31.221772],[121.57423,31.221785],[121.574496,31.222274],[121.574587,31.222602],[121.574453,31.223118],[121.574163,31.222829],[121.574182,31.222602],[121.574005,31.222375],[121.57404,31.221772]]]}},{"type":"Feature","properties":{"kind":"water","osmId":"way/393235511"},"geometry":{"type":"Polygon","coordinates":[[[121.579144,31.222198],[121.579291,31.22218],[121.579425,31.22174],[121.579597,31.221657],[121.579662,31.221162],[121.580107,31.220749],[121.580085,31.220625],[121.579823,31.22046],[121.579517,31.220551],[121.579345,31.220437],[121.579425,31.220331],[121.579855,31.220391],[121.580232,31.220219],[121.580445,31.220276],[121.580579,31.220616],[121.580348,31.220753],[121.580606,31.220648],[121.580823,31.220873],[121.580785,31.221116],[121.580595,31.221182],[121.580362,31.220944],[121.580179,31.220941],[121.579924,31.221256],[121.579865,31.221636],[121.579324,31.222324],[121.577095,31.223373],[121.576483,31.223579],[121.576309,31.223558],[121.576502,31.223384],[121.577489,31.223029],[121.578135,31.222588],[121.579144,31.222198]]]}},{"type":"Feature","properties":{"kind":"road","osmId":"way/403113399","name":"Zhangjiang Road","roadClass":"secondary"},"geometry":{"type":"LineString","coordinates":[[121.623978,31.193317],[121.622918,31.195506],[121.622342,31.196453]]}},{"type":"Feature","properties":{"kind":"road","osmId":"way/403113400","name":"Zhangjiang Road","roadClass":"secondary"},"geometry":{"type":"LineString","coordinates":[[121.622378,31.196265],[121.623899,31.193304]]}},{"type":"Feature","properties":{"kind":"waterway","osmId":"way/404290244"},"geometry":{"type":"LineString","coordinates":[[121.634966,31.224059],[121.635436,31.22389],[121.635606,31.223672],[121.635598,31.222128],[121.635325,31.221633],[121.637173,31.217693]]}},{"type":"Feature","properties":{"kind":"park","osmId":"way/404706786","name":"张衡公园"},"geometry":{"type":"Polygon","coordinates":[[[121.62296,31.196465],[121.626806,31.197236],[121.627664,31.195556],[121.624349,31.194749],[121.62296,31.196465]]]}},{"type":"Feature","properties":{"kind":"water","osmId":"way/406928717"},"geometry":{"type":"Polygon","coordinates":[[[121.615872,31.210898],[121.61606,31.211122],[121.6162,31.211132],[121.616062,31.210957],[121.616184,31.210825],[121.616047,31.210726],[121.615872,31.210898]]]}},{"type":"Feature","properties":{"kind":"water","osmId":"way/407414600"},"geometry":{"type":"Polygon","coordinates":[[[121.624684,31.196368],[121.625296,31.196423],[121.625435,31.19632],[121.625814,31.196526],[121.626154,31.196558],[121.626321,31.196464],[121.626143,31.196375],[121.625907,31.196409],[121.625733,31.196274],[121.625787,31.196095],[121.626015,31.196058],[121.626205,31.195893],[121.626602,31.19601],[121.626119,31.195827],[121.625932,31.195976],[121.62539,31.195989],[121.624939,31.195696],[121.624631,31.195696],[121.624301,31.195565],[121.624486,31.195946],[121.6244,31.19618],[121.624684,31.196368]]]}},{"type":"Feature","properties":{"kind":"park","osmId":"way/407439532"},"geometry":{"type":"Polygon","coordinates":[[[121.604737,31.221702],[121.604833,31.221848],[121.605466,31.221949],[121.607252,31.21754],[121.606775,31.21682],[121.606522,31.216778],[121.604737,31.221702]]]}},{"type":"Feature","properties":{"kind":"water","osmId":"way/407619564"},"geometry":{"type":"Polygon","coordinates":[[[121.610478,31.202519],[121.610618,31.202746],[121.610765,31.202796],[121.610985,31.202757],[121.611149,31.202503],[121.610994,31.20245],[121.610763,31.202583],[121.610634,31.202464],[121.610478,31.202519]]]}},{"type":"Feature","properties":{"kind":"road","osmId":"way/411264065","name":"Dujiaqu Elevated Road","roadClass":"trunk"},"geometry":{"type":"LineString","coordinates":[[121.635627,31.136378],[121.634309,31.137279],[121.633273,31.138412],[121.632608,31.139637],[121.630974,31.143382],[121.629385,31.146357],[121.628454,31.147707],[121.627086,31.149349],[121.624001,31.15244],[121.62271,31.153941],[121.621335,31.155984],[121.62048,31.157458],[121.619803,31.158943],[121.619317,31.16025],[121.617872,31.165695],[121.617183,31.168861],[121.616951,31.170471],[121.616809,31.172668],[121.61688,31.175516],[121.617232,31.178775]]}},{"type":"Feature","properties":{"kind":"road","osmId":"way/417219940","name":"Shenjiang Road","roadClass":"primary"},"geometry":{"type":"LineString","coordinates":[[121.621092,31.215701],[121.621082,31.216378]]}},{"type":"Feature","properties":{"kind":"road","osmId":"way/417219964","name":"Longdong Elevated Road","roadClass":"trunk"},"geometry":{"type":"LineString","coordinates":[[121.614111,31.223368],[121.618388,31.223339],[121.619698,31.223548],[121.621991,31.224243],[121.624432,31.225328],[121.626117,31.225752]]}},{"type":"Feature","properties":{"kind":"road","osmId":"way/417219974","name":"Shenjiang Road","roadClass":"primary"},"geometry":{"type":"LineString","coordinates":[[121.620789,31.215494],[121.620789,31.2136]]}},{"type":"Feature","properties":{"kind":"road","osmId":"way/417219980","name":"Shenjiang Road","roadClass":"primary"},"geometry":{"type":"LineString","coordinates":[[121.620793,31.216383],[121.620789,31.215494]]}},{"type":"Feature","properties":{"kind":"road","osmId":"way/417219985","name":"Shenjiang Road","roadClass":"primary"},"geometry":{"type":"LineString","coordinates":[[121.621083,31.217851],[121.621135,31.225748]]}},{"type":"Feature","properties":{"kind":"park","osmId":"way/422771393"},"geometry":{"type":"Polygon","coordinates":[[[121.573389,31.200471],[121.574128,31.200621],[121.575507,31.197448],[121.576773,31.195333],[121.576738,31.195251],[121.575124,31.194692],[121.574684,31.196086],[121.573983,31.197696],[121.574129,31.19802],[121.573389,31.200471]]]}},{"type":"Feature","properties":{"kind":"park","osmId":"way/422771394"},"geometry":{"type":"Polygon","coordinates":[[[121.578102,31.187741],[121.579045,31.184963],[121.57924,31.18477],[121.579831,31.184889],[121.579494,31.185894],[121.57967,31.185939],[121.579019,31.187891],[121.578102,31.187741]]]}},{"type":"Feature","properties":{"kind":"park","osmId":"way/422771395"},"geometry":{"type":"Polygon","coordinates":[[[121.575123,31.201101],[121.575525,31.201288],[121.575854,31.200195],[121.575395,31.200039],[121.57516,31.200414],[121.575123,31.201101]]]}},{"type":"Feature","properties":{"kind":"park","osmId":"way/422771396"},"geometry":{"type":"Polygon","coordinates":[[[121.576256,31.199731],[121.576496,31.199717],[121.57696,31.198347],[121.576579,31.198186],[121.576417,31.19845],[121.576125,31.199641],[121.576256,31.199731]]]}},{"type":"Feature","properties":{"kind":"park","osmId":"way/422771397"},"geometry":{"type":"Polygon","coordinates":[[[121.575416,31.198204],[121.576292,31.198343],[121.577435,31.196745],[121.577429,31.19662],[121.576443,31.196285],[121.575984,31.196946],[121.575416,31.198204]]]}},{"type":"Feature","properties":{"kind":"waterway","osmId":"way/422771398","name":"三八河"},"geometry":{"type":"LineString","coordinates":[[121.573777,31.203304],[121.573882,31.202561],[121.574416,31.202251],[121.574661,31.201026],[121.574524,31.199965],[121.574711,31.199472],[121.575635,31.197446],[121.57701,31.195136]]}},{"type":"Feature","properties":{"kind":"park","osmId":"way/422771399"},"geometry":{"type":"Polygon","coordinates":[[[121.574606,31.210717],[121.574885,31.210737],[121.574941,31.209665],[121.575366,31.206531],[121.574679,31.206439],[121.574498,31.208204],[121.574127,31.208145],[121.574103,31.208292],[121.573899,31.208245],[121.573801,31.208983],[121.574394,31.20904],[121.574306,31.209891],[121.574484,31.209904],[121.574431,31.21043],[121.574638,31.210446],[121.574606,31.210717]]]}},{"type":"Feature","properties":{"kind":"park","osmId":"way/422771400"},"geometry":{"type":"Polygon","coordinates":[[[121.574216,31.206146],[121.575113,31.206266],[121.575409,31.204303],[121.575633,31.20433],[121.575753,31.203713],[121.574941,31.203646],[121.574913,31.203569],[121.574225,31.203469],[121.573972,31.205572],[121.574273,31.205612],[121.574216,31.206146]]]}},{"type":"Feature","properties":{"kind":"park","osmId":"way/422771401"},"geometry":{"type":"Polygon","coordinates":[[[121.57722,31.195265],[121.577729,31.195949],[121.578136,31.196219],[121.578631,31.196361],[121.580607,31.196549],[121.580669,31.196249],[121.577771,31.195448],[121.57722,31.195136],[121.57722,31.195265]]]}},{"type":"Feature","properties":{"kind":"park","osmId":"way/422771402"},"geometry":{"type":"Polygon","coordinates":[[[121.577984,31.183981],[121.57881,31.184169],[121.579168,31.183303],[121.579395,31.183374],[121.584779,31.175092],[121.583712,31.174621],[121.583203,31.174933],[121.582803,31.174839],[121.5825,31.175204],[121.582907,31.175511],[121.580566,31.178638],[121.581,31.178898],[121.580208,31.179987],[121.579822,31.17984],[121.57921,31.180759],[121.578514,31.182137],[121.578418,31.182161],[121.577984,31.183981]]]}},{"type":"Feature","properties":{"kind":"road","osmId":"way/423119844","name":"Jinke Road","roadClass":"primary"},"geometry":{"type":"LineString","coordinates":[[121.594354,31.224747],[121.594845,31.220077]]}},{"type":"Feature","properties":{"kind":"road","osmId":"way/425957242","name":"Inner Ring Road","roadClass":"trunk"},"geometry":{"type":"LineString","coordinates":[[121.565652,31.208248],[121.566293,31.208463]]}},{"type":"Feature","properties":{"kind":"road","osmId":"way/425957244","name":"Inner Ring Road","roadClass":"trunk"},"geometry":{"type":"LineString","coordinates":[[121.566658,31.209137],[121.565203,31.208382]]}},{"type":"Feature","properties":{"kind":"road","osmId":"way/425957245","name":"Inner Ring Road","roadClass":"trunk"},"geometry":{"type":"LineString","coordinates":[[121.568319,31.219511],[121.569223,31.215739]]}},{"type":"Feature","properties":{"kind":"road","osmId":"way/425957247","name":"Longyang Road","roadClass":"primary"},"geometry":{"type":"LineString","coordinates":[[121.568131,31.208839],[121.57064,31.20994]]}},{"type":"Feature","properties":{"kind":"road","osmId":"way/425957250","name":"Luoshan Elevated Road","roadClass":"trunk"},"geometry":{"type":"LineString","coordinates":[[121.572543,31.202875],[121.572424,31.203372]]}},{"type":"Feature","properties":{"kind":"road","osmId":"way/425957254","name":"Luoshan Road","roadClass":"primary"},"geometry":{"type":"LineString","coordinates":[[121.580466,31.175039],[121.579185,31.17822],[121.578244,31.181806]]}},{"type":"Feature","properties":{"kind":"road","osmId":"way/425957255","name":"Luoshan Road","roadClass":"primary"},"geometry":{"type":"LineString","coordinates":[[121.568777,31.2168],[121.568959,31.216016]]}},{"type":"Feature","properties":{"kind":"road","osmId":"way/425957256","name":"Luoshan Road","roadClass":"primary"},"geometry":{"type":"LineString","coordinates":[[121.570794,31.208349],[121.570978,31.207555]]}},{"type":"Feature","properties":{"kind":"road","osmId":"way/425957259","name":"Luoshan Road","roadClass":"primary"},"geometry":{"type":"LineString","coordinates":[[121.572811,31.202467],[121.572746,31.202724]]}},{"type":"Feature","properties":{"kind":"road","osmId":"way/425957260","name":"Luoshan Road","roadClass":"primary"},"geometry":{"type":"LineString","coordinates":[[121.576406,31.186498],[121.576442,31.186186]]}},{"type":"Feature","properties":{"kind":"road","osmId":"way/425957261","name":"Luoshan Road","roadClass":"primary"},"geometry":{"type":"LineString","coordinates":[[121.574445,31.19702],[121.574281,31.197452]]}},{"type":"Feature","properties":{"kind":"road","osmId":"way/425957263","name":"Luoshan Road","roadClass":"primary"},"geometry":{"type":"LineString","coordinates":[[121.571529,31.209072],[121.571722,31.21021]]}},{"type":"Feature","properties":{"kind":"road","osmId":"way/425957264","name":"Luoshan Road","roadClass":"primary"},"geometry":{"type":"LineString","coordinates":[[121.568647,31.217509],[121.568777,31.2168]]}},{"type":"Feature","properties":{"kind":"road","osmId":"way/425957265","name":"Luoshan Road","roadClass":"primary"},"geometry":{"type":"LineString","coordinates":[[121.571547,31.207491],[121.5715,31.20832]]}},{"type":"Feature","properties":{"kind":"road","osmId":"way/425957271","name":"Longdong Elevated Road","roadClass":"trunk"},"geometry":{"type":"LineString","coordinates":[[121.581227,31.214325],[121.575897,31.213024],[121.573655,31.212243]]}},{"type":"Feature","properties":{"kind":"road","osmId":"way/431108280","name":"Middle Ring Road","roadClass":"trunk"},"geometry":{"type":"LineString","coordinates":[[121.6188,31.189858],[121.618946,31.190783]]}},{"type":"Feature","properties":{"kind":"road","osmId":"way/431108284","name":"中环路","roadClass":"trunk"},"geometry":{"type":"LineString","coordinates":[[121.614914,31.182918],[121.616165,31.183718],[121.617289,31.18489]]}},{"type":"Feature","properties":{"kind":"road","osmId":"way/436738636","roadClass":"residential"},"geometry":{"type":"LineString","coordinates":[[121.633836,31.218672],[121.633992,31.218686]]}},{"type":"Feature","properties":{"kind":"road","osmId":"way/439689517","roadClass":"residential"},"geometry":{"type":"LineString","coordinates":[[121.584597,31.179309],[121.587018,31.18015],[121.589122,31.180627],[121.591569,31.18097],[121.59288,31.180952]]}},{"type":"Feature","properties":{"kind":"road","osmId":"way/439689520","roadClass":"residential"},"geometry":{"type":"LineString","coordinates":[[121.589809,31.177422],[121.589233,31.177204],[121.588607,31.176808]]}},{"type":"Feature","properties":{"kind":"road","osmId":"way/439689522","roadClass":"residential"},"geometry":{"type":"LineString","coordinates":[[121.590212,31.177506],[121.591447,31.17746]]}},{"type":"Feature","properties":{"kind":"road","osmId":"way/439689523","roadClass":"residential"},"geometry":{"type":"LineString","coordinates":[[121.592806,31.180955],[121.592277,31.179843],[121.591447,31.17746]]}},{"type":"Feature","properties":{"kind":"road","osmId":"way/461615240","name":"Longyang Road","roadClass":"primary"},"geometry":{"type":"LineString","coordinates":[[121.56576,31.20815],[121.567454,31.20859]]}},{"type":"Feature","properties":{"kind":"road","osmId":"way/461639462","roadClass":"residential"},"geometry":{"type":"LineString","coordinates":[[121.588467,31.176675],[121.5854,31.179646]]}},{"type":"Feature","properties":{"kind":"road","osmId":"way/461639465","roadClass":"residential"},"geometry":{"type":"LineString","coordinates":[[121.588671,31.176854],[121.586522,31.179001]]}},{"type":"Feature","properties":{"kind":"road","osmId":"way/461639471","roadClass":"residential"},"geometry":{"type":"LineString","coordinates":[[121.590427,31.176111],[121.59049,31.175766]]}},{"type":"Feature","properties":{"kind":"road","osmId":"way/461639472","name":"Keyuan Road","roadClass":"residential"},"geometry":{"type":"LineString","coordinates":[[121.590572,31.17578],[121.590476,31.175952]]}},{"type":"Feature","properties":{"kind":"waterway","osmId":"way/474843279"},"geometry":{"type":"LineString","coordinates":[[121.626755,31.175525],[121.617525,31.172024]]}},{"type":"Feature","properties":{"kind":"waterway","osmId":"way/474843286"},"geometry":{"type":"LineString","coordinates":[[121.640429,31.185964],[121.63588,31.184144],[121.635236,31.184348],[121.633455,31.18411],[121.63176,31.183431],[121.631137,31.18288],[121.630987,31.182439],[121.630665,31.182109],[121.629834,31.182248],[121.629161,31.182164]]}},{"type":"Feature","properties":{"kind":"road","osmId":"way/474844553","roadClass":"residential"},"geometry":{"type":"LineString","coordinates":[[121.625269,31.206263],[121.623326,31.206286]]}},{"type":"Feature","properties":{"kind":"water","osmId":"way/511196136"},"geometry":{"type":"Polygon","coordinates":[[[121.568043,31.180348],[121.568085,31.180242],[121.572446,31.181771],[121.572599,31.181729],[121.572872,31.181325],[121.573381,31.180216],[121.573425,31.179606],[121.573281,31.179119],[121.573005,31.178635],[121.572435,31.178081],[121.571598,31.177574],[121.57048,31.176619],[121.569431,31.175623],[121.569549,31.175504],[121.571934,31.177601],[121.572768,31.178124],[121.573154,31.178205],[121.573473,31.178023],[121.573623,31.177684],[121.573682,31.177215],[121.574053,31.177381],[121.574173,31.177748],[121.57445,31.178106],[121.575125,31.178638],[121.575058,31.178735],[121.574388,31.178294],[121.574101,31.178264],[121.573948,31.178381],[121.573859,31.178836],[121.574071,31.179455],[121.576001,31.181122],[121.57591,31.181278],[121.573935,31.179609],[121.573744,31.179721],[121.57357,31.180318],[121.572854,31.181729],[121.572607,31.181869],[121.572183,31.181807],[121.568043,31.180348]]]}},{"type":"Feature","properties":{"kind":"water","osmId":"way/511196138"},"geometry":{"type":"Polygon","coordinates":[[[121.576735,31.184267],[121.581021,31.185045],[121.586627,31.186206],[121.5877,31.186325],[121.591269,31.187016],[121.591423,31.186596],[121.576874,31.183744],[121.576735,31.184267]]]}},{"type":"Feature","properties":{"kind":"water","osmId":"way/511196140"},"geometry":{"type":"Polygon","coordinates":[[[121.557535,31.185023],[121.565185,31.186321],[121.5664,31.182365],[121.562951,31.181647],[121.563104,31.18119],[121.57629,31.183673],[121.576595,31.183554],[121.576947,31.182174],[121.576253,31.181479],[121.57591,31.181278],[121.576001,31.181122],[121.576371,31.181323],[121.57716,31.182147],[121.576802,31.183581],[121.576874,31.183744],[121.576735,31.184267],[121.566883,31.182335],[121.566639,31.182317],[121.566569,31.182411],[121.566317,31.183276],[121.566365,31.183342],[121.565408,31.186374],[121.568066,31.186851],[121.568339,31.185536],[121.568441,31.185548],[121.568227,31.186892],[121.575595,31.188216],[121.575554,31.188285],[121.565376,31.186539],[121.564115,31.19055],[121.565078,31.191185],[121.56709,31.19155],[121.568983,31.193035],[121.570566,31.193305],[121.571617,31.193751],[121.571137,31.193762],[121.570252,31.19348],[121.569544,31.19342],[121.568801,31.193198],[121.566966,31.191789],[121.564904,31.191321],[121.564249,31.190981],[121.563064,31.190066],[121.562457,31.189799],[121.561194,31.189903],[121.560097,31.18982],[121.559035,31.190396],[121.557951,31.190251],[121.557581,31.190366],[121.556742,31.19088],[121.55484,31.190967],[121.554392,31.190853],[121.553724,31.19044],[121.552742,31.190373],[121.551868,31.189657],[121.550664,31.189375],[121.550114,31.188795],[121.549636,31.188574],[121.547898,31.188712],[121.546777,31.18831],[121.546496,31.188326],[121.545208,31.188863],[121.544666,31.189214],[121.544328,31.189894],[121.544248,31.190284],[121.544392,31.191166],[121.54413,31.192216],[121.543349,31.193776],[121.542996,31.193805],[121.543829,31.192217],[121.544076,31.19146],[121.543966,31.190227],[121.544039,31.189841],[121.544403,31.18904],[121.544811,31.18856],[121.544849,31.186973],[121.545063,31.187],[121.54512,31.187124],[121.545052,31.187941],[121.545136,31.188404],[121.545248,31.188508],[121.545616,31.188501],[121.545892,31.188115],[121.546836,31.188076],[121.547831,31.188496],[121.54972,31.188402],[121.550286,31.188649],[121.55059,31.189068],[121.550877,31.189245],[121.552034,31.189536],[121.552764,31.19018],[121.553974,31.19029],[121.554542,31.190697],[121.554872,31.190784],[121.556052,31.190742],[121.556661,31.190593],[121.557946,31.189951],[121.558928,31.190178],[121.559754,31.189634],[121.560119,31.189524],[121.561379,31.189632],[121.562591,31.189554],[121.562932,31.189657],[121.56379,31.190293],[121.5639,31.190288],[121.564842,31.187544],[121.565059,31.186438],[121.557606,31.185103],[121.557535,31.185023]]]}},{"type":"Feature","properties":{"kind":"water","osmId":"way/544336444","name":"诺贝尔湖"},"geometry":{"type":"Polygon","coordinates":[[[121.578833,31.20954],[121.578943,31.209532],[121.578991,31.209323],[121.579162,31.209208],[121.579132,31.208778],[121.578978,31.208563],[121.578745,31.208523],[121.578664,31.208629],[121.578367,31.208458],[121.578518,31.208272],[121.578339,31.208263],[121.578339,31.208902],[121.578538,31.208948],[121.57873,31.20917],[121.57873,31.209304],[121.578619,31.209371],[121.578833,31.20954]]]}},{"type":"Feature","properties":{"kind":"water","osmId":"way/544336464"},"geometry":{"type":"Polygon","coordinates":[[[121.576972,31.209871],[121.57785,31.209483],[121.577776,31.209361],[121.576898,31.209749],[121.576972,31.209871]]]}},{"type":"Feature","properties":{"kind":"waterway","osmId":"way/546230711","name":"王家浜"},"geometry":{"type":"LineString","coordinates":[[121.579201,31.203775],[121.580284,31.20397],[121.580416,31.204241],[121.58027,31.204961],[121.580157,31.205062],[121.579768,31.205077],[121.579655,31.205397],[121.578983,31.205482],[121.579104,31.205712],[121.579057,31.205953],[121.578877,31.206081],[121.578831,31.206257],[121.578848,31.206807]]}},{"type":"Feature","properties":{"kind":"park","osmId":"way/572828068","name":"操场"},"geometry":{"type":"Polygon","coordinates":[[[121.585157,31.203667],[121.585309,31.202418],[121.585807,31.20225],[121.586102,31.20236],[121.586261,31.202534],[121.586285,31.202757],[121.586197,31.203516],[121.586102,31.203687],[121.585692,31.203846],[121.585157,31.203667]]]}},{"type":"Feature","properties":{"kind":"road","osmId":"way/587641173","roadClass":"residential"},"geometry":{"type":"LineString","coordinates":[[121.594795,31.181133],[121.594647,31.179683],[121.594452,31.178811]]}},{"type":"Feature","properties":{"kind":"road","osmId":"way/587641177","roadClass":"residential"},"geometry":{"type":"LineString","coordinates":[[121.594462,31.177583],[121.594005,31.177514],[121.5923,31.177992],[121.591885,31.177967]]}},{"type":"Feature","properties":{"kind":"park","osmId":"way/587641184"},"geometry":{"type":"Polygon","coordinates":[[[121.587362,31.178157],[121.588328,31.177203],[121.588763,31.177465],[121.588536,31.177906],[121.588669,31.177973],[121.588155,31.178636],[121.587362,31.178157]]]}},{"type":"Feature","properties":{"kind":"park","osmId":"way/587643562"},"geometry":{"type":"Polygon","coordinates":[[[121.590452,31.178411],[121.590436,31.17818],[121.591214,31.178162],[121.591499,31.178849],[121.591127,31.179001],[121.590472,31.178971],[121.590372,31.178855],[121.590452,31.178411]]]}},{"type":"Feature","properties":{"kind":"park","osmId":"way/587643573"},"geometry":{"type":"Polygon","coordinates":[[[121.587022,31.178614],[121.587247,31.178348],[121.587473,31.178488],[121.587248,31.178754],[121.587022,31.178614]]]}},{"type":"Feature","properties":{"kind":"park","osmId":"way/587643574"},"geometry":{"type":"Polygon","coordinates":[[[121.587091,31.176432],[121.587653,31.17576],[121.588186,31.175554],[121.590022,31.175785],[121.590476,31.175952],[121.590427,31.176111],[121.58859,31.176208],[121.58838,31.176416],[121.588364,31.176582],[121.588467,31.176675],[121.587154,31.177982],[121.586865,31.177744],[121.587742,31.176745],[121.587091,31.176432]]]}},{"type":"Feature","properties":{"kind":"road","osmId":"way/587643800","roadClass":"residential"},"geometry":{"type":"LineString","coordinates":[[121.592,31.181003],[121.592357,31.181785]]}},{"type":"Feature","properties":{"kind":"park","osmId":"way/587646026"},"geometry":{"type":"Polygon","coordinates":[[[121.590896,31.175209],[121.591022,31.174753],[121.59741,31.176193],[121.597429,31.176521],[121.5972,31.177089],[121.597064,31.177085],[121.596891,31.177249],[121.596718,31.177213],[121.59648,31.177393],[121.596653,31.177617],[121.596582,31.177934],[121.59596,31.177345],[121.595586,31.176777],[121.594721,31.176109],[121.594225,31.175969],[121.592593,31.175933],[121.590798,31.175661],[121.590896,31.175209]]]}},{"type":"Feature","properties":{"kind":"park","osmId":"way/587646027"},"geometry":{"type":"Polygon","coordinates":[[[121.596969,31.178129],[121.596962,31.177945],[121.597068,31.177816],[121.597863,31.177871],[121.597821,31.178352],[121.597663,31.178377],[121.596969,31.178129]]]}},{"type":"Feature","properties":{"kind":"park","osmId":"way/587646028"},"geometry":{"type":"Polygon","coordinates":[[[121.597843,31.177538],[121.597396,31.177425],[121.597692,31.176283],[121.59784,31.176297],[121.597904,31.176412],[121.597843,31.177538]]]}},{"type":"Feature","properties":{"kind":"park","osmId":"way/587646029"},"geometry":{"type":"Polygon","coordinates":[[[121.578963,31.184091],[121.579211,31.18343],[121.579395,31.183374],[121.584086,31.176612],[121.585481,31.174764],[121.586449,31.174602],[121.587328,31.174883],[121.590356,31.175402],[121.590328,31.175576],[121.587948,31.175332],[121.586709,31.176665],[121.581084,31.183396],[121.581359,31.183866],[121.583067,31.184156],[121.588117,31.18548],[121.588009,31.185921],[121.578963,31.184091]]]}},{"type":"Feature","properties":{"kind":"road","osmId":"way/587651700","roadClass":"residential"},"geometry":{"type":"LineString","coordinates":[[121.594005,31.177514],[121.594051,31.177175]]}},{"type":"Feature","properties":{"kind":"park","osmId":"way/587651703"},"geometry":{"type":"Polygon","coordinates":[[[121.590016,31.181146],[121.590058,31.180957],[121.590534,31.181034],[121.590492,31.181223],[121.590016,31.181146]]]}},{"type":"Feature","properties":{"kind":"water","osmId":"way/587653789"},"geometry":{"type":"Polygon","coordinates":[[[121.588653,31.182479],[121.588677,31.182398],[121.588965,31.18247],[121.588953,31.18254],[121.588653,31.182479]]]}},{"type":"Feature","properties":{"kind":"park","osmId":"way/587660431"},"geometry":{"type":"Polygon","coordinates":[[[121.589586,31.180626],[121.589618,31.180487],[121.591743,31.180743],[121.591715,31.180842],[121.589586,31.180626]]]}},{"type":"Feature","properties":{"kind":"park","osmId":"way/587660432"},"geometry":{"type":"Polygon","coordinates":[[[121.592075,31.180871],[121.592089,31.180753],[121.59266,31.180794],[121.592717,31.180919],[121.592075,31.180871]]]}},{"type":"Feature","properties":{"kind":"park","osmId":"way/587660433"},"geometry":{"type":"Polygon","coordinates":[[[121.586393,31.179913],[121.586457,31.179747],[121.586502,31.179855],[121.589125,31.180459],[121.589089,31.180548],[121.586393,31.179913]]]}},{"type":"Feature","properties":{"kind":"park","osmId":"way/587660435"},"geometry":{"type":"Polygon","coordinates":[[[121.588733,31.177582],[121.588763,31.177465],[121.589691,31.177919],[121.588733,31.177582]]]}},{"type":"Feature","properties":{"kind":"park","osmId":"way/587662293"},"geometry":{"type":"Polygon","coordinates":[[[121.595197,31.180837],[121.594933,31.180863],[121.595929,31.178934],[121.596101,31.178659],[121.596241,31.178718],[121.595197,31.180837]]]}},{"type":"Feature","properties":{"kind":"park","osmId":"way/587662295"},"geometry":{"type":"Polygon","coordinates":[[[121.596101,31.178659],[121.596398,31.178089],[121.596515,31.178153],[121.596241,31.178718],[121.596101,31.178659]]]}},{"type":"Feature","properties":{"kind":"road","osmId":"way/587663181","name":"Huanke Road","roadClass":"residential"},"geometry":{"type":"LineString","coordinates":[[121.605116,31.180078],[121.603436,31.179462],[121.60129,31.17888],[121.598876,31.178519],[121.598125,31.178504]]}},{"type":"Feature","properties":{"kind":"road","osmId":"way/587663182","roadClass":"residential"},"geometry":{"type":"LineString","coordinates":[[121.598129,31.178456],[121.600214,31.178649],[121.602147,31.179019]]}},{"type":"Feature","properties":{"kind":"park","osmId":"way/587663183"},"geometry":{"type":"Polygon","coordinates":[[[121.598342,31.17837],[121.598446,31.176763],[121.598519,31.17662],[121.598676,31.176611],[121.605595,31.179165],[121.605157,31.179897],[121.60213,31.178808],[121.599615,31.178379],[121.598342,31.17837]]]}},{"type":"Feature","properties":{"kind":"park","osmId":"way/587687795"},"geometry":{"type":"Polygon","coordinates":[[[121.585649,31.174315],[121.585989,31.173767],[121.58693,31.173878],[121.589241,31.174329],[121.589217,31.174461],[121.588236,31.174225],[121.587968,31.174641],[121.590432,31.17508],[121.5904,31.175196],[121.587384,31.174683],[121.5865,31.174322],[121.585649,31.174315]]]}},{"type":"Feature","properties":{"kind":"park","osmId":"way/587687796"},"geometry":{"type":"Polygon","coordinates":[[[121.590282,31.17505],[121.59042,31.174545],[121.590549,31.174651],[121.590432,31.17508],[121.590282,31.17505]]]}},{"type":"Feature","properties":{"kind":"park","osmId":"way/587693585"},"geometry":{"type":"Polygon","coordinates":[[[121.585468,31.179636],[121.585859,31.179253],[121.586344,31.179443],[121.586311,31.179706],[121.586457,31.179747],[121.586393,31.179913],[121.585468,31.179636]]]}},{"type":"Feature","properties":{"kind":"park","osmId":"way/587693586"},"geometry":{"type":"Polygon","coordinates":[[[121.594192,31.177974],[121.593989,31.17764],[121.594457,31.177655],[121.594448,31.177828],[121.594192,31.177974]]]}},{"type":"Feature","properties":{"kind":"park","osmId":"way/587693587"},"geometry":{"type":"Polygon","coordinates":[[[121.594461,31.178155],[121.594457,31.177655],[121.595513,31.17766],[121.595761,31.177487],[121.595951,31.177696],[121.595627,31.17789],[121.595352,31.177709],[121.594915,31.177715],[121.594689,31.177844],[121.594691,31.177996],[121.594461,31.178155]]]}},{"type":"Feature","properties":{"kind":"park","osmId":"way/587693589"},"geometry":{"type":"Polygon","coordinates":[[[121.595692,31.179013],[121.595708,31.178098],[121.595627,31.17789],[121.595951,31.177696],[121.596023,31.177767],[121.595753,31.178337],[121.596088,31.1787],[121.595655,31.179354],[121.59514,31.179357],[121.595129,31.179292],[121.595456,31.179239],[121.595692,31.179013]]]}},{"type":"Feature","properties":{"kind":"water","osmId":"way/587788873"},"geometry":{"type":"Polygon","coordinates":[[[121.589525,31.181184],[121.589499,31.181285],[121.589417,31.181269],[121.58946,31.181101],[121.589596,31.181126],[121.589525,31.181184]]]}},{"type":"Feature","properties":{"kind":"park","osmId":"way/587788874"},"geometry":{"type":"Polygon","coordinates":[[[121.592357,31.181785],[121.592,31.181003],[121.592806,31.180955],[121.593031,31.18159],[121.592357,31.181785]]]}},{"type":"Feature","properties":{"kind":"park","osmId":"way/587788876"},"geometry":{"type":"Polygon","coordinates":[[[121.593031,31.18159],[121.592981,31.181443],[121.593309,31.181362],[121.593358,31.18151],[121.593031,31.18159]]]}},{"type":"Feature","properties":{"kind":"park","osmId":"way/587789228"},"geometry":{"type":"Polygon","coordinates":[[[121.591516,31.181467],[121.591594,31.181109],[121.592038,31.181151],[121.592134,31.181515],[121.591516,31.181467]]]}},{"type":"Feature","properties":{"kind":"park","osmId":"way/587789230"},"geometry":{"type":"Polygon","coordinates":[[[121.59097,31.179803],[121.590951,31.179665],[121.591474,31.179613],[121.591442,31.179377],[121.591581,31.179363],[121.591631,31.179738],[121.59097,31.179803]]]}},{"type":"Feature","properties":{"kind":"park","osmId":"way/587851984"},"geometry":{"type":"Polygon","coordinates":[[[121.596232,31.205901],[121.596592,31.205731],[121.596506,31.205401],[121.596532,31.204924],[121.596704,31.204938],[121.596688,31.20486],[121.596259,31.204878],[121.596173,31.205819],[121.596232,31.205901]]]}},{"type":"Feature","properties":{"kind":"park","osmId":"way/587851985"},"geometry":{"type":"Polygon","coordinates":[[[121.596436,31.206346],[121.59694,31.206039],[121.597879,31.206227],[121.597723,31.206576],[121.596436,31.206346]]]}},{"type":"Feature","properties":{"kind":"road","osmId":"way/587851988","roadClass":"residential"},"geometry":{"type":"LineString","coordinates":[[121.596144,31.204837],[121.597847,31.204938],[121.59821,31.204736]]}},{"type":"Feature","properties":{"kind":"park","osmId":"way/587851989"},"geometry":{"type":"Polygon","coordinates":[[[121.597981,31.206612],[121.598029,31.206305],[121.599582,31.206598],[121.599483,31.206911],[121.597981,31.206612]]]}},{"type":"Feature","properties":{"kind":"road","osmId":"way/598329309","name":"Gaomuqiao Road","roadClass":"residential"},"geometry":{"type":"LineString","coordinates":[[121.630601,31.185684],[121.629122,31.18539]]}},{"type":"Feature","properties":{"kind":"road","osmId":"way/598329310","name":"Sunyao Road","roadClass":"residential"},"geometry":{"type":"LineString","coordinates":[[121.630601,31.185684],[121.6301,31.187615]]}},{"type":"Feature","properties":{"kind":"road","osmId":"way/598329311","name":"Sunjian Road","roadClass":"residential"},"geometry":{"type":"LineString","coordinates":[[121.632431,31.184192],[121.634128,31.184679]]}},{"type":"Feature","properties":{"kind":"water","osmId":"way/604125533","name":"川杨河"},"geometry":{"type":"Polygon","coordinates":[[[121.591269,31.187016],[121.703901,31.20836],[121.753112,31.217585],[121.757491,31.218523],[121.759947,31.218956],[121.759967,31.218834],[121.760432,31.218821],[121.760502,31.218552],[121.760096,31.218399],[121.760107,31.218247],[121.74492,31.215511],[121.697228,31.206587],[121.59232,31.186748],[121.591423,31.186596],[121.591269,31.187016]]]}},{"type":"Feature","properties":{"kind":"park","osmId":"way/656941510"},"geometry":{"type":"Polygon","coordinates":[[[121.622792,31.212008],[121.622778,31.209827],[121.623516,31.209757],[121.623605,31.209816],[121.623592,31.211997],[121.622792,31.212008]]]}},{"type":"Feature","properties":{"kind":"park","osmId":"way/659571665"},"geometry":{"type":"Polygon","coordinates":[[[121.616253,31.223007],[121.616255,31.222889],[121.616077,31.222887],[121.616076,31.223005],[121.616253,31.223007]]]}},{"type":"Feature","properties":{"kind":"park","osmId":"way/659571668"},"geometry":{"type":"Polygon","coordinates":[[[121.616409,31.222859],[121.616556,31.22297],[121.616901,31.222984],[121.617168,31.222804],[121.617232,31.221402],[121.616267,31.221398],[121.616255,31.222857],[121.616409,31.222859]]]}},{"type":"Feature","properties":{"kind":"park","osmId":"way/659571681"},"geometry":{"type":"Polygon","coordinates":[[[121.613566,31.221675],[121.614163,31.22168],[121.614319,31.221658],[121.61432,31.221575],[121.613984,31.221572],[121.613986,31.221434],[121.613569,31.22143],[121.613566,31.221675]]]}},{"type":"Feature","properties":{"kind":"park","osmId":"way/659571683"},"geometry":{"type":"Polygon","coordinates":[[[121.616057,31.222692],[121.616254,31.222694],[121.616267,31.221563],[121.61607,31.221561],[121.616057,31.222692]]]}},{"type":"Feature","properties":{"kind":"road","osmId":"way/659581502","roadClass":"residential"},"geometry":{"type":"LineString","coordinates":[[121.616854,31.22101],[121.616854,31.220834]]}},{"type":"Feature","properties":{"kind":"road","osmId":"way/659581503","roadClass":"residential"},"geometry":{"type":"LineString","coordinates":[[121.616949,31.220833],[121.616949,31.22101]]}},{"type":"Feature","properties":{"kind":"park","osmId":"way/659581513"},"geometry":{"type":"Polygon","coordinates":[[[121.613592,31.222926],[121.613975,31.222927],[121.613976,31.222664],[121.613593,31.222663],[121.613592,31.222926]]]}},{"type":"Feature","properties":{"kind":"road","osmId":"way/659581548","roadClass":"residential"},"geometry":{"type":"LineString","coordinates":[[121.618376,31.218997],[121.618224,31.218995]]}},{"type":"Feature","properties":{"kind":"road","osmId":"way/670627548","name":"创想园内道路","roadClass":"residential"},"geometry":{"type":"LineString","coordinates":[[121.613247,31.198728],[121.613646,31.1977],[121.613212,31.197548],[121.613321,31.197256]]}},{"type":"Feature","properties":{"kind":"road","osmId":"way/670627549","name":"创想园内道路","roadClass":"residential"},"geometry":{"type":"LineString","coordinates":[[121.613423,31.198249],[121.612692,31.198074]]}},{"type":"Feature","properties":{"kind":"road","osmId":"way/670627550","name":"创想园内道路","roadClass":"residential"},"geometry":{"type":"LineString","coordinates":[[121.613212,31.197548],[121.612993,31.198146]]}},{"type":"Feature","properties":{"kind":"road","osmId":"way/670627815","name":"创想园内道路","roadClass":"residential"},"geometry":{"type":"LineString","coordinates":[[121.613646,31.1977],[121.614162,31.19787]]}},{"type":"Feature","properties":{"kind":"road","osmId":"way/670627816","name":"创想园内道路","roadClass":"residential"},"geometry":{"type":"LineString","coordinates":[[121.613545,31.19795],[121.61386,31.198053]]}},{"type":"Feature","properties":{"kind":"road","osmId":"way/670627817","name":"创想园内道路","roadClass":"residential"},"geometry":{"type":"LineString","coordinates":[[121.613121,31.197797],[121.61282,31.197715]]}},{"type":"Feature","properties":{"kind":"road","osmId":"way/690698964","roadClass":"residential"},"geometry":{"type":"LineString","coordinates":[[121.621573,31.214802],[121.621578,31.215793]]}},{"type":"Feature","properties":{"kind":"road","osmId":"way/690698965","roadClass":"residential"},"geometry":{"type":"LineString","coordinates":[[121.621578,31.215793],[121.62194,31.215985]]}},{"type":"Feature","properties":{"kind":"road","osmId":"way/690698966","roadClass":"residential"},"geometry":{"type":"LineString","coordinates":[[121.62194,31.215985],[121.622531,31.215982]]}},{"type":"Feature","properties":{"kind":"road","osmId":"way/690698967","roadClass":"residential"},"geometry":{"type":"LineString","coordinates":[[121.623308,31.213915],[121.622873,31.214302],[121.622864,31.216002],[121.622531,31.215982]]}},{"type":"Feature","properties":{"kind":"road","osmId":"way/690698968","roadClass":"residential"},"geometry":{"type":"LineString","coordinates":[[121.621573,31.214802],[121.622539,31.214772]]}},{"type":"Feature","properties":{"kind":"road","osmId":"way/690698970","roadClass":"residential"},"geometry":{"type":"LineString","coordinates":[[121.622531,31.215982],[121.622539,31.214772]]}},{"type":"Feature","properties":{"kind":"road","osmId":"way/690698971","roadClass":"residential"},"geometry":{"type":"LineString","coordinates":[[121.62194,31.215985],[121.621936,31.214771]]}},{"type":"Feature","properties":{"kind":"road","osmId":"way/712189229","name":"Beiye Road","roadClass":"tertiary"},"geometry":{"type":"LineString","coordinates":[[121.56975,31.181859],[121.570218,31.182116],[121.574074,31.182839],[121.574791,31.182787]]}},{"type":"Feature","properties":{"kind":"road","osmId":"way/712189230","name":"East Huanye Road","roadClass":"tertiary"},"geometry":{"type":"LineString","coordinates":[[121.576933,31.176698],[121.576513,31.177438],[121.574893,31.179019],[121.57439,31.179646]]}},{"type":"Feature","properties":{"kind":"road","osmId":"way/712189231","name":"West Huanye Road","roadClass":"tertiary"},"geometry":{"type":"LineString","coordinates":[[121.572653,31.181533],[121.571782,31.181112],[121.57139,31.180567],[121.571253,31.179031],[121.5714,31.177463]]}},{"type":"Feature","properties":{"kind":"road","osmId":"way/723028835","name":"Maochun Road","roadClass":"residential"},"geometry":{"type":"LineString","coordinates":[[121.618768,31.174008],[121.622858,31.175532]]}},{"type":"Feature","properties":{"kind":"road","osmId":"way/723300174","roadClass":"residential"},"geometry":{"type":"LineString","coordinates":[[121.625942,31.218924],[121.626635,31.219536],[121.627514,31.219877],[121.628846,31.220171],[121.631592,31.220289],[121.633768,31.219977]]}},{"type":"Feature","properties":{"kind":"road","osmId":"way/723300175","roadClass":"residential"},"geometry":{"type":"LineString","coordinates":[[121.625852,31.218937],[121.626012,31.218831],[121.625913,31.21871],[121.625744,31.218795],[121.625852,31.218937]]}},{"type":"Feature","properties":{"kind":"road","osmId":"way/723300176","roadClass":"residential"},"geometry":{"type":"LineString","coordinates":[[121.626008,31.218792],[121.627627,31.218719]]}},{"type":"Feature","properties":{"kind":"road","osmId":"way/723300177","roadClass":"residential"},"geometry":{"type":"LineString","coordinates":[[121.62575,31.218864],[121.624848,31.219263]]}},{"type":"Feature","properties":{"kind":"waterway","osmId":"way/727312433"},"geometry":{"type":"LineString","coordinates":[[121.565486,31.188344],[121.570277,31.188539],[121.573955,31.189093],[121.57161,31.193915]]}},{"type":"Feature","properties":{"kind":"road","osmId":"way/727312434","name":"Huazhong Road","roadClass":"unclassified"},"geometry":{"type":"LineString","coordinates":[[121.573225,31.191033],[121.573697,31.191109],[121.573969,31.190694],[121.574959,31.190908]]}},{"type":"Feature","properties":{"kind":"road","osmId":"way/727312435","name":"Huazhong Road","roadClass":"unclassified"},"geometry":{"type":"LineString","coordinates":[[121.572948,31.190957],[121.573225,31.191033]]}},{"type":"Feature","properties":{"kind":"road","osmId":"way/727312436","roadClass":"residential"},"geometry":{"type":"LineString","coordinates":[[121.566922,31.188289],[121.56687,31.18856]]}},{"type":"Feature","properties":{"kind":"road","osmId":"way/727312437","roadClass":"residential"},"geometry":{"type":"LineString","coordinates":[[121.56687,31.18856],[121.566732,31.189717],[121.566418,31.190554],[121.567211,31.190814]]}},{"type":"Feature","properties":{"kind":"waterway","osmId":"way/727312438"},"geometry":{"type":"LineString","coordinates":[[121.567838,31.188389],[121.568125,31.186944]]}},{"type":"Feature","properties":{"kind":"road","osmId":"way/766894149","name":"Jingang Road","roadClass":"tertiary"},"geometry":{"type":"LineString","coordinates":[[121.612613,31.234866],[121.612533,31.22358],[121.612606,31.223232]]}},{"type":"Feature","properties":{"kind":"waterway","osmId":"way/766894150"},"geometry":{"type":"LineString","coordinates":[[121.613089,31.231129],[121.613046,31.225235],[121.614139,31.222983]]}},{"type":"Feature","properties":{"kind":"road","osmId":"way/832289367","roadClass":"residential"},"geometry":{"type":"LineString","coordinates":[[121.59224,31.181486],[121.593014,31.181254]]}},{"type":"Feature","properties":{"kind":"road","osmId":"way/832289368","roadClass":"residential"},"geometry":{"type":"LineString","coordinates":[[121.593104,31.181228],[121.593512,31.181147]]}},{"type":"Feature","properties":{"kind":"road","osmId":"way/832289369","roadClass":"residential"},"geometry":{"type":"LineString","coordinates":[[121.593014,31.181254],[121.593104,31.181228]]}},{"type":"Feature","properties":{"kind":"road","osmId":"way/832289370","roadClass":"residential"},"geometry":{"type":"LineString","coordinates":[[121.593002,31.180953],[121.593511,31.181017],[121.593512,31.181147],[121.594795,31.181133]]}},{"type":"Feature","properties":{"kind":"road","osmId":"way/832289396","roadClass":"residential"},"geometry":{"type":"LineString","coordinates":[[121.591754,31.177934],[121.591617,31.177897]]}},{"type":"Feature","properties":{"kind":"road","osmId":"way/832289397","roadClass":"residential"},"geometry":{"type":"LineString","coordinates":[[121.591885,31.177967],[121.591754,31.177934]]}},{"type":"Feature","properties":{"kind":"water","osmId":"way/832289399"},"geometry":{"type":"Polygon","coordinates":[[[121.591479,31.177411],[121.591652,31.177857],[121.591874,31.177946],[121.591789,31.177241],[121.592178,31.177089],[121.592303,31.177175],[121.592198,31.176972],[121.592512,31.176853],[121.592634,31.17709],[121.592773,31.177028],[121.592523,31.176815],[121.59182,31.176896],[121.591587,31.177006],[121.591432,31.177257],[121.591479,31.177411]]]}},{"type":"Feature","properties":{"kind":"road","osmId":"way/832289403","roadClass":"residential"},"geometry":{"type":"LineString","coordinates":[[121.588535,31.176749],[121.58838,31.176416],[121.58859,31.176208],[121.590427,31.176111]]}},{"type":"Feature","properties":{"kind":"road","osmId":"way/832289404","roadClass":"residential"},"geometry":{"type":"LineString","coordinates":[[121.588607,31.176808],[121.588535,31.176749]]}},{"type":"Feature","properties":{"kind":"water","osmId":"way/832289412"},"geometry":{"type":"Polygon","coordinates":[[[121.59182,31.176896],[121.59219,31.176458],[121.592062,31.176272],[121.59243,31.176276],[121.592773,31.177028],[121.592523,31.176815],[121.59182,31.176896]]]}},{"type":"Feature","properties":{"kind":"road","osmId":"way/832289413","roadClass":"residential"},"geometry":{"type":"LineString","coordinates":[[121.592622,31.176069],[121.592845,31.17695],[121.593421,31.177104]]}},{"type":"Feature","properties":{"kind":"road","osmId":"way/832289414","roadClass":"residential"},"geometry":{"type":"LineString","coordinates":[[121.593626,31.177102],[121.59377,31.177091]]}},{"type":"Feature","properties":{"kind":"road","osmId":"way/832289415","roadClass":"residential"},"geometry":{"type":"LineString","coordinates":[[121.593421,31.177104],[121.593626,31.177102]]}},{"type":"Feature","properties":{"kind":"road","osmId":"way/832293985","name":"Huanke Road","roadClass":"residential"},"geometry":{"type":"LineString","coordinates":[[121.609285,31.182323],[121.611697,31.18404],[121.613101,31.184914],[121.615106,31.185852],[121.615895,31.186536],[121.617316,31.187372]]}},{"type":"Feature","properties":{"kind":"road","osmId":"way/832293986","name":"Huanke Road","roadClass":"residential"},"geometry":{"type":"LineString","coordinates":[[121.617316,31.187372],[121.61583,31.186597],[121.615037,31.185987],[121.61297,31.184905],[121.609278,31.182398]]}},{"type":"Feature","properties":{"kind":"road","osmId":"way/832293988","name":"Gebaini Road","roadClass":"tertiary"},"geometry":{"type":"LineString","coordinates":[[121.60906,31.184835],[121.609278,31.182398]]}},{"type":"Feature","properties":{"kind":"road","osmId":"way/832293989","name":"Gebaini Road","roadClass":"tertiary"},"geometry":{"type":"LineString","coordinates":[[121.608443,31.191586],[121.608751,31.188224]]}},{"type":"Feature","properties":{"kind":"road","osmId":"way/832293994","name":"Gebaini Road","roadClass":"tertiary"},"geometry":{"type":"LineString","coordinates":[[121.609421,31.181106],[121.609581,31.180458]]}},{"type":"Feature","properties":{"kind":"road","osmId":"way/832293995","name":"Gebaini Road","roadClass":"tertiary"},"geometry":{"type":"LineString","coordinates":[[121.609368,31.181595],[121.609421,31.181106]]}},{"type":"Feature","properties":{"kind":"road","osmId":"way/832325477","roadClass":"residential"},"geometry":{"type":"LineString","coordinates":[[121.59406,31.177094],[121.594068,31.177024]]}},{"type":"Feature","properties":{"kind":"road","osmId":"way/832325478","roadClass":"residential"},"geometry":{"type":"LineString","coordinates":[[121.594051,31.177175],[121.59406,31.177094]]}},{"type":"Feature","properties":{"kind":"road","osmId":"way/832336704","roadClass":"residential"},"geometry":{"type":"LineString","coordinates":[[121.594452,31.178811],[121.594471,31.178229]]}},{"type":"Feature","properties":{"kind":"road","osmId":"way/832336706","roadClass":"residential"},"geometry":{"type":"LineString","coordinates":[[121.594471,31.178229],[121.594462,31.177583],[121.595516,31.177618],[121.595775,31.177378]]}},{"type":"Feature","properties":{"kind":"park","osmId":"way/832336727"},"geometry":{"type":"Polygon","coordinates":[[[121.59064,31.181244],[121.590689,31.181029],[121.591471,31.181122],[121.59141,31.181356],[121.59064,31.181244]]]}},{"type":"Feature","properties":{"kind":"park","osmId":"way/832336728"},"geometry":{"type":"Polygon","coordinates":[[[121.59179,31.180819],[121.591846,31.180419],[121.592038,31.180477],[121.592003,31.180835],[121.59179,31.180819]]]}},{"type":"Feature","properties":{"kind":"park","osmId":"way/832336729"},"geometry":{"type":"Polygon","coordinates":[[[121.592137,31.181847],[121.592163,31.181519],[121.592347,31.181869],[121.592137,31.181847]]]}},{"type":"Feature","properties":{"kind":"road","osmId":"way/832336739","roadClass":"residential"},"geometry":{"type":"LineString","coordinates":[[121.593511,31.181017],[121.594827,31.181003]]}},{"type":"Feature","properties":{"kind":"road","osmId":"way/832431897","roadClass":"residential"},"geometry":{"type":"LineString","coordinates":[[121.585532,31.18166],[121.586255,31.180312],[121.586591,31.180428]]}},{"type":"Feature","properties":{"kind":"road","osmId":"way/832431899","roadClass":"residential"},"geometry":{"type":"LineString","coordinates":[[121.586005,31.180777],[121.586325,31.180906]]}},{"type":"Feature","properties":{"kind":"road","osmId":"way/832431900","roadClass":"residential"},"geometry":{"type":"LineString","coordinates":[[121.586591,31.180428],[121.58672,31.180063]]}},{"type":"Feature","properties":{"kind":"road","osmId":"way/832431901","roadClass":"residential"},"geometry":{"type":"LineString","coordinates":[[121.585819,31.181125],[121.584738,31.180681]]}},{"type":"Feature","properties":{"kind":"road","osmId":"way/832431902","roadClass":"residential"},"geometry":{"type":"LineString","coordinates":[[121.586005,31.180777],[121.58491,31.180343]]}},{"type":"Feature","properties":{"kind":"road","osmId":"way/832431903","roadClass":"residential"},"geometry":{"type":"LineString","coordinates":[[121.584534,31.180993],[121.58491,31.180343],[121.584897,31.180247],[121.58441,31.179972]]}},{"type":"Feature","properties":{"kind":"park","osmId":"way/832494773"},"geometry":{"type":"Polygon","coordinates":[[[121.602964,31.18289],[121.603313,31.182165],[121.603739,31.182304],[121.603384,31.183035],[121.602964,31.18289]]]}},{"type":"Feature","properties":{"kind":"park","osmId":"way/832494775"},"geometry":{"type":"Polygon","coordinates":[[[121.606421,31.184497],[121.606975,31.18381],[121.606645,31.183615],[121.60609,31.184302],[121.606421,31.184497]]]}},{"type":"Feature","properties":{"kind":"park","osmId":"way/832499520"},"geometry":{"type":"Polygon","coordinates":[[[121.594554,31.179364],[121.594466,31.178906],[121.594692,31.17903],[121.59469,31.179142],[121.59514,31.179357],[121.594554,31.179364]]]}},{"type":"Feature","properties":{"kind":"park","osmId":"way/833222371","name":"AI Loop"},"geometry":{"type":"Polygon","coordinates":[[[121.607912,31.189082],[121.60838,31.189166],[121.608489,31.189076],[121.608634,31.187634],[121.60856,31.187391],[121.6073,31.186533],[121.606709,31.186331],[121.604733,31.186206],[121.604637,31.186302],[121.60602,31.186404],[121.606865,31.186654],[121.607366,31.186925],[121.607604,31.187242],[121.60784,31.188043],[121.607912,31.189082]]]}},{"type":"Feature","properties":{"kind":"water","osmId":"way/833243652"},"geometry":{"type":"Polygon","coordinates":[[[121.589889,31.177871],[121.589936,31.177634],[121.590139,31.177678],[121.590065,31.177905],[121.589889,31.177871]]]}},{"type":"Feature","properties":{"kind":"water","osmId":"way/833243655"},"geometry":{"type":"Polygon","coordinates":[[[121.589987,31.177436],[121.590006,31.177363],[121.590234,31.177405],[121.590215,31.177479],[121.589987,31.177436]]]}},{"type":"Feature","properties":{"kind":"water","osmId":"way/833305478"},"geometry":{"type":"Polygon","coordinates":[[[121.589936,31.177634],[121.589987,31.177436],[121.590215,31.177479],[121.590139,31.177678],[121.589936,31.177634]]]}},{"type":"Feature","properties":{"kind":"road","osmId":"way/834080430","roadClass":"residential"},"geometry":{"type":"LineString","coordinates":[[121.567425,31.1869],[121.566922,31.188289]]}},{"type":"Feature","properties":{"kind":"road","osmId":"way/834080431","roadClass":"residential"},"geometry":{"type":"LineString","coordinates":[[121.567437,31.186759],[121.567425,31.1869]]}},{"type":"Feature","properties":{"kind":"road","osmId":"way/834178789","name":"West Huanye Road","roadClass":"residential"},"geometry":{"type":"LineString","coordinates":[[121.571467,31.177115],[121.571904,31.175504]]}},{"type":"Feature","properties":{"kind":"road","osmId":"way/834178790","name":"West Huanye Road","roadClass":"residential"},"geometry":{"type":"LineString","coordinates":[[121.5714,31.177463],[121.571467,31.177115]]}},{"type":"Feature","properties":{"kind":"road","osmId":"way/834178791","name":"West Huanye Road","roadClass":"tertiary"},"geometry":{"type":"LineString","coordinates":[[121.572941,31.18164],[121.572653,31.181533]]}},{"type":"Feature","properties":{"kind":"road","osmId":"way/834178792","name":"West Huanye Road","roadClass":"tertiary"},"geometry":{"type":"LineString","coordinates":[[121.573288,31.181765],[121.572941,31.18164]]}},{"type":"Feature","properties":{"kind":"road","osmId":"way/834855968","name":"Xiye Road","roadClass":"residential"},"geometry":{"type":"LineString","coordinates":[[121.570049,31.175859],[121.569888,31.176153]]}},{"type":"Feature","properties":{"kind":"road","osmId":"way/834855969","name":"Xiye Road","roadClass":"residential"},"geometry":{"type":"LineString","coordinates":[[121.570585,31.174903],[121.570049,31.175859]]}},{"type":"Feature","properties":{"kind":"road","osmId":"way/834856149","name":"Xiye Road","roadClass":"tertiary"},"geometry":{"type":"LineString","coordinates":[[121.56943,31.180717],[121.569425,31.180879]]}},{"type":"Feature","properties":{"kind":"road","osmId":"way/834856150","name":"Xiye Road","roadClass":"tertiary"},"geometry":{"type":"LineString","coordinates":[[121.569888,31.176153],[121.569641,31.176778],[121.569477,31.177625],[121.56943,31.180717]]}},{"type":"Feature","properties":{"kind":"road","osmId":"way/834857132","name":"Dongye Road","roadClass":"tertiary"},"geometry":{"type":"LineString","coordinates":[[121.575911,31.180983],[121.577056,31.178644],[121.576976,31.178336],[121.576818,31.178163],[121.576228,31.177765]]}},{"type":"Feature","properties":{"kind":"road","osmId":"way/834857133","name":"Dongye Road","roadClass":"tertiary"},"geometry":{"type":"LineString","coordinates":[[121.575773,31.181246],[121.575911,31.180983]]}},{"type":"Feature","properties":{"kind":"water","osmId":"way/835405576"},"geometry":{"type":"Polygon","coordinates":[[[121.58635,31.179227],[121.586476,31.179192],[121.586465,31.178965],[121.58675,31.178603],[121.586485,31.178802],[121.586421,31.17897],[121.586302,31.178984],[121.586239,31.179173],[121.58635,31.179227]]]}},{"type":"Feature","properties":{"kind":"water","osmId":"way/835405577"},"geometry":{"type":"Polygon","coordinates":[[[121.587213,31.178192],[121.587114,31.178114],[121.587187,31.178046],[121.587286,31.178124],[121.587213,31.178192]]]}},{"type":"Feature","properties":{"kind":"road","osmId":"way/842724901","roadClass":"residential"},"geometry":{"type":"LineString","coordinates":[[121.589958,31.177453],[121.590212,31.177506]]}},{"type":"Feature","properties":{"kind":"road","osmId":"way/842724902","roadClass":"residential"},"geometry":{"type":"LineString","coordinates":[[121.589809,31.177422],[121.589958,31.177453]]}},{"type":"Feature","properties":{"kind":"road","osmId":"way/866982565","roadClass":"primary"},"geometry":{"type":"LineString","coordinates":[[121.621089,31.222018],[121.62136,31.222738],[121.621367,31.22522],[121.621158,31.228664],[121.621066,31.228911]]}},{"type":"Feature","properties":{"kind":"road","osmId":"way/866982566","roadClass":"primary"},"geometry":{"type":"LineString","coordinates":[[121.620644,31.227394],[121.620543,31.222541],[121.620808,31.221823]]}},{"type":"Feature","properties":{"kind":"park","osmId":"way/867497155"},"geometry":{"type":"Polygon","coordinates":[[[121.590858,31.174001],[121.590115,31.172395],[121.59846,31.174169],[121.59832,31.174642],[121.597859,31.174875],[121.597616,31.17535],[121.593329,31.174373],[121.592259,31.173857],[121.591564,31.17371],[121.59134,31.173673],[121.591181,31.174053],[121.590858,31.174001]]]}},{"type":"Feature","properties":{"kind":"park","osmId":"way/867497156"},"geometry":{"type":"Polygon","coordinates":[[[121.602132,31.176962],[121.602389,31.176011],[121.609314,31.178676],[121.60923,31.178944],[121.609319,31.179115],[121.609973,31.179619],[121.609805,31.179863],[121.608843,31.179427],[121.602132,31.176962]]]}},{"type":"Feature","properties":{"kind":"park","osmId":"way/867497157"},"geometry":{"type":"Polygon","coordinates":[[[121.609963,31.179918],[121.610524,31.179147],[121.613989,31.180921],[121.613391,31.181673],[121.609963,31.179918]]]}},{"type":"Feature","properties":{"kind":"park","osmId":"way/867497158"},"geometry":{"type":"Polygon","coordinates":[[[121.613606,31.181772],[121.614166,31.181025],[121.616221,31.182064],[121.6156,31.182376],[121.614988,31.182392],[121.613606,31.181772]]]}},{"type":"Feature","properties":{"kind":"park","osmId":"way/867497159"},"geometry":{"type":"Polygon","coordinates":[[[121.619079,31.182811],[121.620602,31.182855],[121.620536,31.184745],[121.620172,31.184681],[121.620153,31.184557],[121.619686,31.184377],[121.619742,31.184006],[121.619079,31.182811]]]}},{"type":"Feature","properties":{"kind":"park","osmId":"way/868402102"},"geometry":{"type":"Polygon","coordinates":[[[121.59855,31.175692],[121.598716,31.174944],[121.599193,31.174788],[121.599375,31.174546],[121.599664,31.175133],[121.602219,31.175945],[121.601994,31.17689],[121.598748,31.175857],[121.59855,31.175692]]]}},{"type":"Feature","properties":{"kind":"road","osmId":"way/868402103","roadClass":"residential"},"geometry":{"type":"LineString","coordinates":[[121.602042,31.177092],[121.602371,31.175806]]}},{"type":"Feature","properties":{"kind":"road","osmId":"way/868402113","name":"Changfei Road","roadClass":"residential"},"geometry":{"type":"LineString","coordinates":[[121.604098,31.176469],[121.605957,31.172848]]}},{"type":"Feature","properties":{"kind":"road","osmId":"way/868402127","name":"Kehong Road","roadClass":"residential"},"geometry":{"type":"LineString","coordinates":[[121.606383,31.172017],[121.615069,31.175527],[121.616021,31.175791]]}},{"type":"Feature","properties":{"kind":"road","osmId":"way/868402132","name":"Kehong Road","roadClass":"residential"},"geometry":{"type":"LineString","coordinates":[[121.616032,31.175913],[121.613577,31.175052],[121.606309,31.172161]]}},{"type":"Feature","properties":{"kind":"road","osmId":"way/868402134","name":"Shengrong Road","roadClass":"residential"},"geometry":{"type":"LineString","coordinates":[[121.602964,31.172579],[121.601856,31.174752],[121.601845,31.175285]]}},{"type":"Feature","properties":{"kind":"park","osmId":"way/868402141"},"geometry":{"type":"Polygon","coordinates":[[[121.578167,31.182756],[121.578575,31.181205],[121.578515,31.181117],[121.579325,31.178231],[121.580827,31.174632],[121.581343,31.174178],[121.583692,31.173306],[121.584309,31.173223],[121.585173,31.173471],[121.583622,31.175211],[121.581772,31.177496],[121.578467,31.182903],[121.578167,31.182756]]]}},{"type":"Feature","properties":{"kind":"park","osmId":"way/868402142"},"geometry":{"type":"Polygon","coordinates":[[[121.576413,31.177712],[121.5766,31.177496],[121.578505,31.177891],[121.57763,31.181214],[121.577115,31.182806],[121.577012,31.182787],[121.577212,31.182109],[121.577142,31.181879],[121.576021,31.180971],[121.577164,31.178648],[121.576981,31.178189],[121.576413,31.177712]]]}},{"type":"Feature","properties":{"kind":"park","osmId":"way/868402143"},"geometry":{"type":"Polygon","coordinates":[[[121.569535,31.180952],[121.572411,31.181962],[121.57262,31.181948],[121.572867,31.181778],[121.572491,31.182398],[121.572357,31.182426],[121.570211,31.182022],[121.569702,31.18171],[121.569552,31.181333],[121.569535,31.180952]]]}},{"type":"Feature","properties":{"kind":"park","osmId":"way/868402144"},"geometry":{"type":"Polygon","coordinates":[[[121.567508,31.181163],[121.56776,31.180333],[121.569316,31.180879],[121.569342,31.181613],[121.567556,31.181274],[121.567508,31.181163]]]}},{"type":"Feature","properties":{"kind":"park","osmId":"way/868402145"},"geometry":{"type":"Polygon","coordinates":[[[121.568773,31.182249],[121.568779,31.181792],[121.569546,31.181861],[121.56989,31.182132],[121.574326,31.182999],[121.575072,31.182761],[121.575876,31.181425],[121.576777,31.182201],[121.576799,31.182334],[121.57645,31.183577],[121.57629,31.183673],[121.568773,31.182249]]]}},{"type":"Feature","properties":{"kind":"park","osmId":"way/868402146"},"geometry":{"type":"Polygon","coordinates":[[[121.57149,31.179263],[121.571458,31.178942],[121.57296,31.178905],[121.573191,31.179383],[121.573282,31.17991],[121.573148,31.180567],[121.57281,31.18115],[121.57245,31.181003],[121.572708,31.18092],[121.572901,31.179277],[121.57149,31.179263]]]}},{"type":"Feature","properties":{"kind":"park","osmId":"way/868402147"},"geometry":{"type":"Polygon","coordinates":[[[121.576801,31.176422],[121.578206,31.174857],[121.579032,31.175192],[121.578625,31.176432],[121.5784,31.176395],[121.578308,31.176721],[121.576801,31.176422]]]}},{"type":"Feature","properties":{"kind":"park","osmId":"way/868402148"},"geometry":{"type":"Polygon","coordinates":[[[121.579295,31.175059],[121.578163,31.174637],[121.578839,31.171952],[121.579655,31.173623],[121.579564,31.174398],[121.579295,31.175059]]]}},{"type":"Feature","properties":{"kind":"road","osmId":"way/868402149","name":"Luke Road","roadClass":"tertiary"},"geometry":{"type":"LineString","coordinates":[[121.56921,31.174298],[121.572733,31.175832],[121.578906,31.177068]]}},{"type":"Feature","properties":{"kind":"road","osmId":"way/868402152","name":"Luke Road","roadClass":"tertiary"},"geometry":{"type":"LineString","coordinates":[[121.578882,31.177209],[121.578513,31.177052],[121.572647,31.175894],[121.569158,31.174383]]}},{"type":"Feature","properties":{"kind":"water","osmId":"way/868402155"},"geometry":{"type":"Polygon","coordinates":[[[121.582094,31.174419],[121.582008,31.174396],[121.582008,31.17418],[121.582507,31.174112],[121.582813,31.173887],[121.583017,31.17385],[121.583339,31.174208],[121.583763,31.174153],[121.583875,31.174304],[121.583832,31.174493],[121.584125,31.174647],[121.58399,31.174747],[121.583712,31.174621],[121.583203,31.174933],[121.582475,31.175016],[121.582362,31.175273],[121.582459,31.175686],[121.582067,31.175879],[121.581874,31.176443],[121.581622,31.176636],[121.580968,31.176714],[121.580759,31.177067],[121.580281,31.177196],[121.580013,31.177806],[121.579836,31.177935],[121.579911,31.178091],[121.581794,31.179119],[121.581617,31.179229],[121.581,31.178798],[121.580642,31.178684],[121.580351,31.179156],[121.579922,31.179518],[121.579793,31.179725],[121.579771,31.180064],[121.579391,31.180372],[121.579235,31.180289],[121.579122,31.179968],[121.579155,31.179794],[121.57938,31.179569],[121.579305,31.17945],[121.579348,31.179275],[121.579616,31.17911],[121.579573,31.178835],[121.57982,31.178458],[121.579798,31.178206],[121.579637,31.1781],[121.579696,31.177861],[121.579938,31.177687],[121.579916,31.177485],[121.580168,31.177081],[121.580522,31.176833],[121.581139,31.175902],[121.581322,31.175847],[121.581493,31.17558],[121.581697,31.175548],[121.582234,31.175163],[121.582346,31.174805],[121.582218,31.174474],[121.582094,31.174419]]]}},{"type":"Feature","properties":{"kind":"park","osmId":"way/868440488"},"geometry":{"type":"Polygon","coordinates":[[[121.620423,31.213022],[121.620423,31.210683],[121.620704,31.210185],[121.62063,31.213051],[121.620423,31.213022]]]}},{"type":"Feature","properties":{"kind":"park","osmId":"way/868440489"},"geometry":{"type":"Polygon","coordinates":[[[121.622843,31.209684],[121.623161,31.209468],[121.623366,31.209133],[121.624917,31.209125],[121.624898,31.209652],[121.622843,31.209684]]]}},{"type":"Feature","properties":{"kind":"park","osmId":"way/868440494"},"geometry":{"type":"Polygon","coordinates":[[[121.620312,31.202451],[121.620009,31.202367],[121.620107,31.202103],[121.620041,31.201971],[121.619154,31.201708],[121.619247,31.201312],[121.618692,31.201188],[121.618598,31.201064],[121.620013,31.199922],[121.620373,31.202315],[121.620312,31.202451]]]}},{"type":"Feature","properties":{"kind":"park","osmId":"way/868440495"},"geometry":{"type":"Polygon","coordinates":[[[121.620494,31.198208],[121.620172,31.196642],[121.620219,31.196487],[121.62048,31.196335],[121.621816,31.196551],[121.621802,31.196702],[121.620494,31.198208]]]}},{"type":"Feature","properties":{"kind":"park","osmId":"way/868440496"},"geometry":{"type":"Polygon","coordinates":[[[121.620578,31.196019],[121.620896,31.19556],[121.621965,31.196147],[121.621928,31.196247],[121.620578,31.196019]]]}},{"type":"Feature","properties":{"kind":"park","osmId":"way/868440497"},"geometry":{"type":"Polygon","coordinates":[[[121.621064,31.195528],[121.620504,31.19516],[121.621031,31.194545],[121.621321,31.194609],[121.621848,31.194134],[121.622068,31.194206],[121.621989,31.194761],[121.621498,31.195196],[121.621227,31.195576],[121.621064,31.195528]]]}},{"type":"Feature","properties":{"kind":"park","osmId":"way/868440498"},"geometry":{"type":"Polygon","coordinates":[[[121.623044,31.194741],[121.622143,31.194465],[121.622344,31.194026],[121.623236,31.193131],[121.623805,31.193219],[121.623044,31.194741]]]}},{"type":"Feature","properties":{"kind":"park","osmId":"way/868440499"},"geometry":{"type":"Polygon","coordinates":[[[121.623651,31.194337],[121.624118,31.193347],[121.624875,31.193427],[121.624889,31.193582],[121.624151,31.194501],[121.623651,31.194337]]]}},{"type":"Feature","properties":{"kind":"park","osmId":"way/868440500"},"geometry":{"type":"Polygon","coordinates":[[[121.619378,31.19186],[121.619153,31.189933],[121.620786,31.190378],[121.621009,31.191709],[121.624215,31.192279],[121.62404,31.192649],[121.623841,31.192691],[121.619378,31.19186]]]}},{"type":"Feature","properties":{"kind":"park","osmId":"way/868440501"},"geometry":{"type":"Polygon","coordinates":[[[121.621696,31.190346],[121.619105,31.189469],[121.618836,31.187537],[121.620387,31.188331],[121.620746,31.189969],[121.621696,31.190346]]]}},{"type":"Feature","properties":{"kind":"water","osmId":"way/868440502"},"geometry":{"type":"Polygon","coordinates":[[[121.617019,31.185874],[121.616823,31.18565],[121.616879,31.185443],[121.616617,31.185339],[121.616636,31.184739],[121.61679,31.184739],[121.617187,31.185267],[121.617322,31.185606],[121.61722,31.185822],[121.617019,31.185874]]]}},{"type":"Feature","properties":{"kind":"road","osmId":"way/868440503","name":"Huanke Road","roadClass":"residential"},"geometry":{"type":"LineString","coordinates":[[121.605337,31.180091],[121.607505,31.181203],[121.609285,31.182323]]}},{"type":"Feature","properties":{"kind":"road","osmId":"way/868440504","name":"Huanke Road","roadClass":"residential"},"geometry":{"type":"LineString","coordinates":[[121.609278,31.182398],[121.606823,31.1809],[121.605116,31.180078]]}},{"type":"Feature","properties":{"kind":"park","osmId":"way/869135476"},"geometry":{"type":"Polygon","coordinates":[[[121.574201,31.194494],[121.574034,31.19508],[121.572285,31.194484],[121.572352,31.194411],[121.57353,31.194386],[121.574201,31.194494]]]}},{"type":"Feature","properties":{"kind":"road","osmId":"way/869135478","roadClass":"unclassified"},"geometry":{"type":"LineString","coordinates":[[121.569237,31.17546],[121.569253,31.175406]]}},{"type":"Feature","properties":{"kind":"waterway","osmId":"way/869135479"},"geometry":{"type":"LineString","coordinates":[[121.563912,31.19056],[121.564793,31.188079],[121.566592,31.182095]]}},{"type":"Feature","properties":{"kind":"waterway","osmId":"way/869135480","name":"川杨河"},"geometry":{"type":"LineString","coordinates":[[121.46536,31.16287],[121.486384,31.166793],[121.502275,31.169898],[121.519309,31.17304],[121.57782,31.184265],[121.688374,31.205118],[121.701071,31.207421],[121.720068,31.211118],[121.760624,31.218767]]}},{"type":"Feature","properties":{"kind":"road","osmId":"way/872249843","name":"Sunnong Road","roadClass":"residential"},"geometry":{"type":"LineString","coordinates":[[121.622047,31.177007],[121.621893,31.177302]]}},{"type":"Feature","properties":{"kind":"road","osmId":"way/872249844","name":"Sunnong Road","roadClass":"residential"},"geometry":{"type":"LineString","coordinates":[[121.62346,31.174368],[121.622858,31.175532]]}},{"type":"Feature","properties":{"kind":"road","osmId":"way/872249846","name":"Junmin Highway","roadClass":"residential"},"geometry":{"type":"LineString","coordinates":[[121.623097,31.178085],[121.620713,31.176776],[121.620525,31.176723],[121.620257,31.176801],[121.619182,31.176544],[121.618935,31.176325],[121.617071,31.175994]]}},{"type":"Feature","properties":{"kind":"park","osmId":"way/872249848"},"geometry":{"type":"Polygon","coordinates":[[[121.619157,31.176782],[121.619206,31.176607],[121.619906,31.176766],[121.619811,31.176967],[121.619157,31.176782]]]}},{"type":"Feature","properties":{"kind":"road","osmId":"way/872249849","roadClass":"tertiary"},"geometry":{"type":"LineString","coordinates":[[121.617181,31.188981],[121.616493,31.190705],[121.614309,31.190297]]}},{"type":"Feature","properties":{"kind":"park","osmId":"way/872249850"},"geometry":{"type":"Polygon","coordinates":[[[121.608706,31.191287],[121.608686,31.190954],[121.609065,31.190698],[121.60942,31.190685],[121.610308,31.191219],[121.610653,31.191291],[121.610647,31.191672],[121.608706,31.191287]]]}},{"type":"Feature","properties":{"kind":"park","osmId":"way/872249851"},"geometry":{"type":"Polygon","coordinates":[[[121.610777,31.191561],[121.611097,31.190775],[121.613562,31.191291],[121.612384,31.194498],[121.61222,31.194464],[121.612814,31.192619],[121.612679,31.192265],[121.612324,31.192034],[121.611236,31.191795],[121.611197,31.191565],[121.610777,31.191561]]]}},{"type":"Feature","properties":{"kind":"road","osmId":"way/872249852","roadClass":"residential"},"geometry":{"type":"LineString","coordinates":[[121.608607,31.190685],[121.608573,31.191304],[121.608641,31.191427]]}},{"type":"Feature","properties":{"kind":"road","osmId":"way/872249853","roadClass":"residential"},"geometry":{"type":"LineString","coordinates":[[121.608828,31.187385],[121.608898,31.187797],[121.60877,31.189056],[121.608641,31.189211],[121.60849,31.189234],[121.608724,31.18732]]}},{"type":"Feature","properties":{"kind":"road","osmId":"way/872249854","name":"Jialilue Road","roadClass":"residential"},"geometry":{"type":"LineString","coordinates":[[121.612664,31.192446],[121.612685,31.192946],[121.612054,31.194602]]}},{"type":"Feature","properties":{"kind":"road","osmId":"way/872249855","name":"Zhangheng Road","roadClass":"secondary"},"geometry":{"type":"LineString","coordinates":[[121.615835,31.195276],[121.619062,31.195859]]}},{"type":"Feature","properties":{"kind":"park","osmId":"way/872249858"},"geometry":{"type":"Polygon","coordinates":[[[121.598046,31.186425],[121.598092,31.186102],[121.599416,31.186315],[121.599276,31.186668],[121.598046,31.186425]]]}},{"type":"Feature","properties":{"kind":"park","osmId":"way/872249860"},"geometry":{"type":"Polygon","coordinates":[[[121.594426,31.187952],[121.592078,31.187499],[121.592395,31.187262],[121.592641,31.187257],[121.594494,31.187632],[121.594547,31.187697],[121.594426,31.187952]]]}},{"type":"Feature","properties":{"kind":"park","osmId":"way/872249861"},"geometry":{"type":"Polygon","coordinates":[[[121.592285,31.184998],[121.593102,31.184223],[121.593269,31.183539],[121.59359,31.183248],[121.593876,31.18324],[121.593796,31.183512],[121.593575,31.183698],[121.593469,31.184079],[121.592698,31.185008],[121.592285,31.184998]]]}},{"type":"Feature","properties":{"kind":"park","osmId":"way/872249862"},"geometry":{"type":"Polygon","coordinates":[[[121.594939,31.184038],[121.595173,31.183713],[121.595703,31.183893],[121.597262,31.18388],[121.597252,31.184112],[121.596644,31.18421],[121.594939,31.184038]]]}},{"type":"Feature","properties":{"kind":"park","osmId":"way/872249863","name":"AI Loop"},"geometry":{"type":"Polygon","coordinates":[[[121.597946,31.183935],[121.597987,31.183218],[121.598265,31.183225],[121.598131,31.183423],[121.598396,31.18365],[121.599205,31.183737],[121.599406,31.183877],[121.600515,31.183977],[121.600397,31.184396],[121.600075,31.184351],[121.599012,31.183889],[121.597946,31.183935]]]}},{"type":"Feature","properties":{"kind":"park","osmId":"way/872249864","name":"AI Loop"},"geometry":{"type":"Polygon","coordinates":[[[121.597806,31.184365],[121.598479,31.184139],[121.598782,31.184135],[121.600284,31.184712],[121.600255,31.184822],[121.599742,31.184627],[121.598486,31.184414],[121.597797,31.184579],[121.597806,31.184365]]]}},{"type":"Feature","properties":{"kind":"park","osmId":"way/872249865","name":"AI Loop"},"geometry":{"type":"Polygon","coordinates":[[[121.600506,31.184889],[121.600533,31.184744],[121.601932,31.18477],[121.602272,31.184922],[121.604224,31.186431],[121.604049,31.186577],[121.602255,31.185153],[121.600506,31.184889]]]}},{"type":"Feature","properties":{"kind":"park","osmId":"way/872249866","name":"AI Loop"},"geometry":{"type":"Polygon","coordinates":[[[121.600651,31.184393],[121.600738,31.184113],[121.601102,31.184241],[121.601692,31.184176],[121.602168,31.184399],[121.602581,31.18447],[121.602693,31.184107],[121.603453,31.184388],[121.603239,31.184927],[121.603333,31.184975],[121.603288,31.185121],[121.604502,31.185994],[121.604343,31.186179],[121.603942,31.185969],[121.602796,31.184826],[121.602373,31.184603],[121.601866,31.184438],[121.601174,31.18449],[121.600651,31.184393]]]}},{"type":"Feature","properties":{"kind":"road","osmId":"way/872251655","roadClass":"residential"},"geometry":{"type":"LineString","coordinates":[[121.628307,31.187291],[121.626422,31.187054]]}},{"type":"Feature","properties":{"kind":"park","osmId":"way/872251656"},"geometry":{"type":"Polygon","coordinates":[[[121.626828,31.188216],[121.62692,31.187159],[121.62823,31.187335],[121.628109,31.187559],[121.628364,31.187644],[121.628495,31.188377],[121.628442,31.188525],[121.626828,31.188216]]]}},{"type":"Feature","properties":{"kind":"road","osmId":"way/872831505","name":"Jingang Road","roadClass":"tertiary"},"geometry":{"type":"LineString","coordinates":[[121.612606,31.223232],[121.612677,31.223585],[121.612733,31.235393]]}},{"type":"Feature","properties":{"kind":"road","osmId":"way/872831506","name":"Longdong Avenue","roadClass":"primary"},"geometry":{"type":"LineString","coordinates":[[121.613647,31.223616],[121.612677,31.223585]]}},{"type":"Feature","properties":{"kind":"road","osmId":"way/872831507","name":"Longdong Avenue","roadClass":"primary"},"geometry":{"type":"LineString","coordinates":[[121.612606,31.223232],[121.613726,31.223274]]}},{"type":"Feature","properties":{"kind":"water","osmId":"way/873352803"},"geometry":{"type":"Polygon","coordinates":[[[121.567074,31.226454],[121.567147,31.226106],[121.56757,31.226385],[121.568107,31.226454],[121.568774,31.226371],[121.569562,31.225794],[121.570001,31.224514],[121.57079,31.22327],[121.570887,31.221218],[121.571619,31.219654],[121.571725,31.219125],[121.571644,31.218513],[121.572075,31.218666],[121.572099,31.219285],[121.571245,31.221496],[121.571083,31.22352],[121.570253,31.225008],[121.569757,31.226398],[121.569725,31.226836],[121.570018,31.227108],[121.57201,31.22758],[121.58188,31.227707],[121.581944,31.228089],[121.572351,31.228074],[121.568318,31.227184],[121.568131,31.227275],[121.568074,31.227553],[121.568472,31.229332],[121.56855,31.230215],[121.56809,31.230027],[121.568094,31.229478],[121.56766,31.227073],[121.567464,31.226697],[121.567074,31.226454]]]}},{"type":"Feature","properties":{"kind":"water","osmId":"way/873353462"},"geometry":{"type":"Polygon","coordinates":[[[121.571644,31.218513],[121.571602,31.218354],[121.571913,31.217755],[121.571991,31.217791],[121.572819,31.216483],[121.572932,31.214716],[121.573293,31.213699],[121.573224,31.213134],[121.573409,31.213144],[121.573244,31.212585],[121.573463,31.212627],[121.573633,31.213907],[121.573329,31.214861],[121.573194,31.216562],[121.573031,31.217022],[121.572175,31.21816],[121.572048,31.218433],[121.572075,31.218666],[121.571644,31.218513]]]}},{"type":"Feature","properties":{"kind":"road","osmId":"way/881275264","name":"Sunyu Road","roadClass":"residential"},"geometry":{"type":"LineString","coordinates":[[121.624287,31.181007],[121.624537,31.17898]]}},{"type":"Feature","properties":{"kind":"road","osmId":"way/902734257","name":"Longdong Elevated Road","roadClass":"trunk"},"geometry":{"type":"LineString","coordinates":[[121.573636,31.212097],[121.574935,31.212617],[121.576578,31.213053]]}},{"type":"Feature","properties":{"kind":"road","osmId":"way/902734262","name":"Longdong Elevated Road","roadClass":"trunk"},"geometry":{"type":"LineString","coordinates":[[121.614104,31.223486],[121.611981,31.223421],[121.609675,31.223123],[121.593624,31.219832],[121.587497,31.217839],[121.586333,31.2172],[121.583197,31.215044],[121.582104,31.214565],[121.581227,31.214325]]}},{"type":"Feature","properties":{"kind":"road","osmId":"way/902734263","name":"Longdong Elevated Road","roadClass":"trunk"},"geometry":{"type":"LineString","coordinates":[[121.581273,31.214217],[121.582149,31.21446],[121.583254,31.214947],[121.586412,31.217104],[121.587564,31.217736],[121.593667,31.219722],[121.609701,31.223004],[121.611996,31.223304],[121.614111,31.223368]]}},{"type":"Feature","properties":{"kind":"road","osmId":"way/902734264","name":"Longdong Avenue","roadClass":"primary"},"geometry":{"type":"LineString","coordinates":[[121.62755,31.226198],[121.624802,31.225649],[121.623445,31.225154],[121.621829,31.224416],[121.62013,31.223871],[121.619228,31.223673],[121.618158,31.223594]]}},{"type":"Feature","properties":{"kind":"road","osmId":"way/902734265","name":"Longdong Avenue","roadClass":"primary"},"geometry":{"type":"LineString","coordinates":[[121.618433,31.223105],[121.618808,31.223103],[121.619765,31.2235],[121.621547,31.224031],[121.624913,31.225387],[121.627731,31.225967]]}},{"type":"Feature","properties":{"kind":"road","osmId":"way/902913083","name":"Longdong Elevated Road","roadClass":"trunk"},"geometry":{"type":"LineString","coordinates":[[121.626087,31.225862],[121.624385,31.225433],[121.621936,31.224345],[121.619669,31.223657],[121.618049,31.223434],[121.614104,31.223486]]}},{"type":"Feature","properties":{"kind":"park","osmId":"way/902913085"},"geometry":{"type":"Polygon","coordinates":[[[121.620197,31.226656],[121.620009,31.225578],[121.619006,31.224289],[121.618357,31.223853],[121.6184,31.222995],[121.618717,31.222908],[121.620069,31.222174],[121.620465,31.221642],[121.620503,31.221183],[121.62149,31.221225],[121.623861,31.224367],[121.623164,31.225775],[121.622729,31.225991],[121.62196,31.226661],[121.622375,31.226766],[121.62215,31.227399],[121.620192,31.227078],[121.620197,31.226656]]]}},{"type":"Feature","properties":{"kind":"road","osmId":"way/902913094","name":"Middle Ring Road","roadClass":"trunk"},"geometry":{"type":"LineString","coordinates":[[121.620553,31.228742],[121.620887,31.226934],[121.620929,31.225718],[121.620863,31.21791]]}},{"type":"Feature","properties":{"kind":"road","osmId":"way/902913095","name":"Middle Ring Road","roadClass":"trunk"},"geometry":{"type":"LineString","coordinates":[[121.620991,31.217912],[121.621031,31.226745],[121.620783,31.228535]]}},{"type":"Feature","properties":{"kind":"road","osmId":"way/902913096","name":"Middle Ring Road","roadClass":"trunk"},"geometry":{"type":"LineString","coordinates":[[121.619797,31.195868],[121.620754,31.201828],[121.62103,31.204297],[121.620991,31.217912]]}},{"type":"Feature","properties":{"kind":"road","osmId":"way/902913097","name":"Middle Ring Road","roadClass":"trunk"},"geometry":{"type":"LineString","coordinates":[[121.620863,31.21791],[121.620911,31.204311],[121.620616,31.201842],[121.619653,31.195885]]}},{"type":"Feature","properties":{"kind":"waterway","osmId":"way/907201092"},"geometry":{"type":"LineString","coordinates":[[121.633404,31.194772],[121.635111,31.191078],[121.634959,31.189905],[121.63509,31.189335],[121.635464,31.188862],[121.636016,31.188695],[121.636325,31.18843],[121.637008,31.186691],[121.638423,31.183603],[121.638766,31.183213],[121.639724,31.180918],[121.640798,31.178886],[121.641025,31.178226]]}},{"type":"Feature","properties":{"kind":"road","osmId":"way/935158161","name":"Huaxia Elevated Road","roadClass":"trunk"},"geometry":{"type":"LineString","coordinates":[[121.617162,31.184655],[121.616054,31.184187],[121.61474,31.183263]]}},{"type":"Feature","properties":{"kind":"road","osmId":"way/935158162","name":"中环路","roadClass":"trunk"},"geometry":{"type":"LineString","coordinates":[[121.617181,31.184952],[121.616266,31.183946],[121.614848,31.183011]]}},{"type":"Feature","properties":{"kind":"road","osmId":"way/935158163","name":"中环路","roadClass":"trunk"},"geometry":{"type":"LineString","coordinates":[[121.61335,31.182082],[121.614914,31.182918]]}},{"type":"Feature","properties":{"kind":"road","osmId":"way/935158164","name":"Middle Huaxia Road","roadClass":"primary"},"geometry":{"type":"LineString","coordinates":[[121.628087,31.189024],[121.626245,31.188668]]}},{"type":"Feature","properties":{"kind":"road","osmId":"way/935158165","name":"Middle Huaxia Road","roadClass":"primary"},"geometry":{"type":"LineString","coordinates":[[121.628547,31.189107],[121.628087,31.189024]]}},{"type":"Feature","properties":{"kind":"road","osmId":"way/935158166","name":"Middle Huaxia Road","roadClass":"primary"},"geometry":{"type":"LineString","coordinates":[[121.626807,31.188513],[121.628249,31.188787]]}},{"type":"Feature","properties":{"kind":"road","osmId":"way/935158167","name":"Middle Huaxia Road","roadClass":"primary"},"geometry":{"type":"LineString","coordinates":[[121.628249,31.188787],[121.628634,31.188856]]}},{"type":"Feature","properties":{"kind":"road","osmId":"way/935158170","name":"Huaxia Elevated Road","roadClass":"trunk"},"geometry":{"type":"LineString","coordinates":[[121.63739,31.190668],[121.632373,31.189688]]}},{"type":"Feature","properties":{"kind":"road","osmId":"way/935158171","name":"Huaxia Elevated Road","roadClass":"trunk"},"geometry":{"type":"LineString","coordinates":[[121.632394,31.18956],[121.637422,31.190546]]}},{"type":"Feature","properties":{"kind":"road","osmId":"way/935158172","name":"Middle Huaxia Road","roadClass":"primary"},"geometry":{"type":"LineString","coordinates":[[121.634751,31.190226],[121.632205,31.189767]]}},{"type":"Feature","properties":{"kind":"road","osmId":"way/935158173","name":"Middle Huaxia Road","roadClass":"primary"},"geometry":{"type":"LineString","coordinates":[[121.635156,31.190298],[121.634751,31.190226]]}},{"type":"Feature","properties":{"kind":"road","osmId":"way/935158174","name":"Middle Huaxia Road","roadClass":"primary"},"geometry":{"type":"LineString","coordinates":[[121.628634,31.188856],[121.62975,31.189057]]}},{"type":"Feature","properties":{"kind":"road","osmId":"way/935158175","name":"Middle Huaxia Road","roadClass":"primary"},"geometry":{"type":"LineString","coordinates":[[121.634811,31.189993],[121.635121,31.190054]]}},{"type":"Feature","properties":{"kind":"road","osmId":"way/935158178","name":"Zhongke Road","roadClass":"tertiary"},"geometry":{"type":"LineString","coordinates":[[121.635293,31.192625],[121.634688,31.192547]]}},{"type":"Feature","properties":{"kind":"road","osmId":"way/935158179","name":"Zhongke Road","roadClass":"tertiary"},"geometry":{"type":"LineString","coordinates":[[121.634688,31.192547],[121.634168,31.19248]]}},{"type":"Feature","properties":{"kind":"road","osmId":"way/935158182","name":"Sunjian Road","roadClass":"residential"},"geometry":{"type":"LineString","coordinates":[[121.621593,31.183077],[121.626608,31.183232]]}},{"type":"Feature","properties":{"kind":"road","osmId":"way/935158183","name":"Sunjian Road","roadClass":"residential"},"geometry":{"type":"LineString","coordinates":[[121.628531,31.183302],[121.629449,31.183351]]}},{"type":"Feature","properties":{"kind":"waterway","osmId":"way/935158184"},"geometry":{"type":"LineString","coordinates":[[121.628039,31.175947],[121.627288,31.175779],[121.626875,31.175583]]}},{"type":"Feature","properties":{"kind":"waterway","osmId":"way/935158185"},"geometry":{"type":"LineString","coordinates":[[121.626875,31.175583],[121.626755,31.175525]]}},{"type":"Feature","properties":{"kind":"waterway","osmId":"way/935158186"},"geometry":{"type":"LineString","coordinates":[[121.616503,31.175589],[121.613027,31.174442],[121.61072,31.172565],[121.610216,31.172326],[121.607549,31.170333],[121.606982,31.170165]]}},{"type":"Feature","properties":{"kind":"waterway","osmId":"way/935158187"},"geometry":{"type":"LineString","coordinates":[[121.617155,31.175724],[121.616503,31.175589]]}},{"type":"Feature","properties":{"kind":"road","osmId":"way/935158196","name":"Middle Huaxia Road","roadClass":"primary"},"geometry":{"type":"LineString","coordinates":[[121.619744,31.185196],[121.621311,31.186099]]}},{"type":"Feature","properties":{"kind":"road","osmId":"way/935158197","name":"Middle Huaxia Road","roadClass":"primary"},"geometry":{"type":"LineString","coordinates":[[121.619433,31.185016],[121.619744,31.185196]]}},{"type":"Feature","properties":{"kind":"road","osmId":"way/935158198","name":"Middle Huaxia Road","roadClass":"primary"},"geometry":{"type":"LineString","coordinates":[[121.62084,31.186191],[121.619618,31.185493]]}},{"type":"Feature","properties":{"kind":"road","osmId":"way/935158199","name":"Middle Huaxia Road","roadClass":"primary"},"geometry":{"type":"LineString","coordinates":[[121.619618,31.185493],[121.6193,31.185287]]}},{"type":"Feature","properties":{"kind":"waterway","osmId":"way/935158200","name":"小张家浜"},"geometry":{"type":"LineString","coordinates":[[121.627126,31.19099],[121.625611,31.190529],[121.618806,31.187379]]}},{"type":"Feature","properties":{"kind":"waterway","osmId":"way/935158201","name":"小张家浜"},"geometry":{"type":"LineString","coordinates":[[121.618806,31.187379],[121.618222,31.18709]]}},{"type":"Feature","properties":{"kind":"road","osmId":"way/949716114","name":"Yunshan Road","roadClass":"secondary"},"geometry":{"type":"LineString","coordinates":[[121.582993,31.225563],[121.583128,31.223767]]}},{"type":"Feature","properties":{"kind":"road","osmId":"way/949716115","name":"Yunshan Road","roadClass":"secondary"},"geometry":{"type":"LineString","coordinates":[[121.583128,31.223767],[121.583385,31.215439],[121.583488,31.214902],[121.583254,31.223763],[121.583119,31.225572]]}},{"type":"Feature","properties":{"kind":"road","osmId":"way/949747854","name":"Zhangjiang Road","roadClass":"secondary"},"geometry":{"type":"LineString","coordinates":[[121.616849,31.201907],[121.616451,31.202268]]}},{"type":"Feature","properties":{"kind":"road","osmId":"way/949747856","name":"Zhangjiang Road","roadClass":"secondary"},"geometry":{"type":"LineString","coordinates":[[121.617128,31.20166],[121.616849,31.201907]]}},{"type":"Feature","properties":{"kind":"road","osmId":"way/950100984","name":"Longdong Avenue","roadClass":"primary"},"geometry":{"type":"LineString","coordinates":[[121.589799,31.218704],[121.586907,31.217684],[121.5835,31.215384],[121.582663,31.214933]]}},{"type":"Feature","properties":{"kind":"road","osmId":"way/963343371","name":"Zhongke Road","roadClass":"tertiary"},"geometry":{"type":"LineString","coordinates":[[121.626694,31.191531],[121.628123,31.191707]]}},{"type":"Feature","properties":{"kind":"road","osmId":"way/963343372","name":"Zhongke Road","roadClass":"tertiary"},"geometry":{"type":"LineString","coordinates":[[121.626001,31.191445],[121.626378,31.191492]]}},{"type":"Feature","properties":{"kind":"road","osmId":"way/963343373","name":"Zhongke Road","roadClass":"tertiary"},"geometry":{"type":"LineString","coordinates":[[121.626378,31.191492],[121.626694,31.191531]]}},{"type":"Feature","properties":{"kind":"road","osmId":"way/965377965","roadClass":"residential"},"geometry":{"type":"LineString","coordinates":[[121.623308,31.213915],[121.623329,31.213706]]}},{"type":"Feature","properties":{"kind":"road","osmId":"way/965377966","roadClass":"residential"},"geometry":{"type":"LineString","coordinates":[[121.623308,31.213915],[121.623623,31.214134],[121.623698,31.21429],[121.623713,31.216041]]}},{"type":"Feature","properties":{"kind":"road","osmId":"way/965377967","roadClass":"residential"},"geometry":{"type":"LineString","coordinates":[[121.623308,31.213915],[121.621713,31.213915]]}},{"type":"Feature","properties":{"kind":"road","osmId":"way/965377968","roadClass":"residential"},"geometry":{"type":"LineString","coordinates":[[121.62499,31.216066],[121.622864,31.216002]]}},{"type":"Feature","properties":{"kind":"waterway","osmId":"way/966190528"},"geometry":{"type":"LineString","coordinates":[[121.614139,31.222983],[121.618832,31.213475]]}},{"type":"Feature","properties":{"kind":"waterway","osmId":"way/966190529","name":"吕家浜"},"geometry":{"type":"LineString","coordinates":[[121.618832,31.213475],[121.618579,31.213087],[121.616416,31.212018],[121.616851,31.210383],[121.616277,31.209329],[121.615324,31.208169],[121.613574,31.207005]]}},{"type":"Feature","properties":{"kind":"road","osmId":"way/966190530","name":"Shenjiang Road","roadClass":"primary"},"geometry":{"type":"LineString","coordinates":[[121.620777,31.20976],[121.620749,31.208891]]}},{"type":"Feature","properties":{"kind":"road","osmId":"way/966190531","name":"Shenjiang Road","roadClass":"primary"},"geometry":{"type":"LineString","coordinates":[[121.620784,31.210141],[121.620777,31.20976]]}},{"type":"Feature","properties":{"kind":"road","osmId":"way/966190532","name":"Shenjiang Road","roadClass":"primary"},"geometry":{"type":"LineString","coordinates":[[121.621095,31.209898],[121.62111,31.213612]]}},{"type":"Feature","properties":{"kind":"road","osmId":"way/966190533","name":"Shenjiang Road","roadClass":"primary"},"geometry":{"type":"LineString","coordinates":[[121.621095,31.2096],[121.621095,31.209898]]}},{"type":"Feature","properties":{"kind":"road","osmId":"way/966190534","roadClass":"residential"},"geometry":{"type":"LineString","coordinates":[[121.62302,31.20629],[121.621236,31.206294]]}},{"type":"Feature","properties":{"kind":"road","osmId":"way/966190535","roadClass":"residential"},"geometry":{"type":"LineString","coordinates":[[121.623326,31.206286],[121.62302,31.20629]]}},{"type":"Feature","properties":{"kind":"waterway","osmId":"way/966190541","name":"王家浜"},"geometry":{"type":"LineString","coordinates":[[121.573799,31.203446],[121.574411,31.203413],[121.575345,31.20367],[121.578098,31.203639],[121.579076,31.203759]]}},{"type":"Feature","properties":{"kind":"waterway","osmId":"way/966190542","name":"王家浜"},"geometry":{"type":"LineString","coordinates":[[121.579076,31.203759],[121.579201,31.203775]]}},{"type":"Feature","properties":{"kind":"waterway","osmId":"way/966190543","name":"王家浜"},"geometry":{"type":"LineString","coordinates":[[121.578851,31.206916],[121.578849,31.207375],[121.578465,31.207794],[121.578469,31.208148]]}},{"type":"Feature","properties":{"kind":"waterway","osmId":"way/966190544","name":"王家浜"},"geometry":{"type":"LineString","coordinates":[[121.578848,31.206807],[121.578851,31.206916]]}},{"type":"Feature","properties":{"kind":"road","osmId":"way/967130830","roadClass":"primary"},"geometry":{"type":"LineString","coordinates":[[121.621133,31.204086],[121.621245,31.204954],[121.621246,31.207557],[121.621203,31.208773],[121.6211,31.208942]]}},{"type":"Feature","properties":{"kind":"road","osmId":"way/967130831","name":"Shenjiang Road","roadClass":"primary"},"geometry":{"type":"LineString","coordinates":[[121.620717,31.200882],[121.620916,31.202111]]}},{"type":"Feature","properties":{"kind":"road","osmId":"way/967130832","name":"Shenjiang Road","roadClass":"primary"},"geometry":{"type":"LineString","coordinates":[[121.620506,31.201798],[121.620364,31.200921]]}},{"type":"Feature","properties":{"kind":"road","osmId":"way/967130833","name":"Shenjiang Road","roadClass":"primary"},"geometry":{"type":"LineString","coordinates":[[121.618589,31.187467],[121.618896,31.18965]]}},{"type":"Feature","properties":{"kind":"road","osmId":"way/967130834","name":"Shenjiang Road","roadClass":"primary"},"geometry":{"type":"LineString","coordinates":[[121.618605,31.187049],[121.618589,31.187467]]}},{"type":"Feature","properties":{"kind":"road","osmId":"way/967130835","name":"Shenjiang Road","roadClass":"primary"},"geometry":{"type":"LineString","coordinates":[[121.619602,31.196385],[121.619454,31.195492]]}},{"type":"Feature","properties":{"kind":"road","osmId":"way/967130836","name":"Shenjiang Road","roadClass":"primary"},"geometry":{"type":"LineString","coordinates":[[121.61834,31.187431],[121.618364,31.187028]]}},{"type":"Feature","properties":{"kind":"road","osmId":"way/967130837","name":"Shenjiang Road","roadClass":"primary"},"geometry":{"type":"LineString","coordinates":[[121.618481,31.189517],[121.61834,31.187431]]}},{"type":"Feature","properties":{"kind":"road","osmId":"way/967130838","name":"Shenjiang Road","roadClass":"primary"},"geometry":{"type":"LineString","coordinates":[[121.61899,31.192713],[121.618757,31.191307]]}},{"type":"Feature","properties":{"kind":"road","osmId":"way/967130839","name":"Shenjiang Road","roadClass":"primary"},"geometry":{"type":"LineString","coordinates":[[121.619392,31.192668],[121.619919,31.196014]]}},{"type":"Feature","properties":{"kind":"road","osmId":"way/967130840","name":"Shenjiang Road","roadClass":"primary"},"geometry":{"type":"LineString","coordinates":[[121.619151,31.191297],[121.619392,31.192668]]}},{"type":"Feature","properties":{"kind":"road","osmId":"way/967130841","name":"Dujiaqu Elevated Road","roadClass":"trunk"},"geometry":{"type":"LineString","coordinates":[[121.617232,31.178775],[121.617389,31.179957]]}},{"type":"Feature","properties":{"kind":"road","osmId":"way/967130842","name":"Dujiaqu Elevated Road","roadClass":"trunk"},"geometry":{"type":"LineString","coordinates":[[121.617205,31.179621],[121.617103,31.178792]]}},{"type":"Feature","properties":{"kind":"road","osmId":"way/967130843","name":"Zhongke Road","roadClass":"tertiary"},"geometry":{"type":"LineString","coordinates":[[121.618481,31.189517],[121.618249,31.189341],[121.61564,31.188455]]}},{"type":"Feature","properties":{"kind":"road","osmId":"way/967130844","name":"Shenjiang Road","roadClass":"primary"},"geometry":{"type":"LineString","coordinates":[[121.618757,31.191307],[121.618481,31.189517]]}},{"type":"Feature","properties":{"kind":"road","osmId":"way/967920493","name":"Zuchongzhi Road","roadClass":"secondary"},"geometry":{"type":"LineString","coordinates":[[121.618445,31.213513],[121.616856,31.213415]]}},{"type":"Feature","properties":{"kind":"road","osmId":"way/967920494","name":"Guanglan Road","roadClass":"tertiary"},"geometry":{"type":"LineString","coordinates":[[121.614114,31.211329],[121.613827,31.212023],[121.613703,31.21297]]}},{"type":"Feature","properties":{"kind":"road","osmId":"way/967920495","name":"Zuchongzhi Road","roadClass":"secondary"},"geometry":{"type":"LineString","coordinates":[[121.616856,31.213415],[121.613688,31.213178]]}},{"type":"Feature","properties":{"kind":"road","osmId":"way/967920496","name":"Guanglan Road","roadClass":"tertiary"},"geometry":{"type":"LineString","coordinates":[[121.613688,31.213178],[121.613594,31.213845]]}},{"type":"Feature","properties":{"kind":"road","osmId":"way/967920497","name":"Dangui Road","roadClass":"tertiary"},"geometry":{"type":"LineString","coordinates":[[121.613441,31.217328],[121.61396,31.217354]]}},{"type":"Feature","properties":{"kind":"road","osmId":"way/967920498","name":"Dangui Road","roadClass":"tertiary"},"geometry":{"type":"LineString","coordinates":[[121.621083,31.217851],[121.621769,31.218088],[121.622303,31.218656]]}},{"type":"Feature","properties":{"kind":"road","osmId":"way/967920499","name":"Jinqiu Road","roadClass":"unclassified"},"geometry":{"type":"LineString","coordinates":[[121.62227,31.218672],[121.622303,31.218656]]}},{"type":"Feature","properties":{"kind":"road","osmId":"way/967920500","name":"Zhangdong Road","roadClass":"secondary"},"geometry":{"type":"LineString","coordinates":[[121.628556,31.218196],[121.628563,31.220802]]}},{"type":"Feature","properties":{"kind":"road","osmId":"way/967920501","name":"Jinqiu Road","roadClass":"residential"},"geometry":{"type":"LineString","coordinates":[[121.628554,31.218138],[121.633835,31.218379]]}},{"type":"Feature","properties":{"kind":"road","osmId":"way/967920528","name":"Zhangdong Road","roadClass":"secondary"},"geometry":{"type":"LineString","coordinates":[[121.628424,31.220718],[121.628438,31.21819]]}},{"type":"Feature","properties":{"kind":"road","osmId":"way/967920529","name":"Jinqiu Road","roadClass":"residential"},"geometry":{"type":"LineString","coordinates":[[121.628438,31.21819],[121.624992,31.218037]]}},{"type":"Feature","properties":{"kind":"road","osmId":"way/967920530","name":"Jinqiu Road","roadClass":"residential"},"geometry":{"type":"LineString","coordinates":[[121.624992,31.218037],[121.623926,31.21801],[121.623231,31.218241]]}},{"type":"Feature","properties":{"kind":"road","osmId":"way/967920531","name":"Zuchongzhi Road","roadClass":"secondary"},"geometry":{"type":"LineString","coordinates":[[121.628434,31.213931],[121.62506,31.213779]]}},{"type":"Feature","properties":{"kind":"road","osmId":"way/967920532","name":"Shengxia Road","roadClass":"residential"},"geometry":{"type":"LineString","coordinates":[[121.624992,31.218037],[121.624986,31.213776]]}},{"type":"Feature","properties":{"kind":"road","osmId":"way/967920533","name":"Zhangdong Road","roadClass":"secondary"},"geometry":{"type":"LineString","coordinates":[[121.628438,31.21819],[121.628434,31.213931]]}},{"type":"Feature","properties":{"kind":"road","osmId":"way/967920534","name":"Zuchongzhi Road","roadClass":"secondary"},"geometry":{"type":"LineString","coordinates":[[121.628539,31.213935],[121.628434,31.213931]]}},{"type":"Feature","properties":{"kind":"road","osmId":"way/967966149","name":"Fangbo Road","roadClass":"residential"},"geometry":{"type":"LineString","coordinates":[[121.56679,31.199613],[121.566483,31.200999]]}},{"type":"Feature","properties":{"kind":"road","osmId":"way/967966150","name":"Bengzhan Highway","roadClass":"residential"},"geometry":{"type":"LineString","coordinates":[[121.567261,31.197136],[121.570353,31.19755]]}},{"type":"Feature","properties":{"kind":"road","osmId":"way/979161930","name":"East Huanye Road","roadClass":"tertiary"},"geometry":{"type":"LineString","coordinates":[[121.572571,31.182548],[121.573377,31.181165],[121.573716,31.180813],[121.573581,31.181245],[121.572812,31.182592]]}},{"type":"Feature","properties":{"kind":"road","osmId":"way/979161931","name":"East Huanye Road","roadClass":"tertiary"},"geometry":{"type":"LineString","coordinates":[[121.574213,31.179939],[121.573716,31.180813]]}},{"type":"Feature","properties":{"kind":"road","osmId":"way/979161932","name":"East Huanye Road","roadClass":"tertiary"},"geometry":{"type":"LineString","coordinates":[[121.57439,31.179646],[121.574213,31.179939]]}},{"type":"Feature","properties":{"kind":"road","osmId":"way/979161933","name":"Xiye Road","roadClass":"tertiary"},"geometry":{"type":"LineString","coordinates":[[121.569425,31.180879],[121.569459,31.181441],[121.56975,31.181859]]}},{"type":"Feature","properties":{"kind":"road","osmId":"way/979161934","name":"Dongye Road","roadClass":"tertiary"},"geometry":{"type":"LineString","coordinates":[[121.574791,31.182787],[121.575155,31.182457],[121.575773,31.181246]]}},{"type":"Feature","properties":{"kind":"road","osmId":"way/979161935","roadClass":"unclassified"},"geometry":{"type":"LineString","coordinates":[[121.567422,31.181269],[121.569252,31.181671],[121.569573,31.181668]]}},{"type":"Feature","properties":{"kind":"road","osmId":"way/979669844","name":"Jinke Road","roadClass":"primary"},"geometry":{"type":"LineString","coordinates":[[121.598171,31.177908],[121.598129,31.178456]]}},{"type":"Feature","properties":{"kind":"road","osmId":"way/979669845","name":"Jinke Road","roadClass":"primary"},"geometry":{"type":"LineString","coordinates":[[121.598129,31.178456],[121.598125,31.178504]]}},{"type":"Feature","properties":{"kind":"waterway","osmId":"way/986753912","name":"王家浜"},"geometry":{"type":"LineString","coordinates":[[121.578481,31.208193],[121.578476,31.208238]]}},{"type":"Feature","properties":{"kind":"waterway","osmId":"way/986753913","name":"王家浜"},"geometry":{"type":"LineString","coordinates":[[121.578469,31.208148],[121.578481,31.208193]]}},{"type":"Feature","properties":{"kind":"waterway","osmId":"way/986808829"},"geometry":{"type":"LineString","coordinates":[[121.576732,31.18851],[121.577625,31.188728],[121.578202,31.188762]]}},{"type":"Feature","properties":{"kind":"waterway","osmId":"way/986808830"},"geometry":{"type":"LineString","coordinates":[[121.575761,31.188325],[121.576732,31.18851]]}},{"type":"Feature","properties":{"kind":"road","osmId":"way/986808831","name":"Luoshan Road","roadClass":"primary"},"geometry":{"type":"LineString","coordinates":[[121.572229,31.202258],[121.572706,31.200337],[121.572959,31.198807],[121.574237,31.194665]]}},{"type":"Feature","properties":{"kind":"road","osmId":"way/986808832","name":"Luoshan Road","roadClass":"primary"},"geometry":{"type":"LineString","coordinates":[[121.574734,31.194771],[121.574521,31.19557]]}},{"type":"Feature","properties":{"kind":"road","osmId":"way/986808833","name":"Luoshan Road","roadClass":"primary"},"geometry":{"type":"LineString","coordinates":[[121.574882,31.194219],[121.574734,31.194771]]}},{"type":"Feature","properties":{"kind":"road","osmId":"way/986808834","name":"Luoshan Road","roadClass":"primary"},"geometry":{"type":"LineString","coordinates":[[121.574237,31.194665],[121.574388,31.194112]]}},{"type":"Feature","properties":{"kind":"waterway","osmId":"way/986808837"},"geometry":{"type":"LineString","coordinates":[[121.590473,31.188932],[121.590907,31.188852],[121.591086,31.188715],[121.591881,31.187497],[121.592091,31.186963]]}},{"type":"Feature","properties":{"kind":"waterway","osmId":"way/986808838"},"geometry":{"type":"LineString","coordinates":[[121.590362,31.188964],[121.590473,31.188932]]}},{"type":"Feature","properties":{"kind":"road","osmId":"way/1052601746","name":"Gaoqing Road","roadClass":"tertiary"},"geometry":{"type":"LineString","coordinates":[[121.56572,31.175119],[121.564206,31.174702],[121.560991,31.17331]]}},{"type":"Feature","properties":{"kind":"water","osmId":"way/1068373788"},"geometry":{"type":"Polygon","coordinates":[[[121.573244,31.212585],[121.5728,31.210411],[121.573027,31.208374],[121.572941,31.207577],[121.573045,31.207187],[121.572992,31.207102],[121.571882,31.206814],[121.571897,31.206738],[121.572927,31.207013],[121.573212,31.206847],[121.573549,31.203554],[121.573309,31.203305],[121.573332,31.203123],[121.573985,31.203163],[121.574005,31.204164],[121.573642,31.207145],[121.573692,31.207217],[121.574375,31.207225],[121.574736,31.207331],[121.573456,31.207311],[121.573248,31.20758],[121.573226,31.207825],[121.573382,31.208047],[121.573488,31.208493],[121.573268,31.210476],[121.573291,31.210574],[121.573551,31.210683],[121.573018,31.210664],[121.573463,31.212627],[121.573244,31.212585]]]}},{"type":"Feature","properties":{"kind":"road","osmId":"way/1073411316","roadClass":"unclassified"},"geometry":{"type":"LineString","coordinates":[[121.575664,31.188226],[121.575808,31.18767]]}},{"type":"Feature","properties":{"kind":"road","osmId":"way/1073411317","name":"Zhongjiecun Dao","roadClass":"tertiary"},"geometry":{"type":"LineString","coordinates":[[121.576083,31.187709],[121.575808,31.18767]]}},{"type":"Feature","properties":{"kind":"road","osmId":"way/1073411318","name":"Xinchen Road","roadClass":"tertiary"},"geometry":{"type":"LineString","coordinates":[[121.566355,31.183239],[121.576317,31.185259]]}},{"type":"Feature","properties":{"kind":"road","osmId":"way/1073411319","roadClass":"unclassified"},"geometry":{"type":"LineString","coordinates":[[121.574155,31.193981],[121.575642,31.188308]]}},{"type":"Feature","properties":{"kind":"road","osmId":"way/1073411320","roadClass":"unclassified"},"geometry":{"type":"LineString","coordinates":[[121.569282,31.175314],[121.569526,31.174761],[121.57008,31.174956],[121.57038,31.175268]]}},{"type":"Feature","properties":{"kind":"road","osmId":"way/1082103802","name":"Zuchongzhi Road","roadClass":"secondary"},"geometry":{"type":"LineString","coordinates":[[121.582193,31.203864],[121.584755,31.204307]]}},{"type":"Feature","properties":{"kind":"road","osmId":"way/1082103803","name":"Songtao Road","roadClass":"residential"},"geometry":{"type":"LineString","coordinates":[[121.582182,31.203925],[121.581606,31.207224]]}},{"type":"Feature","properties":{"kind":"road","osmId":"way/1082103811","name":"Longyang Road","roadClass":"primary"},"geometry":{"type":"LineString","coordinates":[[121.565725,31.208792],[121.561624,31.206919],[121.559872,31.20635],[121.55834,31.206167]]}},{"type":"Feature","properties":{"kind":"road","osmId":"way/1082103812","name":"Longdong Avenue","roadClass":"primary"},"geometry":{"type":"LineString","coordinates":[[121.582663,31.214933],[121.579922,31.214106]]}},{"type":"Feature","properties":{"kind":"road","osmId":"way/1082103813","name":"Keyuan Road","roadClass":"tertiary"},"geometry":{"type":"LineString","coordinates":[[121.584329,31.207576],[121.584746,31.204373]]}},{"type":"Feature","properties":{"kind":"road","osmId":"way/1082103814","name":"Bibo Road","roadClass":"tertiary"},"geometry":{"type":"LineString","coordinates":[[121.583915,31.210908],[121.581073,31.210276]]}},{"type":"Feature","properties":{"kind":"road","osmId":"way/1082103815","name":"Songtao Road","roadClass":"residential"},"geometry":{"type":"LineString","coordinates":[[121.581606,31.207224],[121.581073,31.210276]]}},{"type":"Feature","properties":{"kind":"road","osmId":"way/1082103816","name":"Songtao Road","roadClass":"residential"},"geometry":{"type":"LineString","coordinates":[[121.582737,31.200862],[121.58236,31.202939]]}},{"type":"Feature","properties":{"kind":"road","osmId":"way/1082103817","name":"Chunxiao Road","roadClass":"residential"},"geometry":{"type":"LineString","coordinates":[[121.581606,31.207224],[121.584329,31.207576]]}},{"type":"Feature","properties":{"kind":"road","osmId":"way/1082103818","name":"Chunxiao Road","roadClass":"residential"},"geometry":{"type":"LineString","coordinates":[[121.574609,31.206307],[121.578443,31.206807]]}},{"type":"Feature","properties":{"kind":"road","osmId":"way/1082103819","name":"Bibo Road","roadClass":"tertiary"},"geometry":{"type":"LineString","coordinates":[[121.578443,31.206807],[121.579197,31.203516]]}},{"type":"Feature","properties":{"kind":"road","osmId":"way/1082103820","name":"Bibo Road","roadClass":"tertiary"},"geometry":{"type":"LineString","coordinates":[[121.579214,31.203443],[121.579354,31.202864]]}},{"type":"Feature","properties":{"kind":"road","osmId":"way/1082103821","name":"Zuchongzhi Road","roadClass":"secondary"},"geometry":{"type":"LineString","coordinates":[[121.579197,31.203516],[121.575275,31.203002]]}},{"type":"Feature","properties":{"kind":"road","osmId":"way/1082103822","name":"Zuchongzhi Road","roadClass":"secondary"},"geometry":{"type":"LineString","coordinates":[[121.609607,31.210949],[121.608749,31.210172]]}},{"type":"Feature","properties":{"kind":"road","osmId":"way/1082103823","name":"Zhangjiang Road","roadClass":"secondary"},"geometry":{"type":"LineString","coordinates":[[121.606544,31.215883],[121.608676,31.210114]]}},{"type":"Feature","properties":{"kind":"road","osmId":"way/1082103824","name":"Zhangjiang Road","roadClass":"secondary"},"geometry":{"type":"LineString","coordinates":[[121.604342,31.221776],[121.606544,31.215883]]}},{"type":"Feature","properties":{"kind":"road","osmId":"way/1082103825","name":"Dangui Road","roadClass":"tertiary"},"geometry":{"type":"LineString","coordinates":[[121.61844,31.217698],[121.61693,31.217593]]}},{"type":"Feature","properties":{"kind":"road","osmId":"way/1082103826","name":"Qingtong Road","roadClass":"residential"},"geometry":{"type":"LineString","coordinates":[[121.618443,31.217658],[121.61844,31.217698]]}},{"type":"Feature","properties":{"kind":"road","osmId":"way/1082103827","name":"Guanglan Road","roadClass":"tertiary"},"geometry":{"type":"LineString","coordinates":[[121.613594,31.213845],[121.613468,31.214727]]}},{"type":"Feature","properties":{"kind":"road","osmId":"way/1082103828","name":"Zuchongzhi Road","roadClass":"secondary"},"geometry":{"type":"LineString","coordinates":[[121.62111,31.213612],[121.620789,31.2136]]}},{"type":"Feature","properties":{"kind":"road","osmId":"way/1082103829","name":"Shenjiang Road","roadClass":"primary"},"geometry":{"type":"LineString","coordinates":[[121.62111,31.213612],[121.621092,31.215701]]}},{"type":"Feature","properties":{"kind":"road","osmId":"way/1082103830","name":"Shenjiang Road","roadClass":"primary"},"geometry":{"type":"LineString","coordinates":[[121.620916,31.202111],[121.621033,31.20295]]}},{"type":"Feature","properties":{"kind":"road","osmId":"way/1082103831","name":"Middle Gaoke Road","roadClass":"primary"},"geometry":{"type":"LineString","coordinates":[[121.626197,31.20434],[121.623854,31.203701]]}},{"type":"Feature","properties":{"kind":"road","osmId":"way/1082103832","name":"Shengxia Road","roadClass":"residential"},"geometry":{"type":"LineString","coordinates":[[121.626197,31.20434],[121.626245,31.204246]]}},{"type":"Feature","properties":{"kind":"road","osmId":"way/1082103833","name":"Yijang Road","roadClass":"residential"},"geometry":{"type":"LineString","coordinates":[[121.632,31.202843],[121.631889,31.202812]]}},{"type":"Feature","properties":{"kind":"road","osmId":"way/1082103834","name":"Zhangdong Road","roadClass":"secondary"},"geometry":{"type":"LineString","coordinates":[[121.630382,31.205483],[121.631889,31.202812]]}},{"type":"Feature","properties":{"kind":"road","osmId":"way/1082103835","name":"Zhangdong Road","roadClass":"secondary"},"geometry":{"type":"LineString","coordinates":[[121.631889,31.202812],[121.633525,31.199922]]}},{"type":"Feature","properties":{"kind":"road","osmId":"way/1082103836","name":"Middle Gaoke Road","roadClass":"primary"},"geometry":{"type":"LineString","coordinates":[[121.630382,31.205483],[121.626197,31.20434]]}},{"type":"Feature","properties":{"kind":"road","osmId":"way/1082103847","name":"Zuchongzhi Road","roadClass":"secondary"},"geometry":{"type":"LineString","coordinates":[[121.573495,31.202551],[121.574211,31.202671]]}},{"type":"Feature","properties":{"kind":"road","osmId":"way/1082103848","name":"Zuchongzhi Road","roadClass":"secondary"},"geometry":{"type":"LineString","coordinates":[[121.572857,31.202287],[121.572921,31.202455],[121.573495,31.202551]]}},{"type":"Feature","properties":{"kind":"road","osmId":"way/1082103871","name":"Middle Gaoke Road","roadClass":"primary"},"geometry":{"type":"LineString","coordinates":[[121.626245,31.204246],[121.630548,31.205417]]}},{"type":"Feature","properties":{"kind":"road","osmId":"way/1082103872","name":"Zhangdong Road","roadClass":"secondary"},"geometry":{"type":"LineString","coordinates":[[121.632,31.202843],[121.630548,31.205417]]}},{"type":"Feature","properties":{"kind":"road","osmId":"way/1082103873","name":"Zhangdong Road","roadClass":"secondary"},"geometry":{"type":"LineString","coordinates":[[121.633663,31.1999],[121.633064,31.200948]]}},{"type":"Feature","properties":{"kind":"road","osmId":"way/1082103874","name":"Yijang Road","roadClass":"residential"},"geometry":{"type":"LineString","coordinates":[[121.62712,31.201511],[121.626384,31.201312]]}},{"type":"Feature","properties":{"kind":"road","osmId":"way/1082103875","name":"Shengxia Road","roadClass":"residential"},"geometry":{"type":"LineString","coordinates":[[121.626245,31.204246],[121.627557,31.20163]]}},{"type":"Feature","properties":{"kind":"road","osmId":"way/1082103876","name":"Shengxia Road","roadClass":"residential"},"geometry":{"type":"LineString","coordinates":[[121.627557,31.20163],[121.629205,31.198326]]}},{"type":"Feature","properties":{"kind":"road","osmId":"way/1082103877","name":"Middle Gaoke Road","roadClass":"primary"},"geometry":{"type":"LineString","coordinates":[[121.623901,31.203607],[121.626245,31.204246]]}},{"type":"Feature","properties":{"kind":"road","osmId":"way/1082103878","name":"Middle Gaoke Road","roadClass":"primary"},"geometry":{"type":"LineString","coordinates":[[121.618349,31.20208],[121.620621,31.202703]]}},{"type":"Feature","properties":{"kind":"road","osmId":"way/1082103879","name":"Shenjiang Road","roadClass":"primary"},"geometry":{"type":"LineString","coordinates":[[121.620646,31.202845],[121.620621,31.202703]]}},{"type":"Feature","properties":{"kind":"road","osmId":"way/1082103880","name":"Shenjiang Road","roadClass":"primary"},"geometry":{"type":"LineString","coordinates":[[121.620786,31.213528],[121.620784,31.210141]]}},{"type":"Feature","properties":{"kind":"road","osmId":"way/1082103881","name":"Zuchongzhi Road","roadClass":"secondary"},"geometry":{"type":"LineString","coordinates":[[121.613703,31.21297],[121.615029,31.213233]]}},{"type":"Feature","properties":{"kind":"road","osmId":"way/1082103882","name":"Guanglan Road","roadClass":"tertiary"},"geometry":{"type":"LineString","coordinates":[[121.613426,31.214722],[121.613627,31.213171]]}},{"type":"Feature","properties":{"kind":"road","osmId":"way/1082103883","name":"Guanglan Road","roadClass":"tertiary"},"geometry":{"type":"LineString","coordinates":[[121.613105,31.217091],[121.613426,31.214722]]}},{"type":"Feature","properties":{"kind":"road","osmId":"way/1082103884","name":"Xiangnan Road","roadClass":"residential"},"geometry":{"type":"LineString","coordinates":[[121.613426,31.214722],[121.613468,31.214727]]}},{"type":"Feature","properties":{"kind":"road","osmId":"way/1082103885","name":"Qingtong Road","roadClass":"residential"},"geometry":{"type":"LineString","coordinates":[[121.618051,31.215333],[121.618362,31.215605],[121.618507,31.215965],[121.618443,31.217658]]}},{"type":"Feature","properties":{"kind":"road","osmId":"way/1082103886","name":"Dangui Road","roadClass":"tertiary"},"geometry":{"type":"LineString","coordinates":[[121.616945,31.217563],[121.618443,31.217658]]}},{"type":"Feature","properties":{"kind":"road","osmId":"way/1082103887","name":"Dangui Road","roadClass":"tertiary"},"geometry":{"type":"LineString","coordinates":[[121.606618,31.215899],[121.606544,31.215883]]}},{"type":"Feature","properties":{"kind":"road","osmId":"way/1082103888","name":"Zhangjiang Road","roadClass":"secondary"},"geometry":{"type":"LineString","coordinates":[[121.608749,31.210172],[121.606618,31.215899]]}},{"type":"Feature","properties":{"kind":"road","osmId":"way/1082103891","name":"Zhangjiang Road","roadClass":"secondary"},"geometry":{"type":"LineString","coordinates":[[121.610039,31.208402],[121.609234,31.209327],[121.608779,31.210105]]}},{"type":"Feature","properties":{"kind":"road","osmId":"way/1082103892","name":"Zuchongzhi Road","roadClass":"secondary"},"geometry":{"type":"LineString","coordinates":[[121.608779,31.210105],[121.609669,31.210918]]}},{"type":"Feature","properties":{"kind":"road","osmId":"way/1082103893","name":"Zuchongzhi Road","roadClass":"secondary"},"geometry":{"type":"LineString","coordinates":[[121.574211,31.202671],[121.579214,31.203443]]}},{"type":"Feature","properties":{"kind":"road","osmId":"way/1082103894","name":"Keyuan Road","roadClass":"tertiary"},"geometry":{"type":"LineString","coordinates":[[121.584755,31.204307],[121.585129,31.201289]]}},{"type":"Feature","properties":{"kind":"road","osmId":"way/1082103895","name":"Keyuan Road","roadClass":"tertiary"},"geometry":{"type":"LineString","coordinates":[[121.582663,31.214933],[121.58286,31.214573]]}},{"type":"Feature","properties":{"kind":"road","osmId":"way/1082103896","name":"Longdong Avenue","roadClass":"primary"},"geometry":{"type":"LineString","coordinates":[[121.581205,31.214056],[121.58286,31.214573]]}},{"type":"Feature","properties":{"kind":"road","osmId":"way/1082120791","roadClass":"primary"},"geometry":{"type":"LineString","coordinates":[[121.620749,31.208891],[121.620825,31.205355],[121.620741,31.20483]]}},{"type":"Feature","properties":{"kind":"road","osmId":"way/1082227595","name":"Shenjiang Road","roadClass":"primary"},"geometry":{"type":"LineString","coordinates":[[121.621033,31.20295],[121.621133,31.204086]]}},{"type":"Feature","properties":{"kind":"road","osmId":"way/1082227596","name":"Shenjiang Road","roadClass":"primary"},"geometry":{"type":"LineString","coordinates":[[121.6211,31.208942],[121.621095,31.2096]]}},{"type":"Feature","properties":{"kind":"road","osmId":"way/1082236610","name":"Fangchun Road","roadClass":"tertiary"},"geometry":{"type":"LineString","coordinates":[[121.633844,31.211407],[121.633836,31.211636]]}},{"type":"Feature","properties":{"kind":"road","osmId":"way/1082236633","name":"Fangchun Road","roadClass":"tertiary"},"geometry":{"type":"LineString","coordinates":[[121.633986,31.208378],[121.633844,31.211407]]}},{"type":"Feature","properties":{"kind":"road","osmId":"way/1082236634","name":"Fangchun Road","roadClass":"tertiary"},"geometry":{"type":"LineString","coordinates":[[121.633753,31.211638],[121.633756,31.211414]]}},{"type":"Feature","properties":{"kind":"road","osmId":"way/1082236635","name":"Fangchun Road","roadClass":"tertiary"},"geometry":{"type":"LineString","coordinates":[[121.633756,31.211414],[121.633986,31.208378]]}},{"type":"Feature","properties":{"kind":"road","osmId":"way/1082236636","roadClass":"tertiary"},"geometry":{"type":"LineString","coordinates":[[121.631318,31.208192],[121.631341,31.214062]]}},{"type":"Feature","properties":{"kind":"road","osmId":"way/1082236637","roadClass":"tertiary"},"geometry":{"type":"LineString","coordinates":[[121.625057,31.211861],[121.633834,31.211829]]}},{"type":"Feature","properties":{"kind":"road","osmId":"way/1082351037","name":"Middle Gaoke Road","roadClass":"primary"},"geometry":{"type":"LineString","coordinates":[[121.580586,31.197327],[121.578349,31.196759],[121.576517,31.196176]]}},{"type":"Feature","properties":{"kind":"road","osmId":"way/1082351038","name":"Zuchongzhi Road","roadClass":"secondary"},"geometry":{"type":"LineString","coordinates":[[121.608676,31.210114],[121.607531,31.209247],[121.606747,31.208791],[121.605451,31.208241],[121.604246,31.207931]]}},{"type":"Feature","properties":{"kind":"road","osmId":"way/1082351039","name":"Gaosi Road","roadClass":"tertiary"},"geometry":{"type":"LineString","coordinates":[[121.604267,31.207865],[121.604246,31.207931]]}},{"type":"Feature","properties":{"kind":"road","osmId":"way/1082351040","name":"Ziwei Road","roadClass":"tertiary"},"geometry":{"type":"LineString","coordinates":[[121.612848,31.205727],[121.612813,31.205637]]}},{"type":"Feature","properties":{"kind":"road","osmId":"way/1082351041","name":"Zhangjiang Road","roadClass":"secondary"},"geometry":{"type":"LineString","coordinates":[[121.612848,31.205727],[121.610311,31.20814]]}},{"type":"Feature","properties":{"kind":"road","osmId":"way/1082351042","name":"Zhangjiang Road","roadClass":"secondary"},"geometry":{"type":"LineString","coordinates":[[121.608779,31.210105],[121.608749,31.210172]]}},{"type":"Feature","properties":{"kind":"road","osmId":"way/1082351043","name":"Zhangjiang Road","roadClass":"secondary"},"geometry":{"type":"LineString","coordinates":[[121.626308,31.188408],[121.626245,31.188668]]}},{"type":"Feature","properties":{"kind":"road","osmId":"way/1082351044","name":"Middle Huaxia Road","roadClass":"primary"},"geometry":{"type":"LineString","coordinates":[[121.632205,31.189767],[121.628547,31.189107]]}},{"type":"Feature","properties":{"kind":"road","osmId":"way/1082351045","name":"Zhongke Road","roadClass":"tertiary"},"geometry":{"type":"LineString","coordinates":[[121.633635,31.192412],[121.632907,31.192318]]}},{"type":"Feature","properties":{"kind":"road","osmId":"way/1082351049","name":"Zhongke Road","roadClass":"tertiary"},"geometry":{"type":"LineString","coordinates":[[121.632907,31.192318],[121.631768,31.192171]]}},{"type":"Feature","properties":{"kind":"road","osmId":"way/1082351053","name":"Middle Huaxia Road","roadClass":"primary"},"geometry":{"type":"LineString","coordinates":[[121.631365,31.189344],[121.632284,31.189502]]}},{"type":"Feature","properties":{"kind":"road","osmId":"way/1082351054","name":"Sunhuan Road","roadClass":"tertiary"},"geometry":{"type":"LineString","coordinates":[[121.632253,31.189605],[121.632205,31.189767]]}},{"type":"Feature","properties":{"kind":"road","osmId":"way/1082351055","roadClass":"primary"},"geometry":{"type":"LineString","coordinates":[[121.633162,31.189932],[121.633013,31.189751],[121.632253,31.189605]]}},{"type":"Feature","properties":{"kind":"road","osmId":"way/1082351056","roadClass":"primary"},"geometry":{"type":"LineString","coordinates":[[121.631365,31.189344],[121.631548,31.18949],[121.632253,31.189605]]}},{"type":"Feature","properties":{"kind":"road","osmId":"way/1082351057","name":"Zhongke Road","roadClass":"tertiary"},"geometry":{"type":"LineString","coordinates":[[121.631768,31.192171],[121.628123,31.191707]]}},{"type":"Feature","properties":{"kind":"road","osmId":"way/1082351058","name":"Sunhuan Road","roadClass":"tertiary"},"geometry":{"type":"LineString","coordinates":[[121.632284,31.189502],[121.632253,31.189605]]}},{"type":"Feature","properties":{"kind":"road","osmId":"way/1082351059","name":"Middle Huaxia Road","roadClass":"primary"},"geometry":{"type":"LineString","coordinates":[[121.632284,31.189502],[121.634811,31.189993]]}},{"type":"Feature","properties":{"kind":"road","osmId":"way/1082351060","name":"Middle Huaxia Road","roadClass":"primary"},"geometry":{"type":"LineString","coordinates":[[121.626308,31.188408],[121.626807,31.188513]]}},{"type":"Feature","properties":{"kind":"road","osmId":"way/1082351061","name":"Gaosi Road","roadClass":"tertiary"},"geometry":{"type":"LineString","coordinates":[[121.604246,31.207931],[121.601992,31.214885]]}},{"type":"Feature","properties":{"kind":"road","osmId":"way/1082351062","name":"Zuchongzhi Road","roadClass":"secondary"},"geometry":{"type":"LineString","coordinates":[[121.604267,31.207865],[121.605695,31.20825],[121.606623,31.208651],[121.607772,31.209318],[121.608708,31.210045]]}},{"type":"Feature","properties":{"kind":"road","osmId":"way/1082351063","name":"Zuchongzhi Road","roadClass":"secondary"},"geometry":{"type":"LineString","coordinates":[[121.579214,31.203443],[121.582193,31.203864]]}},{"type":"Feature","properties":{"kind":"road","osmId":"way/1082351064","name":"Bibo Road","roadClass":"tertiary"},"geometry":{"type":"LineString","coordinates":[[121.579197,31.203516],[121.579214,31.203443]]}},{"type":"Feature","properties":{"kind":"road","osmId":"way/1082351065","name":"Daerwen Road","roadClass":"tertiary"},"geometry":{"type":"LineString","coordinates":[[121.580663,31.197239],[121.580641,31.197341]]}},{"type":"Feature","properties":{"kind":"road","osmId":"way/1082351066","name":"Middle Gaoke Road","roadClass":"primary"},"geometry":{"type":"LineString","coordinates":[[121.576573,31.196084],[121.578379,31.196662],[121.580604,31.197225]]}},{"type":"Feature","properties":{"kind":"road","osmId":"way/1082484227","roadClass":"primary"},"geometry":{"type":"LineString","coordinates":[[121.620001,31.199091],[121.619946,31.199047]]}},{"type":"Feature","properties":{"kind":"road","osmId":"way/1082525684","name":"Keyuan Road","roadClass":"tertiary"},"geometry":{"type":"LineString","coordinates":[[121.583915,31.210908],[121.584329,31.207576]]}},{"type":"Feature","properties":{"kind":"road","osmId":"way/1082525689","name":"Zuchongzhi Road","roadClass":"secondary"},"geometry":{"type":"LineString","coordinates":[[121.584755,31.204307],[121.585408,31.204424]]}},{"type":"Feature","properties":{"kind":"road","osmId":"way/1082525690","name":"Zuchongzhi Road","roadClass":"secondary"},"geometry":{"type":"LineString","coordinates":[[121.581185,31.203786],[121.579197,31.203516]]}},{"type":"Feature","properties":{"kind":"road","osmId":"way/1082709247","name":"Guanglan Road","roadClass":"tertiary"},"geometry":{"type":"LineString","coordinates":[[121.615848,31.208526],[121.616129,31.208089]]}},{"type":"Feature","properties":{"kind":"road","osmId":"way/1082709248","name":"Ziwei Road","roadClass":"tertiary"},"geometry":{"type":"LineString","coordinates":[[121.616129,31.208089],[121.615361,31.207613]]}},{"type":"Feature","properties":{"kind":"road","osmId":"way/1082709249","name":"Zhangjiang Road","roadClass":"secondary"},"geometry":{"type":"LineString","coordinates":[[121.612813,31.205637],[121.614966,31.203552]]}},{"type":"Feature","properties":{"kind":"road","osmId":"way/1082709250","name":"Yijang Road","roadClass":"residential"},"geometry":{"type":"LineString","coordinates":[[121.626384,31.201312],[121.625202,31.200991]]}},{"type":"Feature","properties":{"kind":"road","osmId":"way/1082709251","name":"Zhangheng Road","roadClass":"secondary"},"geometry":{"type":"LineString","coordinates":[[121.622964,31.196565],[121.624371,31.196819]]}},{"type":"Feature","properties":{"kind":"road","osmId":"way/1082709252","name":"Zhangheng Road","roadClass":"secondary"},"geometry":{"type":"LineString","coordinates":[[121.620575,31.196135],[121.62225,31.196436]]}},{"type":"Feature","properties":{"kind":"road","osmId":"way/1082709253","name":"Zhangjiang Road","roadClass":"secondary"},"geometry":{"type":"LineString","coordinates":[[121.62225,31.196436],[121.622378,31.196265]]}},{"type":"Feature","properties":{"kind":"road","osmId":"way/1082709254","name":"Zhangheng Road","roadClass":"secondary"},"geometry":{"type":"LineString","coordinates":[[121.591216,31.190335],[121.593217,31.190808]]}},{"type":"Feature","properties":{"kind":"road","osmId":"way/1082709255","name":"Zhangheng Road","roadClass":"secondary"},"geometry":{"type":"LineString","coordinates":[[121.587198,31.189583],[121.589334,31.189973]]}},{"type":"Feature","properties":{"kind":"road","osmId":"way/1082709256","name":"Keyuan Road","roadClass":"tertiary"},"geometry":{"type":"LineString","coordinates":[[121.587116,31.189568],[121.58773,31.187061]]}},{"type":"Feature","properties":{"kind":"road","osmId":"way/1082709257","name":"Keyuan Road","roadClass":"tertiary"},"geometry":{"type":"LineString","coordinates":[[121.585129,31.201289],[121.585494,31.198522]]}},{"type":"Feature","properties":{"kind":"road","osmId":"way/1082709258","name":"Chenhui Road","roadClass":"residential"},"geometry":{"type":"LineString","coordinates":[[121.579941,31.200365],[121.582737,31.200862]]}},{"type":"Feature","properties":{"kind":"road","osmId":"way/1082709259","name":"Chenhui Road","roadClass":"residential"},"geometry":{"type":"LineString","coordinates":[[121.576292,31.199828],[121.576824,31.199808],[121.579905,31.200358]]}},{"type":"Feature","properties":{"kind":"road","osmId":"way/1082709260","name":"Bibo Road","roadClass":"tertiary"},"geometry":{"type":"LineString","coordinates":[[121.579905,31.200358],[121.580586,31.197327]]}},{"type":"Feature","properties":{"kind":"road","osmId":"way/1082709261","name":"Zuchongzhi Road","roadClass":"secondary"},"geometry":{"type":"LineString","coordinates":[[121.584746,31.204373],[121.582182,31.203925]]}},{"type":"Feature","properties":{"kind":"road","osmId":"way/1082709262","name":"Keyuan Road","roadClass":"tertiary"},"geometry":{"type":"LineString","coordinates":[[121.584746,31.204373],[121.584755,31.204307]]}},{"type":"Feature","properties":{"kind":"road","osmId":"way/1082709263","name":"Keyuan Road","roadClass":"tertiary"},"geometry":{"type":"LineString","coordinates":[[121.587812,31.187076],[121.587198,31.189583]]}},{"type":"Feature","properties":{"kind":"road","osmId":"way/1082709264","name":"Zhangheng Road","roadClass":"secondary"},"geometry":{"type":"LineString","coordinates":[[121.589298,31.190037],[121.588256,31.189848]]}},{"type":"Feature","properties":{"kind":"road","osmId":"way/1082709265","name":"Zhangheng Road","roadClass":"secondary"},"geometry":{"type":"LineString","coordinates":[[121.593194,31.19087],[121.591195,31.190395]]}},{"type":"Feature","properties":{"kind":"road","osmId":"way/1082709266","name":"Huatuo Road","roadClass":"residential"},"geometry":{"type":"LineString","coordinates":[[121.591195,31.190395],[121.591216,31.190335]]}},{"type":"Feature","properties":{"kind":"road","osmId":"way/1082709267","name":"Ziwei Road","roadClass":"tertiary"},"geometry":{"type":"LineString","coordinates":[[121.616166,31.208113],[121.616129,31.208089]]}},{"type":"Feature","properties":{"kind":"road","osmId":"way/1082709268","name":"Guanglan Road","roadClass":"tertiary"},"geometry":{"type":"LineString","coordinates":[[121.616166,31.208113],[121.615878,31.208566]]}},{"type":"Feature","properties":{"kind":"road","osmId":"way/1082709269","name":"Guanglan Road","roadClass":"tertiary"},"geometry":{"type":"LineString","coordinates":[[121.615003,31.203518],[121.615069,31.203567]]}},{"type":"Feature","properties":{"kind":"road","osmId":"way/1082709270","name":"Zhangjiang Road","roadClass":"secondary"},"geometry":{"type":"LineString","coordinates":[[121.61636,31.202352],[121.615069,31.203567]]}},{"type":"Feature","properties":{"kind":"road","osmId":"way/1082709271","name":"Zhangjiang Road","roadClass":"secondary"},"geometry":{"type":"LineString","coordinates":[[121.622294,31.196513],[121.622066,31.196772]]}},{"type":"Feature","properties":{"kind":"road","osmId":"way/1082709272","name":"Zhangheng Road","roadClass":"secondary"},"geometry":{"type":"LineString","coordinates":[[121.622421,31.196536],[121.622294,31.196513]]}},{"type":"Feature","properties":{"kind":"road","osmId":"way/1082709273","name":"Zhangheng Road","roadClass":"secondary"},"geometry":{"type":"LineString","coordinates":[[121.633631,31.199962],[121.633525,31.199922]]}},{"type":"Feature","properties":{"kind":"road","osmId":"way/1082709274","name":"Zhangdong Road","roadClass":"secondary"},"geometry":{"type":"LineString","coordinates":[[121.633525,31.199922],[121.633731,31.1995]]}},{"type":"Feature","properties":{"kind":"road","osmId":"way/1082709275","name":"Zhangheng Road","roadClass":"secondary"},"geometry":{"type":"LineString","coordinates":[[121.629205,31.198326],[121.626986,31.197506]]}},{"type":"Feature","properties":{"kind":"road","osmId":"way/1082709276","name":"Shengxia Road","roadClass":"residential"},"geometry":{"type":"LineString","coordinates":[[121.629205,31.198326],[121.629236,31.198264]]}},{"type":"Feature","properties":{"kind":"road","osmId":"way/1082709277","name":"Yijang Road","roadClass":"residential"},"geometry":{"type":"LineString","coordinates":[[121.627557,31.20163],[121.62712,31.201511]]}},{"type":"Feature","properties":{"kind":"road","osmId":"way/1085378005","name":"Luoshan Road","roadClass":"primary"},"geometry":{"type":"LineString","coordinates":[[121.569587,31.216155],[121.569024,31.217588]]}},{"type":"Feature","properties":{"kind":"road","osmId":"way/1085378006","name":"Keyuan Road","roadClass":"tertiary"},"geometry":{"type":"LineString","coordinates":[[121.587181,31.189654],[121.587086,31.190041]]}},{"type":"Feature","properties":{"kind":"road","osmId":"way/1085378008","name":"Zhangheng Road","roadClass":"secondary"},"geometry":{"type":"LineString","coordinates":[[121.588256,31.189848],[121.587181,31.189654]]}},{"type":"Feature","properties":{"kind":"road","osmId":"way/1085378009","name":"Cailun Road","roadClass":"tertiary"},"geometry":{"type":"LineString","coordinates":[[121.586974,31.192946],[121.586315,31.192825]]}},{"type":"Feature","properties":{"kind":"road","osmId":"way/1085378010","name":"Keyuan Road","roadClass":"tertiary"},"geometry":{"type":"LineString","coordinates":[[121.586172,31.193427],[121.586315,31.192825]]}},{"type":"Feature","properties":{"kind":"road","osmId":"way/1085378011","name":"Chenhui Road","roadClass":"residential"},"geometry":{"type":"LineString","coordinates":[[121.582737,31.200862],[121.585129,31.201289]]}},{"type":"Feature","properties":{"kind":"road","osmId":"way/1085378012","name":"Guoshoujing Road","roadClass":"tertiary"},"geometry":{"type":"LineString","coordinates":[[121.583915,31.210908],[121.592561,31.212813]]}},{"type":"Feature","properties":{"kind":"road","osmId":"way/1085378013","name":"Juli Road","roadClass":"residential"},"geometry":{"type":"LineString","coordinates":[[121.592561,31.212813],[121.59225,31.216292]]}},{"type":"Feature","properties":{"kind":"road","osmId":"way/1085378014","name":"Lishizhen Road","roadClass":"residential"},"geometry":{"type":"LineString","coordinates":[[121.583519,31.212895],[121.59225,31.216292]]}},{"type":"Feature","properties":{"kind":"road","osmId":"way/1085378015","name":"Keyuan Road","roadClass":"tertiary"},"geometry":{"type":"LineString","coordinates":[[121.58286,31.214573],[121.583519,31.212895]]}},{"type":"Feature","properties":{"kind":"road","osmId":"way/1085378016","name":"Longdong Avenue","roadClass":"primary"},"geometry":{"type":"LineString","coordinates":[[121.578585,31.21345],[121.581205,31.214056]]}},{"type":"Feature","properties":{"kind":"road","osmId":"way/1085378017","name":"Longdong Elevated Road","roadClass":"trunk"},"geometry":{"type":"LineString","coordinates":[[121.579994,31.213905],[121.581273,31.214217]]}},{"type":"Feature","properties":{"kind":"road","osmId":"way/1085378071","name":"Longdong Elevated Road","roadClass":"trunk"},"geometry":{"type":"LineString","coordinates":[[121.576578,31.213053],[121.579994,31.213905]]}},{"type":"Feature","properties":{"kind":"water","osmId":"way/1086435034"},"geometry":{"type":"Polygon","coordinates":[[[121.573309,31.203305],[121.572791,31.203022],[121.572438,31.202677],[121.571289,31.202058],[121.570063,31.201891],[121.569128,31.201631],[121.568997,31.201698],[121.566826,31.201414],[121.549936,31.198666],[121.549971,31.198447],[121.562059,31.200461],[121.567918,31.201345],[121.568013,31.201262],[121.568114,31.201375],[121.570139,31.20163],[121.570295,31.201794],[121.571257,31.201929],[121.571402,31.200977],[121.571465,31.200999],[121.57137,31.201933],[121.572531,31.202544],[121.57312,31.203065],[121.573332,31.203123],[121.573309,31.203305]]]}},{"type":"Feature","properties":{"kind":"water","osmId":"way/1086435035"},"geometry":{"type":"Polygon","coordinates":[[[121.567939,31.198132],[121.567794,31.198031],[121.567846,31.197916],[121.569759,31.19807],[121.572214,31.198537],[121.57048,31.198398],[121.569665,31.198182],[121.567939,31.198132]]]}},{"type":"Feature","properties":{"kind":"water","osmId":"way/1086435036"},"geometry":{"type":"Polygon","coordinates":[[[121.568063,31.201062],[121.567991,31.200949],[121.5683,31.199232],[121.568365,31.199423],[121.568289,31.199971],[121.568412,31.200015],[121.568515,31.199839],[121.568479,31.200015],[121.568741,31.20008],[121.568864,31.19991],[121.568792,31.200157],[121.56825,31.20012],[121.568063,31.201062]]]}},{"type":"Feature","properties":{"kind":"road","osmId":"way/1086435040","roadClass":"residential"},"geometry":{"type":"LineString","coordinates":[[121.571118,31.200055],[121.571628,31.200147],[121.572062,31.200344]]}},{"type":"Feature","properties":{"kind":"water","osmId":"way/1086435047"},"geometry":{"type":"Polygon","coordinates":[[[121.568993,31.203449],[121.569148,31.203482],[121.569279,31.202462],[121.568993,31.203449]]]}},{"type":"Feature","properties":{"kind":"water","osmId":"way/1086435048"},"geometry":{"type":"Polygon","coordinates":[[[121.570925,31.203854],[121.571191,31.203878],[121.571388,31.202884],[121.571076,31.202835],[121.570925,31.203854]]]}},{"type":"Feature","properties":{"kind":"water","osmId":"way/1086435062"},"geometry":{"type":"Polygon","coordinates":[[[121.565129,31.20489],[121.565206,31.204618],[121.56535,31.204623],[121.56539,31.204919],[121.565129,31.20489]]]}},{"type":"Feature","properties":{"kind":"water","osmId":"way/1086438067"},"geometry":{"type":"Polygon","coordinates":[[[121.571226,31.195553],[121.571206,31.195393],[121.571291,31.19535],[121.572184,31.195631],[121.572113,31.19577],[121.571226,31.195553]]]}},{"type":"Feature","properties":{"kind":"road","osmId":"way/1093745667","name":"Jinke Road","roadClass":"primary"},"geometry":{"type":"LineString","coordinates":[[121.596973,31.191696],[121.597094,31.190119]]}},{"type":"Feature","properties":{"kind":"road","osmId":"way/1093745668","name":"Zhangheng Road","roadClass":"secondary"},"geometry":{"type":"LineString","coordinates":[[121.597127,31.191733],[121.599828,31.192322]]}},{"type":"Feature","properties":{"kind":"road","osmId":"way/1093745669","name":"Songtao Road","roadClass":"residential"},"geometry":{"type":"LineString","coordinates":[[121.58236,31.202939],[121.582269,31.203437]]}},{"type":"Feature","properties":{"kind":"road","osmId":"way/1093745679","name":"Songtao Road","roadClass":"residential"},"geometry":{"type":"LineString","coordinates":[[121.582269,31.203437],[121.582193,31.203864]]}},{"type":"Feature","properties":{"kind":"road","osmId":"way/1093745680","name":"Songtao Road","roadClass":"residential"},"geometry":{"type":"LineString","coordinates":[[121.582193,31.203864],[121.582182,31.203925]]}},{"type":"Feature","properties":{"kind":"road","osmId":"way/1093745681","name":"Zuchongzhi Road","roadClass":"secondary"},"geometry":{"type":"LineString","coordinates":[[121.582182,31.203925],[121.581185,31.203786]]}},{"type":"Feature","properties":{"kind":"road","osmId":"way/1093745682","name":"Zhangheng Road","roadClass":"secondary"},"geometry":{"type":"LineString","coordinates":[[121.5998,31.192387],[121.597121,31.191807]]}},{"type":"Feature","properties":{"kind":"road","osmId":"way/1093745683","name":"Jinke Road","roadClass":"primary"},"geometry":{"type":"LineString","coordinates":[[121.597249,31.190128],[121.597127,31.191733]]}},{"type":"Feature","properties":{"kind":"road","osmId":"way/1095431884","name":"Longdong Avenue","roadClass":"primary"},"geometry":{"type":"LineString","coordinates":[[121.605309,31.222363],[121.60432,31.222197]]}},{"type":"Feature","properties":{"kind":"road","osmId":"way/1095431885","name":"Jinqiao Road","roadClass":"secondary"},"geometry":{"type":"LineString","coordinates":[[121.604386,31.222],[121.60432,31.222197]]}},{"type":"Feature","properties":{"kind":"road","osmId":"way/1095431922","name":"Zhangjiang Road","roadClass":"secondary"},"geometry":{"type":"LineString","coordinates":[[121.604276,31.221978],[121.604342,31.221776]]}},{"type":"Feature","properties":{"kind":"road","osmId":"way/1095431923","name":"Longdong Avenue","roadClass":"primary"},"geometry":{"type":"LineString","coordinates":[[121.604342,31.221776],[121.605438,31.222015]]}},{"type":"Feature","properties":{"kind":"road","osmId":"way/1118850765","name":"Middle Huaxia Road","roadClass":"primary"},"geometry":{"type":"LineString","coordinates":[[121.597241,31.175456],[121.59756,31.175546]]}},{"type":"Feature","properties":{"kind":"road","osmId":"way/1118850766","name":"Middle Huaxia Road","roadClass":"primary"},"geometry":{"type":"LineString","coordinates":[[121.59756,31.175546],[121.597902,31.175655]]}},{"type":"Feature","properties":{"kind":"road","osmId":"way/1118850769","name":"Middle Huaxia Road","roadClass":"primary"},"geometry":{"type":"LineString","coordinates":[[121.59748,31.175992],[121.597014,31.175839]]}},{"type":"Feature","properties":{"kind":"road","osmId":"way/1118850770","name":"Middle Huaxia Road","roadClass":"primary"},"geometry":{"type":"LineString","coordinates":[[121.597766,31.176086],[121.59748,31.175992]]}},{"type":"Feature","properties":{"kind":"road","osmId":"way/1126187986","name":"Gebaini Road","roadClass":"tertiary"},"geometry":{"type":"LineString","coordinates":[[121.609278,31.182398],[121.609285,31.182323]]}},{"type":"Feature","properties":{"kind":"road","osmId":"way/1126187987","name":"Gebaini Road","roadClass":"tertiary"},"geometry":{"type":"LineString","coordinates":[[121.609048,31.184974],[121.60906,31.184835]]}},{"type":"Feature","properties":{"kind":"road","osmId":"way/1126187988","name":"Chuanhe Road","roadClass":"residential"},"geometry":{"type":"LineString","coordinates":[[121.606626,31.18343],[121.606668,31.183365]]}},{"type":"Feature","properties":{"kind":"road","osmId":"way/1126187989","name":"Naxian Road","roadClass":"residential"},"geometry":{"type":"LineString","coordinates":[[121.601423,31.181523],[121.601447,31.181445]]}},{"type":"Feature","properties":{"kind":"road","osmId":"way/1126187990","name":"Zhongke Road","roadClass":"tertiary"},"geometry":{"type":"LineString","coordinates":[[121.59778,31.180998],[121.59996,31.181176],[121.601447,31.181445]]}},{"type":"Feature","properties":{"kind":"road","osmId":"way/1126187991","name":"Jinke Road","roadClass":"primary"},"geometry":{"type":"LineString","coordinates":[[121.597548,31.184063],[121.597625,31.183039]]}},{"type":"Feature","properties":{"kind":"road","osmId":"way/1126187992","name":"Haike Road","roadClass":"tertiary"},"geometry":{"type":"LineString","coordinates":[[121.597625,31.183039],[121.597779,31.183066]]}},{"type":"Feature","properties":{"kind":"road","osmId":"way/1126187993","name":"Haike Road","roadClass":"tertiary"},"geometry":{"type":"LineString","coordinates":[[121.588856,31.182648],[121.591424,31.182955],[121.593902,31.183114]]}},{"type":"Feature","properties":{"kind":"road","osmId":"way/1126187994","name":"Keyuan Road","roadClass":"tertiary"},"geometry":{"type":"LineString","coordinates":[[121.588856,31.182648],[121.588882,31.182708]]}},{"type":"Feature","properties":{"kind":"road","osmId":"way/1126187995","name":"Keyuan Road","roadClass":"tertiary"},"geometry":{"type":"LineString","coordinates":[[121.587099,31.189639],[121.587116,31.189568]]}},{"type":"Feature","properties":{"kind":"road","osmId":"way/1126187996","name":"Zhangheng Road","roadClass":"secondary"},"geometry":{"type":"LineString","coordinates":[[121.587181,31.189654],[121.587099,31.189639]]}},{"type":"Feature","properties":{"kind":"road","osmId":"way/1126187997","name":"Cailun Road","roadClass":"tertiary"},"geometry":{"type":"LineString","coordinates":[[121.598681,31.194908],[121.596769,31.194543]]}},{"type":"Feature","properties":{"kind":"road","osmId":"way/1126187998","name":"Jinke Road","roadClass":"primary"},"geometry":{"type":"LineString","coordinates":[[121.596475,31.198436],[121.596769,31.194543]]}},{"type":"Feature","properties":{"kind":"road","osmId":"way/1126187999","name":"Jinke Road","roadClass":"primary"},"geometry":{"type":"LineString","coordinates":[[121.596112,31.203254],[121.596338,31.200217]]}},{"type":"Feature","properties":{"kind":"road","osmId":"way/1126188000","name":"Chenhui Road","roadClass":"residential"},"geometry":{"type":"LineString","coordinates":[[121.590922,31.202319],[121.596112,31.203254]]}},{"type":"Feature","properties":{"kind":"road","osmId":"way/1126188001","name":"Chenhui Road","roadClass":"residential"},"geometry":{"type":"LineString","coordinates":[[121.598207,31.203714],[121.598064,31.203601]]}},{"type":"Feature","properties":{"kind":"road","osmId":"way/1126188002","name":"Liangjing Road","roadClass":"residential"},"geometry":{"type":"LineString","coordinates":[[121.598207,31.203714],[121.598202,31.203547]]}},{"type":"Feature","properties":{"kind":"road","osmId":"way/1126188003","name":"Liangjing Road","roadClass":"residential"},"geometry":{"type":"LineString","coordinates":[[121.604155,31.204395],[121.602937,31.205699],[121.60251,31.205949],[121.601986,31.205968],[121.599831,31.205592]]}},{"type":"Feature","properties":{"kind":"road","osmId":"way/1126188004","name":"Halei Road","roadClass":"residential"},"geometry":{"type":"LineString","coordinates":[[121.599779,31.207058],[121.599831,31.205592]]}},{"type":"Feature","properties":{"kind":"road","osmId":"way/1126188005","name":"Zuchongzhi Road","roadClass":"secondary"},"geometry":{"type":"LineString","coordinates":[[121.597035,31.206555],[121.599779,31.207058]]}},{"type":"Feature","properties":{"kind":"road","osmId":"way/1126188006","name":"Baiye Road","roadClass":"residential"},"geometry":{"type":"LineString","coordinates":[[121.605319,31.179946],[121.605512,31.179554]]}},{"type":"Feature","properties":{"kind":"road","osmId":"way/1126188007","name":"Baiye Road","roadClass":"residential"},"geometry":{"type":"LineString","coordinates":[[121.60563,31.179597],[121.605424,31.179994]]}},{"type":"Feature","properties":{"kind":"road","osmId":"way/1126188008","name":"Baiye Road","roadClass":"residential"},"geometry":{"type":"LineString","coordinates":[[121.605116,31.180078],[121.605319,31.179946]]}},{"type":"Feature","properties":{"kind":"road","osmId":"way/1126188009","name":"Baiye Road","roadClass":"residential"},"geometry":{"type":"LineString","coordinates":[[121.605512,31.179554],[121.606068,31.17865],[121.60563,31.179597]]}},{"type":"Feature","properties":{"kind":"road","osmId":"way/1126188010","name":"Zuchongzhi Road","roadClass":"secondary"},"geometry":{"type":"LineString","coordinates":[[121.596046,31.206375],[121.597035,31.206555]]}},{"type":"Feature","properties":{"kind":"road","osmId":"way/1126188011","name":"Zuchongzhi Road","roadClass":"secondary"},"geometry":{"type":"LineString","coordinates":[[121.599779,31.207058],[121.604267,31.207865]]}},{"type":"Feature","properties":{"kind":"road","osmId":"way/1126188012","name":"Jinke Road","roadClass":"primary"},"geometry":{"type":"LineString","coordinates":[[121.596483,31.20034],[121.596254,31.203279]]}},{"type":"Feature","properties":{"kind":"road","osmId":"way/1126188013","name":"Jinke Road","roadClass":"primary"},"geometry":{"type":"LineString","coordinates":[[121.597121,31.191807],[121.59692,31.194524]]}},{"type":"Feature","properties":{"kind":"road","osmId":"way/1126188014","name":"Cailun Road","roadClass":"tertiary"},"geometry":{"type":"LineString","coordinates":[[121.59692,31.194524],[121.598698,31.194874]]}},{"type":"Feature","properties":{"kind":"road","osmId":"way/1126188015","name":"Zhangheng Road","roadClass":"secondary"},"geometry":{"type":"LineString","coordinates":[[121.587116,31.189568],[121.587198,31.189583]]}},{"type":"Feature","properties":{"kind":"road","osmId":"way/1126188035","name":"Keyuan Road","roadClass":"tertiary"},"geometry":{"type":"LineString","coordinates":[[121.587198,31.189583],[121.587181,31.189654]]}},{"type":"Feature","properties":{"kind":"road","osmId":"way/1126188036","name":"Haike Road","roadClass":"tertiary"},"geometry":{"type":"LineString","coordinates":[[121.593892,31.183168],[121.591417,31.183009],[121.588882,31.182708]]}},{"type":"Feature","properties":{"kind":"road","osmId":"way/1126188037","name":"Rongke Road","roadClass":"residential"},"geometry":{"type":"LineString","coordinates":[[121.599996,31.179873],[121.601819,31.180209]]}},{"type":"Feature","properties":{"kind":"road","osmId":"way/1126188038","name":"Zhongke Road","roadClass":"tertiary"},"geometry":{"type":"LineString","coordinates":[[121.601423,31.181523],[121.599758,31.181234]]}},{"type":"Feature","properties":{"kind":"road","osmId":"way/1126188039","name":"Naxian Road","roadClass":"residential"},"geometry":{"type":"LineString","coordinates":[[121.600842,31.183455],[121.601423,31.181523]]}},{"type":"Feature","properties":{"kind":"road","osmId":"way/1126188040","name":"Naxian Road","roadClass":"residential"},"geometry":{"type":"LineString","coordinates":[[121.601819,31.180209],[121.602147,31.179019]]}},{"type":"Feature","properties":{"kind":"road","osmId":"way/1126188041","name":"Rongke Road","roadClass":"residential"},"geometry":{"type":"LineString","coordinates":[[121.607323,31.18248],[121.609165,31.183564]]}},{"type":"Feature","properties":{"kind":"road","osmId":"way/1126188042","name":"Chuanhe Road","roadClass":"residential"},"geometry":{"type":"LineString","coordinates":[[121.607323,31.18248],[121.608025,31.18153]]}},{"type":"Feature","properties":{"kind":"road","osmId":"way/1126188043","name":"Chuanhe Road","roadClass":"residential"},"geometry":{"type":"LineString","coordinates":[[121.606668,31.183365],[121.607323,31.18248]]}},{"type":"Feature","properties":{"kind":"road","osmId":"way/1126188044","name":"Gebaini Road","roadClass":"tertiary"},"geometry":{"type":"LineString","coordinates":[[121.608751,31.188224],[121.609048,31.184974]]}},{"type":"Feature","properties":{"kind":"road","osmId":"way/1126188045","name":"Gebaini Road","roadClass":"tertiary"},"geometry":{"type":"LineString","coordinates":[[121.609285,31.182323],[121.609368,31.181595]]}},{"type":"Feature","properties":{"kind":"road","osmId":"way/1126188046","roadClass":"residential"},"geometry":{"type":"LineString","coordinates":[[121.602147,31.179019],[121.605337,31.180091]]}},{"type":"Feature","properties":{"kind":"road","osmId":"way/1126188047","name":"Naxian Road","roadClass":"residential"},"geometry":{"type":"LineString","coordinates":[[121.60055,31.184424],[121.600842,31.183455]]}},{"type":"Feature","properties":{"kind":"road","osmId":"way/1126188048","name":"Haike Road","roadClass":"residential"},"geometry":{"type":"LineString","coordinates":[[121.599414,31.1832],[121.600842,31.183455]]}},{"type":"Feature","properties":{"kind":"road","osmId":"way/1126188049","name":"Jinke Road","roadClass":"primary"},"geometry":{"type":"LineString","coordinates":[[121.597779,31.183066],[121.597707,31.184026]]}},{"type":"Feature","properties":{"kind":"road","osmId":"way/1126188050","name":"Jinke Road","roadClass":"primary"},"geometry":{"type":"LineString","coordinates":[[121.597625,31.183039],[121.597774,31.181079]]}},{"type":"Feature","properties":{"kind":"road","osmId":"way/1126188051","name":"Zhongke Road","roadClass":"tertiary"},"geometry":{"type":"LineString","coordinates":[[121.597929,31.181085],[121.597774,31.181079]]}},{"type":"Feature","properties":{"kind":"road","osmId":"way/1126188052","name":"Jinke Road","roadClass":"primary"},"geometry":{"type":"LineString","coordinates":[[121.597929,31.181085],[121.59787,31.181863]]}},{"type":"Feature","properties":{"kind":"road","osmId":"way/1126188053","name":"Jinke Road","roadClass":"primary"},"geometry":{"type":"LineString","coordinates":[[121.597853,31.182096],[121.597779,31.183066]]}},{"type":"Feature","properties":{"kind":"road","osmId":"way/1126188054","name":"Zhongke Road","roadClass":"tertiary"},"geometry":{"type":"LineString","coordinates":[[121.598759,31.181131],[121.597929,31.181085]]}},{"type":"Feature","properties":{"kind":"road","osmId":"way/1134818936","name":"Zhangheng Road","roadClass":"secondary"},"geometry":{"type":"LineString","coordinates":[[121.576083,31.187709],[121.576651,31.187594]]}},{"type":"Feature","properties":{"kind":"road","osmId":"way/1134818937","name":"Luoshan Road","roadClass":"primary"},"geometry":{"type":"LineString","coordinates":[[121.576651,31.187594],[121.574882,31.194219]]}},{"type":"Feature","properties":{"kind":"road","osmId":"way/1134818953","name":"Middle Huaxia Road","roadClass":"primary"},"geometry":{"type":"LineString","coordinates":[[121.597902,31.175655],[121.598253,31.17578]]}},{"type":"Feature","properties":{"kind":"road","osmId":"way/1134818956","name":"Luoshan Road","roadClass":"primary"},"geometry":{"type":"LineString","coordinates":[[121.576083,31.187709],[121.576406,31.186498]]}},{"type":"Feature","properties":{"kind":"road","osmId":"way/1153985120","name":"Sunjian Road","roadClass":"residential"},"geometry":{"type":"LineString","coordinates":[[121.631994,31.184051],[121.632431,31.184192]]}},{"type":"Feature","properties":{"kind":"road","osmId":"way/1153985121","name":"Sunjian Road","roadClass":"residential"},"geometry":{"type":"LineString","coordinates":[[121.631169,31.183828],[121.631994,31.184051]]}},{"type":"Feature","properties":{"kind":"road","osmId":"way/1153985122","name":"Sunjian Road","roadClass":"residential"},"geometry":{"type":"LineString","coordinates":[[121.629449,31.183351],[121.631169,31.183828]]}},{"type":"Feature","properties":{"kind":"road","osmId":"way/1153985123","name":"Sunyao Road","roadClass":"residential"},"geometry":{"type":"LineString","coordinates":[[121.631169,31.183828],[121.630601,31.185684]]}},{"type":"Feature","properties":{"kind":"road","osmId":"way/1153985124","name":"Gaomuqiao Road","roadClass":"residential"},"geometry":{"type":"LineString","coordinates":[[121.628658,31.185384],[121.626505,31.185357]]}},{"type":"Feature","properties":{"kind":"road","osmId":"way/1153985125","name":"Sunqiao Road","roadClass":"tertiary"},"geometry":{"type":"LineString","coordinates":[[121.626505,31.185357],[121.626608,31.183232]]}},{"type":"Feature","properties":{"kind":"road","osmId":"way/1153985126","name":"Sunqiao Road","roadClass":"tertiary"},"geometry":{"type":"LineString","coordinates":[[121.626712,31.18111],[121.626774,31.179622]]}},{"type":"Feature","properties":{"kind":"road","osmId":"way/1153985131","name":"Sunnong Road","roadClass":"residential"},"geometry":{"type":"LineString","coordinates":[[121.621695,31.180896],[121.621737,31.180001]]}},{"type":"Feature","properties":{"kind":"road","osmId":"way/1153985132","name":"Sunnong Road","roadClass":"residential"},"geometry":{"type":"LineString","coordinates":[[121.622858,31.175532],[121.622047,31.177007]]}},{"type":"Feature","properties":{"kind":"road","osmId":"way/1153985133","name":"Shenjiang Road","roadClass":"primary"},"geometry":{"type":"LineString","coordinates":[[121.616637,31.175425],[121.616605,31.173202]]}},{"type":"Feature","properties":{"kind":"road","osmId":"way/1154018893","name":"Shenjiang Road","roadClass":"primary"},"geometry":{"type":"LineString","coordinates":[[121.616961,31.173342],[121.61701,31.175489]]}},{"type":"Feature","properties":{"kind":"road","osmId":"way/1154018896","name":"Gaomuqiao Road","roadClass":"residential"},"geometry":{"type":"LineString","coordinates":[[121.633433,31.186491],[121.630601,31.185684]]}},{"type":"Feature","properties":{"kind":"road","osmId":"way/1154018897","name":"Sunhuan Road","roadClass":"tertiary"},"geometry":{"type":"LineString","coordinates":[[121.633433,31.186491],[121.632284,31.189502]]}},{"type":"Feature","properties":{"kind":"road","osmId":"way/1154018898","name":"Sunhuan Road","roadClass":"tertiary"},"geometry":{"type":"LineString","coordinates":[[121.634128,31.184679],[121.633433,31.186491]]}},{"type":"Feature","properties":{"kind":"road","osmId":"way/1154018899","name":"Sunjian Road","roadClass":"residential"},"geometry":{"type":"LineString","coordinates":[[121.634128,31.184679],[121.637068,31.185505]]}},{"type":"Feature","properties":{"kind":"road","osmId":"way/1155935700","name":"Zhangdong Road","roadClass":"secondary"},"geometry":{"type":"LineString","coordinates":[[121.633835,31.199531],[121.633663,31.1999]]}},{"type":"Feature","properties":{"kind":"road","osmId":"way/1155935701","name":"Zhangheng Road","roadClass":"secondary"},"geometry":{"type":"LineString","coordinates":[[121.627016,31.197444],[121.629236,31.198264]]}},{"type":"Feature","properties":{"kind":"road","osmId":"way/1155935702","name":"Guanglan Road","roadClass":"tertiary"},"geometry":{"type":"LineString","coordinates":[[121.613627,31.213171],[121.613662,31.212961]]}},{"type":"Feature","properties":{"kind":"road","osmId":"way/1155935703","name":"Zuchongzhi Road","roadClass":"secondary"},"geometry":{"type":"LineString","coordinates":[[121.613688,31.213178],[121.613627,31.213171]]}},{"type":"Feature","properties":{"kind":"road","osmId":"way/1155935704","name":"Zhangdong Road","roadClass":"secondary"},"geometry":{"type":"LineString","coordinates":[[121.633064,31.200948],[121.632,31.202843]]}},{"type":"Feature","properties":{"kind":"road","osmId":"way/1156981785","roadClass":"residential"},"geometry":{"type":"LineString","coordinates":[[121.619354,31.218168],[121.619383,31.217761]]}},{"type":"Feature","properties":{"kind":"road","osmId":"way/1174591648","name":"Middle Ring Road","roadClass":"trunk"},"geometry":{"type":"LineString","coordinates":[[121.619653,31.195885],[121.618876,31.19143]]}},{"type":"Feature","properties":{"kind":"road","osmId":"way/1174591650","roadClass":"trunk"},"geometry":{"type":"LineString","coordinates":[[121.618734,31.187799],[121.618957,31.189833],[121.618946,31.190783]]}},{"type":"Feature","properties":{"kind":"road","osmId":"way/1174591651","name":"Huaxia Elevated Road","roadClass":"trunk"},"geometry":{"type":"LineString","coordinates":[[121.610241,31.180475],[121.615573,31.183034],[121.617677,31.184166]]}},{"type":"Feature","properties":{"kind":"road","osmId":"way/1177412347","name":"Zhongke Road","roadClass":"tertiary"},"geometry":{"type":"LineString","coordinates":[[121.60906,31.184835],[121.611206,31.186245],[121.611138,31.186325],[121.609048,31.184974]]}},{"type":"Feature","properties":{"kind":"road","osmId":"way/1177412348","name":"Zhongke Road","roadClass":"tertiary"},"geometry":{"type":"LineString","coordinates":[[121.611206,31.186245],[121.61404,31.187779],[121.61564,31.188455]]}},{"type":"Feature","properties":{"kind":"road","osmId":"way/1177412349","name":"Zhongke Road","roadClass":"tertiary"},"geometry":{"type":"LineString","coordinates":[[121.618481,31.189517],[121.615579,31.18854],[121.613964,31.187868],[121.611138,31.186325]]}},{"type":"Feature","properties":{"kind":"road","osmId":"way/1177605626","name":"Keyuan Road","roadClass":"tertiary"},"geometry":{"type":"LineString","coordinates":[[121.585919,31.195488],[121.585681,31.197378]]}},{"type":"Feature","properties":{"kind":"road","osmId":"way/1177605627","name":"Huatuo Road","roadClass":"residential"},"geometry":{"type":"LineString","coordinates":[[121.585919,31.195488],[121.581497,31.194763]]}},{"type":"Feature","properties":{"kind":"road","osmId":"way/1177605628","name":"Zhangdong Road","roadClass":"secondary"},"geometry":{"type":"LineString","coordinates":[[121.628303,31.22352],[121.627731,31.225967]]}},{"type":"Feature","properties":{"kind":"road","osmId":"way/1177605629","name":"Zhangdong Road","roadClass":"secondary"},"geometry":{"type":"LineString","coordinates":[[121.628563,31.220802],[121.628529,31.22227]]}},{"type":"Feature","properties":{"kind":"road","osmId":"way/1177605630","name":"Zhangdong Road","roadClass":"secondary"},"geometry":{"type":"LineString","coordinates":[[121.628554,31.218138],[121.628556,31.218196]]}},{"type":"Feature","properties":{"kind":"road","osmId":"way/1177605631","name":"Jinqiu Road","roadClass":"residential"},"geometry":{"type":"LineString","coordinates":[[121.628556,31.218196],[121.628438,31.21819]]}},{"type":"Feature","properties":{"kind":"road","osmId":"way/1177605632","name":"Jinqiu Road","roadClass":"residential"},"geometry":{"type":"LineString","coordinates":[[121.633835,31.218438],[121.633762,31.218434]]}},{"type":"Feature","properties":{"kind":"road","osmId":"way/1177605633","name":"Fangchun Road","roadClass":"tertiary"},"geometry":{"type":"LineString","coordinates":[[121.633762,31.218434],[121.633753,31.211638]]}},{"type":"Feature","properties":{"kind":"road","osmId":"way/1177848993","roadClass":"residential"},"geometry":{"type":"LineString","coordinates":[[121.62589,31.219948],[121.625975,31.219787],[121.625264,31.219041],[121.625037,31.218227]]}},{"type":"Feature","properties":{"kind":"road","osmId":"way/1177848995","roadClass":"residential"},"geometry":{"type":"LineString","coordinates":[[121.625745,31.220053],[121.624848,31.219263],[121.624629,31.21892],[121.624479,31.218227]]}},{"type":"Feature","properties":{"kind":"road","osmId":"way/1177848996","roadClass":"residential"},"geometry":{"type":"LineString","coordinates":[[121.626705,31.220508],[121.62589,31.219948]]}},{"type":"Feature","properties":{"kind":"road","osmId":"way/1177848997","roadClass":"residential"},"geometry":{"type":"LineString","coordinates":[[121.625745,31.220053],[121.626158,31.22037]]}},{"type":"Feature","properties":{"kind":"water","osmId":"way/1192603887"},"geometry":{"type":"Polygon","coordinates":[[[121.579236,31.206101],[121.579462,31.206246],[121.579627,31.206128],[121.579142,31.205951],[121.579341,31.205825],[121.578933,31.205886],[121.578818,31.206151],[121.579076,31.206038],[121.579236,31.206101]]]}},{"type":"Feature","properties":{"kind":"road","osmId":"way/1206333418","name":"Guanglan Road","roadClass":"tertiary"},"geometry":{"type":"LineString","coordinates":[[121.613703,31.21297],[121.613688,31.213178]]}},{"type":"Feature","properties":{"kind":"road","osmId":"way/1206333419","name":"Zuchongzhi Road","roadClass":"secondary"},"geometry":{"type":"LineString","coordinates":[[121.613662,31.212961],[121.613703,31.21297]]}},{"type":"Feature","properties":{"kind":"road","osmId":"way/1206333420","name":"Longdong Avenue","roadClass":"primary"},"geometry":{"type":"LineString","coordinates":[[121.592504,31.219593],[121.589799,31.218704]]}},{"type":"Feature","properties":{"kind":"road","osmId":"way/1206333421","name":"Longsan Road","roadClass":"residential"},"geometry":{"type":"LineString","coordinates":[[121.592133,31.220508],[121.592296,31.220115]]}},{"type":"Feature","properties":{"kind":"road","osmId":"way/1206661105","name":"Guanglan Road","roadClass":"tertiary"},"geometry":{"type":"LineString","coordinates":[[121.612606,31.223232],[121.612627,31.221016]]}},{"type":"Feature","properties":{"kind":"road","osmId":"way/1206661106","name":"Zuchongzhi Road","roadClass":"secondary"},"geometry":{"type":"LineString","coordinates":[[121.59319,31.205859],[121.596046,31.206375]]}},{"type":"Feature","properties":{"kind":"road","osmId":"way/1206661107","name":"Dangui Road","roadClass":"tertiary"},"geometry":{"type":"LineString","coordinates":[[121.60982,31.216601],[121.608185,31.216243]]}},{"type":"Feature","properties":{"kind":"road","osmId":"way/1206661108","name":"Xiangnan Road","roadClass":"residential"},"geometry":{"type":"LineString","coordinates":[[121.609311,31.21841],[121.60982,31.216601]]}},{"type":"Feature","properties":{"kind":"road","osmId":"way/1206661109","name":"Xiangnan Road","roadClass":"residential"},"geometry":{"type":"LineString","coordinates":[[121.60982,31.216601],[121.610254,31.215095],[121.610695,31.21462],[121.611266,31.21449],[121.613426,31.214722]]}},{"type":"Feature","properties":{"kind":"road","osmId":"way/1206772212","name":"Zhangdong Road","roadClass":"secondary"},"geometry":{"type":"LineString","coordinates":[[121.628325,31.223451],[121.628303,31.22352]]}},{"type":"Feature","properties":{"kind":"road","osmId":"way/1206772213","name":"Shenjiang Road","roadClass":"primary"},"geometry":{"type":"LineString","coordinates":[[121.620789,31.2136],[121.620786,31.213528]]}},{"type":"Feature","properties":{"kind":"road","osmId":"way/1206772214","name":"Dangui Road","roadClass":"tertiary"},"geometry":{"type":"LineString","coordinates":[[121.620791,31.217845],[121.61844,31.217698]]}},{"type":"Feature","properties":{"kind":"road","osmId":"way/1206772215","name":"Dangui Road","roadClass":"tertiary"},"geometry":{"type":"LineString","coordinates":[[121.628303,31.22352],[121.628176,31.22348]]}},{"type":"Feature","properties":{"kind":"road","osmId":"way/1206772216","name":"Zhangdong Road","roadClass":"secondary"},"geometry":{"type":"LineString","coordinates":[[121.628176,31.22348],[121.62834,31.222703]]}},{"type":"Feature","properties":{"kind":"park","osmId":"way/1209984831"},"geometry":{"type":"Polygon","coordinates":[[[121.577657,31.18544],[121.577519,31.185385],[121.577717,31.184685],[121.57766,31.184576],[121.577851,31.184475],[121.57806,31.184517],[121.577657,31.18544]]]}},{"type":"Feature","properties":{"kind":"park","osmId":"way/1209984832"},"geometry":{"type":"Polygon","coordinates":[[[121.577429,31.185488],[121.577603,31.185538],[121.576916,31.187404],[121.577429,31.185488]]]}},{"type":"Feature","properties":{"kind":"road","osmId":"way/1213765952","name":"Yijang Road","roadClass":"residential"},"geometry":{"type":"LineString","coordinates":[[121.623133,31.200432],[121.622844,31.200337]]}},{"type":"Feature","properties":{"kind":"road","osmId":"way/1213765953","name":"Yijang Road","roadClass":"residential"},"geometry":{"type":"LineString","coordinates":[[121.62495,31.200922],[121.623133,31.200432]]}},{"type":"Feature","properties":{"kind":"road","osmId":"way/1213765954","name":"Zhangjiang Road","roadClass":"secondary"},"geometry":{"type":"LineString","coordinates":[[121.622204,31.196497],[121.62225,31.196436]]}},{"type":"Feature","properties":{"kind":"road","osmId":"way/1213765955","name":"Zhangheng Road","roadClass":"secondary"},"geometry":{"type":"LineString","coordinates":[[121.622294,31.196513],[121.622204,31.196497]]}},{"type":"Feature","properties":{"kind":"road","osmId":"way/1213765956","name":"Zhangheng Road","roadClass":"secondary"},"geometry":{"type":"LineString","coordinates":[[121.62225,31.196436],[121.622342,31.196453]]}},{"type":"Feature","properties":{"kind":"road","osmId":"way/1213765957","name":"Zhangjiang Road","roadClass":"secondary"},"geometry":{"type":"LineString","coordinates":[[121.622342,31.196453],[121.622294,31.196513]]}},{"type":"Feature","properties":{"kind":"road","osmId":"way/1213765962","name":"Yinbei Road","roadClass":"residential"},"geometry":{"type":"LineString","coordinates":[[121.622725,31.18094],[121.621695,31.180896]]}},{"type":"Feature","properties":{"kind":"road","osmId":"way/1213765963","name":"Yinbei Road","roadClass":"residential"},"geometry":{"type":"LineString","coordinates":[[121.623264,31.180963],[121.622725,31.18094]]}},{"type":"Feature","properties":{"kind":"road","osmId":"way/1219923831","name":"Zuchongzhi Road","roadClass":"secondary"},"geometry":{"type":"LineString","coordinates":[[121.604246,31.207931],[121.599777,31.207122]]}},{"type":"Feature","properties":{"kind":"road","osmId":"way/1219923832","name":"Jinke Road","roadClass":"primary"},"geometry":{"type":"LineString","coordinates":[[121.596046,31.206375],[121.596044,31.20645]]}},{"type":"Feature","properties":{"kind":"road","osmId":"way/1219923833","name":"Chenhui Road","roadClass":"residential"},"geometry":{"type":"LineString","coordinates":[[121.596112,31.203254],[121.596254,31.203279]]}},{"type":"Feature","properties":{"kind":"road","osmId":"way/1219923834","name":"Jinke Road","roadClass":"primary"},"geometry":{"type":"LineString","coordinates":[[121.596254,31.203279],[121.596046,31.206375]]}},{"type":"Feature","properties":{"kind":"road","osmId":"way/1219923835","name":"Zhangheng Road","roadClass":"secondary"},"geometry":{"type":"LineString","coordinates":[[121.602431,31.192926],[121.599953,31.19242]]}},{"type":"Feature","properties":{"kind":"road","osmId":"way/1219923836","name":"Halei Road","roadClass":"residential"},"geometry":{"type":"LineString","coordinates":[[121.602431,31.192926],[121.602458,31.192865]]}},{"type":"Feature","properties":{"kind":"road","osmId":"way/1219923837","name":"Libing Road","roadClass":"residential"},"geometry":{"type":"LineString","coordinates":[[121.608016,31.198097],[121.608062,31.198099]]}},{"type":"Feature","properties":{"kind":"road","osmId":"way/1219923838","name":"Gebaini Road","roadClass":"tertiary"},"geometry":{"type":"LineString","coordinates":[[121.608058,31.196219],[121.608062,31.198099]]}},{"type":"Feature","properties":{"kind":"road","osmId":"way/1219923839","name":"Jialilue Road","roadClass":"residential"},"geometry":{"type":"LineString","coordinates":[[121.612048,31.194666],[121.612054,31.194602]]}},{"type":"Feature","properties":{"kind":"road","osmId":"way/1219923840","name":"Zhangheng Road","roadClass":"secondary"},"geometry":{"type":"LineString","coordinates":[[121.615814,31.195345],[121.612048,31.194666]]}},{"type":"Feature","properties":{"kind":"road","osmId":"way/1219923841","name":"Zhangheng Road","roadClass":"secondary"},"geometry":{"type":"LineString","coordinates":[[121.619935,31.196106],[121.615814,31.195345]]}},{"type":"Feature","properties":{"kind":"road","osmId":"way/1219923842","name":"Faladi Road","roadClass":"residential"},"geometry":{"type":"LineString","coordinates":[[121.615814,31.195345],[121.615835,31.195276]]}},{"type":"Feature","properties":{"kind":"road","osmId":"way/1219923843","name":"Cailun Road","roadClass":"tertiary"},"geometry":{"type":"LineString","coordinates":[[121.614459,31.19731],[121.617238,31.198915]]}},{"type":"Feature","properties":{"kind":"road","osmId":"way/1219923844","name":"Cailun Branch Road","roadClass":"residential"},"geometry":{"type":"LineString","coordinates":[[121.618022,31.19793],[121.619194,31.196456]]}},{"type":"Feature","properties":{"kind":"road","osmId":"way/1219923845","roadClass":"residential"},"geometry":{"type":"LineString","coordinates":[[121.618022,31.19793],[121.619177,31.1986]]}},{"type":"Feature","properties":{"kind":"road","osmId":"way/1219923846","name":"Zhangjiang Road","roadClass":"secondary"},"geometry":{"type":"LineString","coordinates":[[121.61909,31.2],[121.617128,31.20166]]}},{"type":"Feature","properties":{"kind":"road","osmId":"way/1219923847","name":"Zhangjiang Road","roadClass":"secondary"},"geometry":{"type":"LineString","coordinates":[[121.620478,31.198554],[121.620001,31.199091]]}},{"type":"Feature","properties":{"kind":"road","osmId":"way/1219923848","roadClass":"residential"},"geometry":{"type":"LineString","coordinates":[[121.619622,31.198858],[121.619946,31.199047]]}},{"type":"Feature","properties":{"kind":"road","osmId":"way/1219923850","roadClass":"residential"},"geometry":{"type":"LineString","coordinates":[[121.619177,31.1986],[121.619622,31.198858]]}},{"type":"Feature","properties":{"kind":"road","osmId":"way/1219923851","name":"Zhangjiang Road","roadClass":"secondary"},"geometry":{"type":"LineString","coordinates":[[121.619946,31.199047],[121.622204,31.196497]]}},{"type":"Feature","properties":{"kind":"road","osmId":"way/1219923852","name":"Zhangjiang Road","roadClass":"secondary"},"geometry":{"type":"LineString","coordinates":[[121.616383,31.202216],[121.619028,31.199961]]}},{"type":"Feature","properties":{"kind":"road","osmId":"way/1219923853","name":"Cailun Road","roadClass":"tertiary"},"geometry":{"type":"LineString","coordinates":[[121.619028,31.199961],[121.61909,31.2]]}},{"type":"Feature","properties":{"kind":"road","osmId":"way/1219923854","name":"Faladi Road","roadClass":"residential"},"geometry":{"type":"LineString","coordinates":[[121.614459,31.19731],[121.615814,31.195345]]}},{"type":"Feature","properties":{"kind":"road","osmId":"way/1219923855","name":"Zhangheng Road","roadClass":"secondary"},"geometry":{"type":"LineString","coordinates":[[121.612054,31.194602],[121.615835,31.195276]]}},{"type":"Feature","properties":{"kind":"road","osmId":"way/1219923856","name":"Jialilue Road","roadClass":"residential"},"geometry":{"type":"LineString","coordinates":[[121.611756,31.196443],[121.612048,31.194666]]}},{"type":"Feature","properties":{"kind":"road","osmId":"way/1219923857","name":"Cailun Road","roadClass":"tertiary"},"geometry":{"type":"LineString","coordinates":[[121.611756,31.196443],[121.614459,31.19731]]}},{"type":"Feature","properties":{"kind":"road","osmId":"way/1219923858","name":"Gebaini Road","roadClass":"tertiary"},"geometry":{"type":"LineString","coordinates":[[121.608016,31.198097],[121.60802,31.196257]]}},{"type":"Feature","properties":{"kind":"road","osmId":"way/1219923859","name":"Libing Road","roadClass":"residential"},"geometry":{"type":"LineString","coordinates":[[121.600226,31.197843],[121.604366,31.198096],[121.608016,31.198097]]}},{"type":"Feature","properties":{"kind":"road","osmId":"way/1219923860","name":"Halei Road","roadClass":"residential"},"geometry":{"type":"LineString","coordinates":[[121.599502,31.199438],[121.600226,31.197843]]}},{"type":"Feature","properties":{"kind":"road","osmId":"way/1219923861","name":"Middle Gaoke Road","roadClass":"primary"},"geometry":{"type":"LineString","coordinates":[[121.59911,31.200313],[121.601016,31.200315]]}},{"type":"Feature","properties":{"kind":"road","osmId":"way/1219923862","name":"Halei Road","roadClass":"residential"},"geometry":{"type":"LineString","coordinates":[[121.599076,31.200418],[121.59911,31.200313]]}},{"type":"Feature","properties":{"kind":"road","osmId":"way/1219923863","name":"Zhangheng Road","roadClass":"secondary"},"geometry":{"type":"LineString","coordinates":[[121.599986,31.192356],[121.602458,31.192865]]}},{"type":"Feature","properties":{"kind":"road","osmId":"way/1219937547","name":"Sunyao Road","roadClass":"residential"},"geometry":{"type":"LineString","coordinates":[[121.6301,31.187615],[121.62975,31.189057]]}},{"type":"Feature","properties":{"kind":"road","osmId":"way/1219937548","name":"Middle Huaxia Road","roadClass":"primary"},"geometry":{"type":"LineString","coordinates":[[121.62975,31.189057],[121.631365,31.189344]]}},{"type":"Feature","properties":{"kind":"road","osmId":"way/1219937549","name":"Zuchongzhi Road","roadClass":"secondary"},"geometry":{"type":"LineString","coordinates":[[121.615029,31.213233],[121.618429,31.21342]]}},{"type":"Feature","properties":{"kind":"road","osmId":"way/1219969192","name":"Jinqiu Road","roadClass":"residential"},"geometry":{"type":"LineString","coordinates":[[121.625066,31.217982],[121.628554,31.218138]]}},{"type":"Feature","properties":{"kind":"road","osmId":"way/1219969193","name":"Shengxia Road","roadClass":"residential"},"geometry":{"type":"LineString","coordinates":[[121.625066,31.217982],[121.625066,31.218041]]}},{"type":"Feature","properties":{"kind":"road","osmId":"way/1219969194","name":"Shengxia Road","roadClass":"residential"},"geometry":{"type":"LineString","coordinates":[[121.62506,31.213779],[121.625066,31.217982]]}},{"type":"Feature","properties":{"kind":"road","osmId":"way/1219969195","name":"Zuchongzhi Road","roadClass":"secondary"},"geometry":{"type":"LineString","coordinates":[[121.62506,31.213716],[121.628539,31.213872]]}},{"type":"Feature","properties":{"kind":"road","osmId":"way/1219969196","name":"Dangui Road","roadClass":"tertiary"},"geometry":{"type":"LineString","coordinates":[[121.627948,31.223412],[121.62619,31.22293]]}},{"type":"Feature","properties":{"kind":"road","osmId":"way/1220195744","name":"Jinke Road","roadClass":"primary"},"geometry":{"type":"LineString","coordinates":[[121.596585,31.198947],[121.596483,31.20034]]}},{"type":"Feature","properties":{"kind":"road","osmId":"way/1220195745","name":"Middle Gaoke Road","roadClass":"primary"},"geometry":{"type":"LineString","coordinates":[[121.599076,31.200418],[121.596483,31.20034]]}},{"type":"Feature","properties":{"kind":"road","osmId":"way/1220195746","name":"Middle Gaoke Road","roadClass":"primary"},"geometry":{"type":"LineString","coordinates":[[121.60114,31.20042],[121.599076,31.200418]]}},{"type":"Feature","properties":{"kind":"road","osmId":"way/1220195747","name":"Zhangheng Road","roadClass":"secondary"},"geometry":{"type":"LineString","coordinates":[[121.604679,31.193338],[121.602431,31.192926]]}},{"type":"Feature","properties":{"kind":"road","osmId":"way/1220195748","name":"Aidisheng Road","roadClass":"residential"},"geometry":{"type":"LineString","coordinates":[[121.604679,31.193338],[121.604685,31.193268]]}},{"type":"Feature","properties":{"kind":"road","osmId":"way/1220195749","name":"Aidisheng Road","roadClass":"residential"},"geometry":{"type":"LineString","coordinates":[[121.604369,31.196019],[121.604372,31.195977]]}},{"type":"Feature","properties":{"kind":"road","osmId":"way/1220195750","name":"Cailun Road","roadClass":"tertiary"},"geometry":{"type":"LineString","coordinates":[[121.607748,31.196035],[121.604369,31.196019]]}},{"type":"Feature","properties":{"kind":"road","osmId":"way/1220195751","name":"Cailun Road","roadClass":"tertiary"},"geometry":{"type":"LineString","coordinates":[[121.60131,31.195434],[121.598927,31.194954]]}},{"type":"Feature","properties":{"kind":"road","osmId":"way/1220195752","name":"Cailun Road","roadClass":"tertiary"},"geometry":{"type":"LineString","coordinates":[[121.604372,31.195977],[121.607834,31.196]]}},{"type":"Feature","properties":{"kind":"road","osmId":"way/1220195753","name":"Aidisheng Road","roadClass":"residential"},"geometry":{"type":"LineString","coordinates":[[121.604372,31.195977],[121.604679,31.193338]]}},{"type":"Feature","properties":{"kind":"road","osmId":"way/1220195757","name":"Zhangheng Road","roadClass":"secondary"},"geometry":{"type":"LineString","coordinates":[[121.602458,31.192865],[121.604685,31.193268]]}},{"type":"Feature","properties":{"kind":"road","osmId":"way/1220195758","name":"Middle Gaoke Road","roadClass":"primary"},"geometry":{"type":"LineString","coordinates":[[121.596338,31.200217],[121.59911,31.200313]]}},{"type":"Feature","properties":{"kind":"road","osmId":"way/1220195759","name":"Jinke Road","roadClass":"primary"},"geometry":{"type":"LineString","coordinates":[[121.596338,31.200217],[121.59644,31.198905]]}},{"type":"Feature","properties":{"kind":"road","osmId":"way/1226569766","name":"Halei Road","roadClass":"residential"},"geometry":{"type":"LineString","coordinates":[[121.599777,31.207122],[121.599779,31.207058]]}},{"type":"Feature","properties":{"kind":"road","osmId":"way/1226569767","name":"Zuchongzhi Road","roadClass":"secondary"},"geometry":{"type":"LineString","coordinates":[[121.599777,31.207122],[121.596044,31.20645]]}},{"type":"Feature","properties":{"kind":"road","osmId":"way/1226569768","name":"Zuchongzhi Road","roadClass":"secondary"},"geometry":{"type":"LineString","coordinates":[[121.608749,31.210172],[121.608676,31.210114]]}},{"type":"Feature","properties":{"kind":"road","osmId":"way/1226569786","name":"Sunnong Road","roadClass":"residential"},"geometry":{"type":"LineString","coordinates":[[121.621593,31.183077],[121.621695,31.180896]]}},{"type":"Feature","properties":{"kind":"road","osmId":"way/1226569787","name":"Sunjian Road","roadClass":"residential"},"geometry":{"type":"LineString","coordinates":[[121.626608,31.183232],[121.628531,31.183302]]}},{"type":"Feature","properties":{"kind":"road","osmId":"way/1226569788","name":"Sunqiao Road","roadClass":"tertiary"},"geometry":{"type":"LineString","coordinates":[[121.626608,31.183232],[121.626712,31.18111]]}},{"type":"Feature","properties":{"kind":"road","osmId":"way/1226569789","name":"Zhangjiang Road","roadClass":"secondary"},"geometry":{"type":"LineString","coordinates":[[121.608676,31.210114],[121.608708,31.210045]]}},{"type":"Feature","properties":{"kind":"road","osmId":"way/1226569790","name":"Zuchongzhi Road","roadClass":"secondary"},"geometry":{"type":"LineString","coordinates":[[121.608708,31.210045],[121.608779,31.210105]]}},{"type":"Feature","properties":{"kind":"road","osmId":"way/1232616406","name":"Shengxia Road","roadClass":"residential"},"geometry":{"type":"LineString","coordinates":[[121.624986,31.213776],[121.624986,31.213712]]}},{"type":"Feature","properties":{"kind":"road","osmId":"way/1232616407","name":"Zuchongzhi Road","roadClass":"secondary"},"geometry":{"type":"LineString","coordinates":[[121.624986,31.213712],[121.62506,31.213716]]}},{"type":"Feature","properties":{"kind":"road","osmId":"way/1232616408","name":"Zuchongzhi Road","roadClass":"secondary"},"geometry":{"type":"LineString","coordinates":[[121.590531,31.205364],[121.59319,31.205859]]}},{"type":"Feature","properties":{"kind":"road","osmId":"way/1232616409","name":"Huoxiang Road","roadClass":"residential"},"geometry":{"type":"LineString","coordinates":[[121.590521,31.205431],[121.590531,31.205364]]}},{"type":"Feature","properties":{"kind":"road","osmId":"way/1232616410","name":"Huoxiang Road","roadClass":"residential"},"geometry":{"type":"LineString","coordinates":[[121.590922,31.202319],[121.591297,31.199426]]}},{"type":"Feature","properties":{"kind":"road","osmId":"way/1232616411","name":"Chenhui Road","roadClass":"residential"},"geometry":{"type":"LineString","coordinates":[[121.585129,31.201289],[121.590922,31.202319]]}},{"type":"Feature","properties":{"kind":"road","osmId":"way/1232616412","name":"Zuchongzhi Road","roadClass":"secondary"},"geometry":{"type":"LineString","coordinates":[[121.62506,31.213779],[121.624986,31.213776]]}},{"type":"Feature","properties":{"kind":"road","osmId":"way/1232616413","name":"Shengxia Road","roadClass":"residential"},"geometry":{"type":"LineString","coordinates":[[121.62506,31.213716],[121.62506,31.213779]]}},{"type":"Feature","properties":{"kind":"road","osmId":"way/1232636100","name":"Dangui Road","roadClass":"tertiary"},"geometry":{"type":"LineString","coordinates":[[121.622305,31.218722],[121.621746,31.21812],[121.62136,31.21794],[121.620791,31.217845]]}},{"type":"Feature","properties":{"kind":"road","osmId":"way/1232636101","name":"Dangui Road","roadClass":"tertiary"},"geometry":{"type":"LineString","coordinates":[[121.628325,31.223451],[121.630584,31.223839]]}},{"type":"Feature","properties":{"kind":"road","osmId":"way/1232636102","name":"Zhangdong Road","roadClass":"secondary"},"geometry":{"type":"LineString","coordinates":[[121.628539,31.213872],[121.628554,31.218138]]}},{"type":"Feature","properties":{"kind":"road","osmId":"way/1232636103","name":"Shenjiang Road","roadClass":"primary"},"geometry":{"type":"LineString","coordinates":[[121.62079,31.217804],[121.620793,31.216383]]}},{"type":"Feature","properties":{"kind":"road","osmId":"way/1232636104","name":"Dangui Road","roadClass":"tertiary"},"geometry":{"type":"LineString","coordinates":[[121.618443,31.217658],[121.62079,31.217804]]}},{"type":"Feature","properties":{"kind":"road","osmId":"way/1232636105","name":"Bibo Road","roadClass":"tertiary"},"geometry":{"type":"LineString","coordinates":[[121.579941,31.200365],[121.579421,31.202638]]}},{"type":"Feature","properties":{"kind":"road","osmId":"way/1232636106","name":"Chenhui Road","roadClass":"residential"},"geometry":{"type":"LineString","coordinates":[[121.579905,31.200358],[121.579941,31.200365]]}},{"type":"Feature","properties":{"kind":"road","osmId":"way/1232998681","name":"Jinke Road","roadClass":"primary"},"geometry":{"type":"LineString","coordinates":[[121.59778,31.180998],[121.597852,31.180058]]}},{"type":"Feature","properties":{"kind":"road","osmId":"way/1232998682","name":"Jinke Road","roadClass":"primary"},"geometry":{"type":"LineString","coordinates":[[121.597774,31.181079],[121.59778,31.180998]]}},{"type":"Feature","properties":{"kind":"road","osmId":"way/1234309289","roadClass":"residential"},"geometry":{"type":"LineString","coordinates":[[121.637355,31.178912],[121.635636,31.17828],[121.634928,31.179626]]}},{"type":"Feature","properties":{"kind":"road","osmId":"way/1234309290","roadClass":"residential"},"geometry":{"type":"LineString","coordinates":[[121.634928,31.179626],[121.636451,31.180228]]}},{"type":"Feature","properties":{"kind":"road","osmId":"way/1237939188","name":"Nancui Road","roadClass":"residential"},"geometry":{"type":"LineString","coordinates":[[121.601845,31.175285],[121.60217,31.175713],[121.60442,31.176634]]}},{"type":"Feature","properties":{"kind":"park","osmId":"way/1258224456","name":"张江主题公园"},"geometry":{"type":"Polygon","coordinates":[[[121.604493,31.207484],[121.604826,31.207566],[121.604823,31.207734],[121.604932,31.20781],[121.605716,31.207963],[121.605778,31.207674],[121.60637,31.207044],[121.606558,31.207105],[121.607062,31.206424],[121.607368,31.206176],[121.606993,31.205768],[121.606609,31.20552],[121.605874,31.206192],[121.605155,31.206174],[121.605019,31.206374],[121.605182,31.206589],[121.604911,31.2072],[121.604587,31.20717],[121.604493,31.207484]]]}},{"type":"Feature","properties":{"kind":"park","osmId":"way/1258224457","name":"亮景公园"},"geometry":{"type":"Polygon","coordinates":[[[121.603281,31.207268],[121.604254,31.207445],[121.604665,31.206429],[121.605268,31.205635],[121.605166,31.205433],[121.604195,31.204536],[121.60261,31.206057],[121.603281,31.207268]]]}},{"type":"Feature","properties":{"kind":"road","osmId":"way/1258224476","name":"卓闻路","roadClass":"tertiary"},"geometry":{"type":"LineString","coordinates":[[121.612878,31.189803],[121.613103,31.189249],[121.61404,31.187779],[121.615227,31.185587]]}},{"type":"Feature","properties":{"kind":"road","osmId":"way/1271499747","name":"Yindong Road","roadClass":"tertiary"},"geometry":{"type":"LineString","coordinates":[[121.6211,31.208942],[121.620749,31.208891]]}},{"type":"Feature","properties":{"kind":"park","osmId":"way/1286524232","name":"张江碧波公园"},"geometry":{"type":"Polygon","coordinates":[[[121.581255,31.20855],[121.581211,31.208831],[121.579892,31.208654],[121.579024,31.20973],[121.578759,31.209626],[121.578348,31.209316],[121.578153,31.208754],[121.578484,31.207064],[121.578645,31.206948],[121.579381,31.207047],[121.579347,31.207216],[121.579757,31.208352],[121.581255,31.20855]]]}},{"type":"Feature","properties":{"kind":"park","osmId":"way/1286524235"},"geometry":{"type":"Polygon","coordinates":[[[121.581392,31.209022],[121.581478,31.208545],[121.583462,31.208814],[121.583635,31.207597],[121.584093,31.207705],[121.583895,31.209786],[121.583348,31.209717],[121.583412,31.20923],[121.581392,31.209022]]]}},{"type":"Feature","properties":{"kind":"water","osmId":"way/1286524240"},"geometry":{"type":"Polygon","coordinates":[[[121.579925,31.213228],[121.579784,31.213222],[121.579704,31.212885],[121.579898,31.212418],[121.58006,31.212263],[121.580203,31.212258],[121.580097,31.212542],[121.579897,31.212743],[121.579834,31.213037],[121.579925,31.213228]]]}},{"type":"Feature","properties":{"kind":"park","osmId":"way/1286524253"},"geometry":{"type":"Polygon","coordinates":[[[121.576577,31.209675],[121.576827,31.210074],[121.578202,31.209465],[121.577988,31.209036],[121.576577,31.209675]]]}},{"type":"Feature","properties":{"kind":"park","osmId":"way/1286524255"},"geometry":{"type":"Polygon","coordinates":[[[121.578718,31.212879],[121.578956,31.213309],[121.574888,31.212281],[121.57412,31.211887],[121.574167,31.211637],[121.57654,31.212284],[121.576439,31.21258],[121.576874,31.212691],[121.576956,31.21249],[121.576785,31.212443],[121.576848,31.212291],[121.578718,31.212879]]]}},{"type":"Feature","properties":{"kind":"park","osmId":"way/1286524264"},"geometry":{"type":"Polygon","coordinates":[[[121.581887,31.206135],[121.581942,31.205754],[121.583785,31.205987],[121.583975,31.204671],[121.584514,31.204719],[121.584229,31.206986],[121.58364,31.206923],[121.583727,31.206377],[121.581887,31.206135]]]}},{"type":"Feature","properties":{"kind":"park","osmId":"way/1286524266","name":"张江艺术公园"},"geometry":{"type":"Polygon","coordinates":[[[121.58167,31.206082],[121.581751,31.205667],[121.580612,31.205513],[121.580794,31.204237],[121.580957,31.203896],[121.58032,31.203813],[121.580284,31.20397],[121.580416,31.204241],[121.58027,31.204961],[121.580157,31.205062],[121.579768,31.205077],[121.579655,31.205397],[121.578847,31.205367],[121.578578,31.206649],[121.578672,31.206777],[121.57958,31.206898],[121.579877,31.205604],[121.580053,31.205672],[121.58002,31.205848],[121.58167,31.206082]]]}},{"type":"Feature","properties":{"kind":"park","osmId":"way/1286524273"},"geometry":{"type":"Polygon","coordinates":[[[121.577421,31.205396],[121.57741,31.205079],[121.578634,31.205242],[121.578569,31.205559],[121.577421,31.205396]]]}},{"type":"Feature","properties":{"kind":"park","osmId":"way/1286524277"},"geometry":{"type":"Polygon","coordinates":[[[121.577846,31.203482],[121.575574,31.203152],[121.575278,31.203294],[121.575182,31.203675],[121.577843,31.203688],[121.577846,31.203482]]]}},{"type":"Feature","properties":{"kind":"road","osmId":"way/1289465426","roadClass":"residential"},"geometry":{"type":"LineString","coordinates":[[121.630245,31.224109],[121.628657,31.223884],[121.628378,31.224925],[121.628303,31.225627],[121.632766,31.226387]]}},{"type":"Feature","properties":{"kind":"road","osmId":"way/1289465427","roadClass":"residential"},"geometry":{"type":"LineString","coordinates":[[121.629842,31.225912],[121.629987,31.225315],[121.629896,31.225178],[121.630041,31.225077],[121.630298,31.223878]]}},{"type":"Feature","properties":{"kind":"road","osmId":"way/1289465428","roadClass":"residential"},"geometry":{"type":"LineString","coordinates":[[121.631762,31.226228],[121.632138,31.224508],[121.632224,31.22426],[121.632379,31.224132],[121.632356,31.223995]]}},{"type":"Feature","properties":{"kind":"road","osmId":"way/1289465430","roadClass":"residential"},"geometry":{"type":"LineString","coordinates":[[121.630846,31.218301],[121.63025,31.220154],[121.63039,31.220289]]}},{"type":"Feature","properties":{"kind":"road","osmId":"way/1289465431","roadClass":"residential"},"geometry":{"type":"LineString","coordinates":[[121.629998,31.218966],[121.629338,31.218943],[121.629333,31.219635],[121.629773,31.219599],[121.630046,31.218952],[121.631017,31.219181],[121.632138,31.219177]]}},{"type":"Feature","properties":{"kind":"road","osmId":"way/1289465432","roadClass":"residential"},"geometry":{"type":"LineString","coordinates":[[121.633029,31.218966],[121.631007,31.218956],[121.630765,31.219067]]}},{"type":"Feature","properties":{"kind":"road","osmId":"way/1290439810","name":"Huaxia Elevated Road","roadClass":"trunk"},"geometry":{"type":"LineString","coordinates":[[121.621161,31.186167],[121.623429,31.187296]]}},{"type":"Feature","properties":{"kind":"road","osmId":"way/1290439812","roadClass":"trunk"},"geometry":{"type":"LineString","coordinates":[[121.618876,31.19143],[121.618561,31.190403],[121.61832,31.188833]]}},{"type":"Feature","properties":{"kind":"road","osmId":"way/1290439813","name":"Middle Ring Road","roadClass":"trunk"},"geometry":{"type":"LineString","coordinates":[[121.618876,31.19143],[121.618327,31.187862]]}},{"type":"Feature","properties":{"kind":"road","osmId":"way/1290439831","name":"Huaxia Elevated Road","roadClass":"trunk"},"geometry":{"type":"LineString","coordinates":[[121.623323,31.187407],[121.621096,31.186267]]}},{"type":"Feature","properties":{"kind":"road","osmId":"way/1290456026","name":"Luoshan Road","roadClass":"primary"},"geometry":{"type":"LineString","coordinates":[[121.572195,31.204854],[121.571547,31.207491]]}},{"type":"Feature","properties":{"kind":"road","osmId":"way/1322051758","name":"Middle Gaoke Road","roadClass":"primary"},"geometry":{"type":"LineString","coordinates":[[121.580641,31.197341],[121.580586,31.197327]]}},{"type":"Feature","properties":{"kind":"road","osmId":"way/1322051759","name":"Middle Gaoke Road","roadClass":"primary"},"geometry":{"type":"LineString","coordinates":[[121.585494,31.198522],[121.580641,31.197341]]}},{"type":"Feature","properties":{"kind":"road","osmId":"way/1322051760","name":"Zhangheng Road","roadClass":"secondary"},"geometry":{"type":"LineString","coordinates":[[121.597121,31.191807],[121.596967,31.191771]]}},{"type":"Feature","properties":{"kind":"road","osmId":"way/1322051761","name":"Jinke Road","roadClass":"primary"},"geometry":{"type":"LineString","coordinates":[[121.596967,31.191771],[121.596973,31.191696]]}},{"type":"Feature","properties":{"kind":"road","osmId":"way/1322051776","name":"Jinke Road","roadClass":"primary"},"geometry":{"type":"LineString","coordinates":[[121.597127,31.191733],[121.597121,31.191807]]}},{"type":"Feature","properties":{"kind":"road","osmId":"way/1322051777","name":"Zhangheng Road","roadClass":"secondary"},"geometry":{"type":"LineString","coordinates":[[121.596973,31.191696],[121.597127,31.191733]]}},{"type":"Feature","properties":{"kind":"road","osmId":"way/1322051778","name":"Keyuan Road","roadClass":"tertiary"},"geometry":{"type":"LineString","coordinates":[[121.585494,31.198522],[121.585467,31.198398]]}},{"type":"Feature","properties":{"kind":"road","osmId":"way/1322051779","name":"Middle Gaoke Road","roadClass":"primary"},"geometry":{"type":"LineString","coordinates":[[121.580663,31.197239],[121.585467,31.198398]]}},{"type":"Feature","properties":{"kind":"road","osmId":"way/1322051780","name":"Middle Gaoke Road","roadClass":"primary"},"geometry":{"type":"LineString","coordinates":[[121.580604,31.197225],[121.580663,31.197239]]}},{"type":"Feature","properties":{"kind":"road","osmId":"way/1322051781","name":"Daerwen Road","roadClass":"tertiary"},"geometry":{"type":"LineString","coordinates":[[121.580586,31.197327],[121.580604,31.197225]]}},{"type":"Feature","properties":{"kind":"road","osmId":"way/1322807963","name":"Zhongke Road","roadClass":"tertiary"},"geometry":{"type":"LineString","coordinates":[[121.599758,31.181234],[121.598759,31.181131]]}},{"type":"Feature","properties":{"kind":"road","osmId":"way/1322807964","name":"Haiqu Road","roadClass":"residential"},"geometry":{"type":"LineString","coordinates":[[121.599414,31.1832],[121.599758,31.181234]]}},{"type":"Feature","properties":{"kind":"road","osmId":"way/1322807965","name":"Haike Road","roadClass":"residential"},"geometry":{"type":"LineString","coordinates":[[121.597779,31.183066],[121.599414,31.1832]]}},{"type":"Feature","properties":{"kind":"road","osmId":"way/1324405482","name":"Guoshoujing Road","roadClass":"tertiary"},"geometry":{"type":"LineString","coordinates":[[121.595318,31.213417],[121.595551,31.213471]]}},{"type":"Feature","properties":{"kind":"road","osmId":"way/1324405483","name":"Jinke Road","roadClass":"primary"},"geometry":{"type":"LineString","coordinates":[[121.594845,31.220077],[121.595318,31.213417]]}},{"type":"Feature","properties":{"kind":"road","osmId":"way/1324405484","name":"Jinke Road","roadClass":"primary"},"geometry":{"type":"LineString","coordinates":[[121.594077,31.227181],[121.594354,31.224747]]}},{"type":"Feature","properties":{"kind":"road","osmId":"way/1324405490","name":"Jinqiao Road","roadClass":"secondary"},"geometry":{"type":"LineString","coordinates":[[121.602979,31.22562],[121.604276,31.221978]]}},{"type":"Feature","properties":{"kind":"road","osmId":"way/1324405491","name":"Jinqiao Road","roadClass":"secondary"},"geometry":{"type":"LineString","coordinates":[[121.60432,31.222197],[121.603058,31.225644]]}},{"type":"Feature","properties":{"kind":"road","osmId":"way/1324405493","name":"Cuibai Road","roadClass":"residential"},"geometry":{"type":"LineString","coordinates":[[121.594471,31.224787],[121.596187,31.225413]]}},{"type":"Feature","properties":{"kind":"road","osmId":"way/1324405494","name":"Cuibai Road","roadClass":"residential"},"geometry":{"type":"LineString","coordinates":[[121.594354,31.224747],[121.594471,31.224787]]}},{"type":"Feature","properties":{"kind":"road","osmId":"way/1324405495","name":"Jinke Road","roadClass":"primary"},"geometry":{"type":"LineString","coordinates":[[121.594471,31.224787],[121.594196,31.227216]]}},{"type":"Feature","properties":{"kind":"road","osmId":"way/1324405496","name":"Jinke Road","roadClass":"primary"},"geometry":{"type":"LineString","coordinates":[[121.596044,31.20645],[121.595551,31.213471]]}},{"type":"Feature","properties":{"kind":"road","osmId":"way/1324405497","name":"Guoshoujing Road","roadClass":"tertiary"},"geometry":{"type":"LineString","coordinates":[[121.592561,31.212813],[121.595318,31.213417]]}},{"type":"Feature","properties":{"kind":"road","osmId":"way/1332569706","name":"Zhangjiang Road","roadClass":"secondary"},"geometry":{"type":"LineString","coordinates":[[121.624869,31.191309],[121.625261,31.190505]]}},{"type":"Feature","properties":{"kind":"road","osmId":"way/1332569707","name":"Shenjiang Road","roadClass":"primary"},"geometry":{"type":"LineString","coordinates":[[121.619454,31.195492],[121.61899,31.192713]]}},{"type":"Feature","properties":{"kind":"road","osmId":"way/1332569708","name":"Zhangheng Road","roadClass":"secondary"},"geometry":{"type":"LineString","coordinates":[[121.619062,31.195859],[121.619919,31.196014]]}},{"type":"Feature","properties":{"kind":"road","osmId":"way/1332569709","name":"Zhangheng Road","roadClass":"secondary"},"geometry":{"type":"LineString","coordinates":[[121.608239,31.193906],[121.610007,31.194226]]}},{"type":"Feature","properties":{"kind":"road","osmId":"way/1332569710","name":"Gebaini Road","roadClass":"tertiary"},"geometry":{"type":"LineString","coordinates":[[121.608231,31.193978],[121.608239,31.193906]]}},{"type":"Feature","properties":{"kind":"road","osmId":"way/1332569711","name":"Zhangheng Road","roadClass":"secondary"},"geometry":{"type":"LineString","coordinates":[[121.608231,31.193978],[121.604679,31.193338]]}},{"type":"Feature","properties":{"kind":"road","osmId":"way/1332569712","name":"Zhangheng Road","roadClass":"secondary"},"geometry":{"type":"LineString","coordinates":[[121.620557,31.196206],[121.619935,31.196106]]}},{"type":"Feature","properties":{"kind":"road","osmId":"way/1332569713","name":"Shenjiang Road","roadClass":"primary"},"geometry":{"type":"LineString","coordinates":[[121.619935,31.196106],[121.62,31.19644]]}},{"type":"Feature","properties":{"kind":"road","osmId":"way/1332569714","name":"Shenjiang Road","roadClass":"primary"},"geometry":{"type":"LineString","coordinates":[[121.618896,31.18965],[121.619151,31.191297]]}},{"type":"Feature","properties":{"kind":"road","osmId":"way/1332569715","name":"Zhongke Road","roadClass":"tertiary"},"geometry":{"type":"LineString","coordinates":[[121.618896,31.18965],[121.618481,31.189517]]}},{"type":"Feature","properties":{"kind":"road","osmId":"way/1332569716","name":"Zhongke Road","roadClass":"tertiary"},"geometry":{"type":"LineString","coordinates":[[121.624944,31.191319],[121.624869,31.191309]]}},{"type":"Feature","properties":{"kind":"road","osmId":"way/1332569717","name":"Zhongke Road","roadClass":"tertiary"},"geometry":{"type":"LineString","coordinates":[[121.626001,31.191445],[121.624944,31.191319]]}},{"type":"Feature","properties":{"kind":"road","osmId":"way/1332569718","name":"Zhangjiang Road","roadClass":"secondary"},"geometry":{"type":"LineString","coordinates":[[121.624944,31.191319],[121.624282,31.192689]]}},{"type":"Feature","properties":{"kind":"road","osmId":"way/1332752609","name":"Huamu Road","roadClass":"secondary"},"geometry":{"type":"LineString","coordinates":[[121.557347,31.215756],[121.569024,31.217588]]}},{"type":"Feature","properties":{"kind":"road","osmId":"way/1333198128","name":"Yijang Road","roadClass":"residential"},"geometry":{"type":"LineString","coordinates":[[121.624346,31.196883],[121.624371,31.196819]]}},{"type":"Feature","properties":{"kind":"road","osmId":"way/1333198129","name":"Zhangheng Road","roadClass":"secondary"},"geometry":{"type":"LineString","coordinates":[[121.624346,31.196883],[121.622913,31.196624]]}},{"type":"Feature","properties":{"kind":"road","osmId":"way/1336754115","name":"Middle Gaoke Road","roadClass":"primary"},"geometry":{"type":"LineString","coordinates":[[121.608077,31.200429],[121.601857,31.20042]]}},{"type":"Feature","properties":{"kind":"road","osmId":"way/1336754116","name":"Gebaini Road","roadClass":"tertiary"},"geometry":{"type":"LineString","coordinates":[[121.608092,31.200321],[121.608122,31.200429]]}},{"type":"Feature","properties":{"kind":"road","osmId":"way/1336754117","name":"Middle Gaoke Road","roadClass":"primary"},"geometry":{"type":"LineString","coordinates":[[121.601734,31.200315],[121.608092,31.200321]]}},{"type":"Feature","properties":{"kind":"road","osmId":"way/1337975165","name":"Yinliu Road","roadClass":"residential"},"geometry":{"type":"LineString","coordinates":[[121.601566,31.225187],[121.599267,31.22437]]}},{"type":"Feature","properties":{"kind":"road","osmId":"way/1337975167","name":"Zizhu Road","roadClass":"residential"},"geometry":{"type":"LineString","coordinates":[[121.598834,31.226586],[121.599267,31.22437]]}},{"type":"Feature","properties":{"kind":"road","osmId":"way/1338361227","name":"Zhangjiang Road","roadClass":"secondary"},"geometry":{"type":"LineString","coordinates":[[121.622066,31.196772],[121.620478,31.198554]]}},{"type":"Feature","properties":{"kind":"road","osmId":"way/1338361228","name":"Shenjiang Road","roadClass":"primary"},"geometry":{"type":"LineString","coordinates":[[121.62,31.19644],[121.620006,31.196483]]}},{"type":"Feature","properties":{"kind":"road","osmId":"way/1338361229","name":"Shenjiang Road","roadClass":"primary"},"geometry":{"type":"LineString","coordinates":[[121.619919,31.196014],[121.619935,31.196106]]}},{"type":"Feature","properties":{"kind":"road","osmId":"way/1338361230","name":"Zhangheng Road","roadClass":"secondary"},"geometry":{"type":"LineString","coordinates":[[121.619919,31.196014],[121.620575,31.196135]]}},{"type":"Feature","properties":{"kind":"road","osmId":"way/1338361231","name":"Middle Huaxia Road","roadClass":"primary"},"geometry":{"type":"LineString","coordinates":[[121.609581,31.180458],[121.604031,31.178283]]}},{"type":"Feature","properties":{"kind":"road","osmId":"way/1338361232","name":"Middle Huaxia Road","roadClass":"primary"},"geometry":{"type":"LineString","coordinates":[[121.6193,31.185287],[121.618432,31.184766]]}},{"type":"Feature","properties":{"kind":"road","osmId":"way/1338361233","name":"Shenjiang Road","roadClass":"primary"},"geometry":{"type":"LineString","coordinates":[[121.618432,31.184766],[121.618682,31.185999],[121.618605,31.187049]]}},{"type":"Feature","properties":{"kind":"road","osmId":"way/1338361244","name":"Shenjiang Road","roadClass":"primary"},"geometry":{"type":"LineString","coordinates":[[121.617905,31.1837],[121.617381,31.18034],[121.617102,31.179795],[121.61665,31.175875]]}},{"type":"Feature","properties":{"kind":"road","osmId":"way/1338361245","name":"Middle Huaxia Road","roadClass":"primary"},"geometry":{"type":"LineString","coordinates":[[121.617532,31.183912],[121.618012,31.184194]]}},{"type":"Feature","properties":{"kind":"road","osmId":"way/1338361247","name":"Middle Huaxia Road","roadClass":"primary"},"geometry":{"type":"LineString","coordinates":[[121.618012,31.184194],[121.619433,31.185016]]}},{"type":"Feature","properties":{"kind":"road","osmId":"way/1338361248","name":"Middle Huaxia Road","roadClass":"primary"},"geometry":{"type":"LineString","coordinates":[[121.604164,31.178003],[121.608654,31.179606],[121.609769,31.180138]]}},{"type":"Feature","properties":{"kind":"road","osmId":"way/1338361249","roadClass":"residential"},"geometry":{"type":"LineString","coordinates":[[121.609769,31.180138],[121.609581,31.180458]]}},{"type":"Feature","properties":{"kind":"road","osmId":"way/1338361250","name":"Jinke Road","roadClass":"primary"},"geometry":{"type":"LineString","coordinates":[[121.595866,31.206418],[121.596112,31.203254]]}},{"type":"Feature","properties":{"kind":"road","osmId":"way/1338361251","name":"Zuchongzhi Road","roadClass":"secondary"},"geometry":{"type":"LineString","coordinates":[[121.596044,31.20645],[121.595866,31.206418]]}},{"type":"Feature","properties":{"kind":"road","osmId":"way/1341597865","name":"Kehong Road","roadClass":"residential"},"geometry":{"type":"LineString","coordinates":[[121.61665,31.175875],[121.617071,31.175994]]}},{"type":"Feature","properties":{"kind":"road","osmId":"way/1360363342","name":"Shenjiang Road","roadClass":"primary"},"geometry":{"type":"LineString","coordinates":[[121.621082,31.216378],[121.621083,31.217851]]}},{"type":"Feature","properties":{"kind":"road","osmId":"way/1360363343","name":"Dangui Road","roadClass":"tertiary"},"geometry":{"type":"LineString","coordinates":[[121.62079,31.217804],[121.621083,31.217851]]}},{"type":"Feature","properties":{"kind":"road","osmId":"way/1360363347","name":"Zhangdong Road","roadClass":"secondary"},"geometry":{"type":"LineString","coordinates":[[121.628401,31.222238],[121.628424,31.220718]]}},{"type":"Feature","properties":{"kind":"road","osmId":"way/1363306945","roadClass":"residential"},"geometry":{"type":"LineString","coordinates":[[121.622864,31.214769],[121.622539,31.214772]]}},{"type":"Feature","properties":{"kind":"road","osmId":"way/1364906264","name":"Zhangheng Road","roadClass":"secondary"},"geometry":{"type":"LineString","coordinates":[[121.610007,31.194226],[121.612054,31.194602]]}},{"type":"Feature","properties":{"kind":"road","osmId":"way/1364906265","name":"Jinke Road","roadClass":"primary"},"geometry":{"type":"LineString","coordinates":[[121.59787,31.181863],[121.597853,31.182096]]}},{"type":"Feature","properties":{"kind":"road","osmId":"way/1417148069","roadClass":"residential"},"geometry":{"type":"LineString","coordinates":[[121.619629,31.208902],[121.619609,31.209488],[121.619779,31.209711],[121.619776,31.209884],[121.619601,31.210117],[121.619575,31.210506],[121.619389,31.210679],[121.619253,31.211043],[121.61903,31.211222],[121.618967,31.211514],[121.618678,31.211818],[121.618489,31.212326]]}},{"type":"Feature","properties":{"kind":"road","osmId":"way/1417148070","roadClass":"residential"},"geometry":{"type":"LineString","coordinates":[[121.619015,31.212767],[121.618489,31.212326],[121.61758,31.211973],[121.617677,31.211765],[121.617593,31.211096],[121.617673,31.210893],[121.618022,31.210539],[121.618275,31.209951],[121.618283,31.209643],[121.618091,31.209139],[121.618127,31.208823]]}},{"type":"Feature","properties":{"kind":"road","osmId":"way/1417148071","roadClass":"residential"},"geometry":{"type":"LineString","coordinates":[[121.620092,31.213062],[121.619258,31.212957]]}},{"type":"Feature","properties":{"kind":"road","osmId":"way/1417148072","roadClass":"residential"},"geometry":{"type":"LineString","coordinates":[[121.619258,31.212957],[121.619015,31.212767]]}},{"type":"Feature","properties":{"kind":"park","osmId":"way/1443220547","name":"鹏海绿地公园"},"geometry":{"type":"Polygon","coordinates":[[[121.566522,31.181837],[121.567104,31.180036],[121.563183,31.178601],[121.562078,31.180988],[121.566522,31.181837]]]}},{"type":"Feature","properties":{"kind":"road","osmId":"way/1470219893","roadClass":"unclassified"},"geometry":{"type":"LineString","coordinates":[[121.577904,31.191312],[121.579751,31.186095]]}},{"type":"Feature","properties":{"kind":"road","osmId":"way/1470219894","roadClass":"unclassified"},"geometry":{"type":"LineString","coordinates":[[121.580797,31.184296],[121.581118,31.183757]]}},{"type":"Feature","properties":{"kind":"road","osmId":"way/1470219895","roadClass":"unclassified"},"geometry":{"type":"LineString","coordinates":[[121.580187,31.185344],[121.580797,31.184296]]}},{"type":"Feature","properties":{"kind":"road","osmId":"way/1470219896","roadClass":"unclassified"},"geometry":{"type":"LineString","coordinates":[[121.579751,31.186095],[121.580187,31.185344]]}},{"type":"Feature","properties":{"kind":"road","osmId":"way/1471870556","name":"卓闻路","roadClass":"tertiary"},"geometry":{"type":"LineString","coordinates":[[121.615262,31.185426],[121.61487,31.184121],[121.615076,31.183301],[121.615358,31.182833]]}},{"type":"Feature","properties":{"kind":"road","osmId":"way/1471870557","roadClass":"tertiary"},"geometry":{"type":"LineString","coordinates":[[121.615227,31.185587],[121.615262,31.185426]]}},{"type":"Feature","properties":{"kind":"road","osmId":"way/1471870558","roadClass":"tertiary"},"geometry":{"type":"LineString","coordinates":[[121.608828,31.187385],[121.60922,31.187711],[121.611942,31.189362],[121.613568,31.190095],[121.614309,31.190297]]}},{"type":"Feature","properties":{"kind":"park","osmId":"way/1478822995"},"geometry":{"type":"Polygon","coordinates":[[[121.590493,31.177331],[121.590882,31.176969],[121.590824,31.176635],[121.590654,31.176631],[121.590723,31.176504],[121.591315,31.176876],[121.591314,31.177226],[121.590493,31.177331]]]}},{"type":"Feature","properties":{"kind":"park","osmId":"way/1478822996"},"geometry":{"type":"Polygon","coordinates":[[[121.589414,31.176434],[121.589798,31.176499],[121.589997,31.17633],[121.589735,31.1763],[121.589414,31.176434]]]}},{"type":"Feature","properties":{"kind":"waterway","osmId":"way/1488722467"},"geometry":{"type":"LineString","coordinates":[[121.605143,31.223343],[121.60575,31.223694],[121.606713,31.224052],[121.607624,31.224235],[121.608414,31.224812],[121.610297,31.225408],[121.61139,31.225289],[121.613056,31.225316]]}},{"type":"Feature","properties":{"kind":"road","osmId":"way/1488722469","roadClass":"residential"},"geometry":{"type":"LineString","coordinates":[[121.608174,31.227793],[121.608304,31.227494],[121.60835,31.22691],[121.60769,31.225006],[121.607732,31.224612],[121.608339,31.223015]]}},{"type":"Feature","properties":{"kind":"road","osmId":"way/1507145896","name":"Haike Road","roadClass":"tertiary"},"geometry":{"type":"LineString","coordinates":[[121.581241,31.1803],[121.578876,31.179336]]}},{"type":"Feature","properties":{"kind":"road","osmId":"way/1507145897","name":"Haike Road","roadClass":"tertiary"},"geometry":{"type":"LineString","coordinates":[[121.578913,31.179198],[121.581302,31.180196]]}},{"type":"Feature","properties":{"kind":"road","osmId":"way/1507145898","name":"Haike Road","roadClass":"tertiary"},"geometry":{"type":"LineString","coordinates":[[121.581302,31.180196],[121.581704,31.180351]]}},{"type":"Feature","properties":{"kind":"road","osmId":"way/1507145899","name":"Haike Road","roadClass":"tertiary"},"geometry":{"type":"LineString","coordinates":[[121.581788,31.180516],[121.581241,31.1803]]}},{"type":"Feature","properties":{"kind":"road","osmId":"way/1507145909","name":"Kehong Road","roadClass":"residential"},"geometry":{"type":"LineString","coordinates":[[121.61641,31.175843],[121.61665,31.175875]]}},{"type":"Feature","properties":{"kind":"road","osmId":"way/1507145910","name":"Kehong Road","roadClass":"residential"},"geometry":{"type":"LineString","coordinates":[[121.616021,31.175791],[121.61641,31.175843]]}},{"type":"Feature","properties":{"kind":"road","osmId":"way/1507145911","name":"Kehong Road","roadClass":"residential"},"geometry":{"type":"LineString","coordinates":[[121.617071,31.175994],[121.616405,31.17599]]}},{"type":"Feature","properties":{"kind":"road","osmId":"way/1507145912","name":"Kehong Road","roadClass":"residential"},"geometry":{"type":"LineString","coordinates":[[121.616405,31.17599],[121.616032,31.175913]]}},{"type":"Feature","properties":{"kind":"road","osmId":"way/1507145913","name":"Shenjiang Road","roadClass":"primary"},"geometry":{"type":"LineString","coordinates":[[121.616647,31.17577],[121.616637,31.175425]]}},{"type":"Feature","properties":{"kind":"road","osmId":"way/1507145914","name":"Shenjiang Road","roadClass":"primary"},"geometry":{"type":"LineString","coordinates":[[121.61665,31.175875],[121.616647,31.17577]]}},{"type":"Feature","properties":{"kind":"road","osmId":"way/1507145915","name":"Shenjiang Road","roadClass":"primary"},"geometry":{"type":"LineString","coordinates":[[121.617054,31.175855],[121.617071,31.175994]]}},{"type":"Feature","properties":{"kind":"road","osmId":"way/1507145916","name":"Shenjiang Road","roadClass":"primary"},"geometry":{"type":"LineString","coordinates":[[121.61701,31.175489],[121.617054,31.175855]]}},{"type":"Feature","properties":{"kind":"road","osmId":"way/1547991348","name":"Luoshan Road","roadClass":"primary"},"geometry":{"type":"LineString","coordinates":[[121.572746,31.202724],[121.572739,31.202753]]}},{"type":"Feature","properties":{"kind":"park","osmId":"way/1551963883","name":"AI Loop"},"geometry":{"type":"Polygon","coordinates":[[[121.604407,31.186575],[121.604504,31.186499],[121.606097,31.186678],[121.606901,31.187118],[121.607352,31.187609],[121.607507,31.187967],[121.607626,31.189036],[121.607543,31.189039],[121.607377,31.187991],[121.607016,31.187461],[121.606742,31.18723],[121.606034,31.186885],[121.604407,31.186575]]]}},{"type":"Feature","properties":{"kind":"water","osmId":"relation/2308823"},"geometry":{"type":"MultiPolygon","coordinates":[[[[121.59169,31.223311],[121.591374,31.223388],[121.591013,31.223718],[121.591082,31.224041],[121.59103,31.224334],[121.591571,31.224723],[121.591747,31.225217],[121.592953,31.225362],[121.592979,31.225127],[121.593168,31.224966],[121.593056,31.224452],[121.593374,31.224011],[121.593381,31.223781],[121.593003,31.22348],[121.592257,31.223311],[121.59169,31.223311]],[[121.592334,31.224911],[121.592386,31.224728],[121.592737,31.224735],[121.592961,31.224882],[121.592961,31.224999],[121.592703,31.225073],[121.592334,31.224911]],[[121.591717,31.22487],[121.591647,31.224713],[121.591879,31.22453],[121.592248,31.224786],[121.592223,31.224896],[121.592035,31.224988],[121.591717,31.22487]]]]}},{"type":"Feature","properties":{"kind":"water","osmId":"relation/3805253"},"geometry":{"type":"MultiPolygon","coordinates":[[[[121.592027,31.195849],[121.592625,31.195841],[121.592747,31.196166],[121.592893,31.196263],[121.592953,31.195028],[121.592746,31.19523],[121.592397,31.195334],[121.592303,31.19571],[121.59204,31.195728],[121.592027,31.195849]],[[121.592478,31.195613],[121.592454,31.195432],[121.59262,31.195342],[121.592478,31.195613]]]]}},{"type":"Feature","properties":{"kind":"water","osmId":"relation/6983584"},"geometry":{"type":"MultiPolygon","coordinates":[[[[121.629271,31.182448],[121.630107,31.182403],[121.630494,31.182219],[121.630665,31.182109],[121.630923,31.181668],[121.630944,31.181375],[121.630751,31.181265],[121.630472,31.181265],[121.630322,31.181494],[121.630129,31.181558],[121.629957,31.181448],[121.629657,31.181531],[121.629163,31.181466],[121.629056,31.182412],[121.629271,31.182448]],[[121.629838,31.182117],[121.630063,31.182145],[121.63046,31.182016],[121.630525,31.181732],[121.630417,31.181677],[121.630096,31.181759],[121.630074,31.181874],[121.629806,31.182021],[121.629838,31.182117]]]]}},{"type":"Feature","properties":{"kind":"water","osmId":"relation/6983679"},"geometry":{"type":"MultiPolygon","coordinates":[[[[121.590491,31.226183],[121.590695,31.225834],[121.590759,31.225477],[121.59062,31.225091],[121.590394,31.22499],[121.59003,31.225032],[121.589965,31.225316],[121.589483,31.225421],[121.589307,31.225295],[121.589182,31.225477],[121.589345,31.225606],[121.589235,31.225728],[121.589049,31.225735],[121.589056,31.225853],[121.589234,31.22582],[121.589448,31.22595],[121.589682,31.225882],[121.589709,31.22582],[121.589498,31.225706],[121.589656,31.225589],[121.590243,31.225926],[121.590491,31.226183]]]]}},{"type":"Feature","properties":{"kind":"water","osmId":"relation/11564074","name":"汇智湖"},"geometry":{"type":"MultiPolygon","coordinates":[[[[121.600671,31.204598],[121.600357,31.204515],[121.600064,31.204169],[121.599599,31.204198],[121.599369,31.204031],[121.599356,31.203912],[121.599597,31.203632],[121.599556,31.203256],[121.599932,31.202777],[121.600477,31.202735],[121.601166,31.202905],[121.601304,31.203086],[121.601335,31.2035],[121.601507,31.203607],[121.602033,31.203552],[121.603264,31.203668],[121.603414,31.203802],[121.602709,31.203763],[121.602194,31.203847],[121.60204,31.204058],[121.602049,31.2043],[121.601811,31.20444],[121.600671,31.204598]],[[121.599876,31.203002],[121.6001,31.202845],[121.600183,31.20297],[121.600114,31.203137],[121.599876,31.203002]],[[121.600661,31.202942],[121.600588,31.202798],[121.600815,31.202863],[121.600661,31.202942]],[[121.601686,31.204348],[121.601615,31.204178],[121.60175,31.204131],[121.601895,31.204215],[121.60184,31.20433],[121.601686,31.204348]]]]}}]}
